terminal id,9a944393-b638-4e45-a1ea-c58b39745ee3,,,,,,,
terminal name,Murundi04,,,,,,,
date,s1,s2,s3,s4,s5,s6,s7,s8
1/10/2018 15:31,19.5,64.87,3.82,0,0,0,0,0
1/10/2018 15:34,19.45,64.57,3.82,0,0,0,0,0
1/10/2018 15:34,20.45,60.57,3.82,0,0,0,0,0
1/10/2018 15:49,18.98,65.16,3.82,0,0,0,0,0
1/10/2018 16:04,18.92,65.63,3.82,0,0,0,0,0
1/10/2018 16:18,18.86,65.77,3.82,0,0,0,0,0
1/10/2018 16:33,18.93,64.89,3.81,0,0,0,0,0
1/10/2018 16:48,19.02,67.02,3.81,0,0,0,0,0
1/10/2018 17:02,19.12,66.69,3.81,0,0,0,0,0
1/10/2018 17:17,19.13,65.06,3.81,0,0,0,0,0
1/10/2018 17:32,19.04,66.97,3.82,0,0,0,0,0
1/10/2018 17:46,18.96,66.92,3.81,0,0,0,0,0
1/10/2018 18:01,18.91,67.2,3.82,0,0,0,0,0
1/10/2018 18:16,18.92,68.33,3.82,0,0,0,0,0
1/10/2018 18:31,18.83,68.31,3.82,0,0,0,0,0
1/10/2018 19:00,18.72,69.67,3.82,0,0,0,0,0
1/10/2018 19:15,18.74,69.72,3.82,0,0,0,0,0
1/10/2018 19:29,18.78,70.37,3.82,0,0,0,0,0
1/10/2018 19:44,18.82,70.74,3.82,0,0,0,0,0
1/10/2018 19:59,18.86,71.19,3.82,0,0,0,0,0
1/10/2018 20:13,18.89,70.56,3.82,0,0,0,0,0
1/10/2018 20:28,18.89,69.95,3.81,0,0,0,0,0
1/10/2018 20:43,18.9,69.64,3.82,0,0,0,0,0
1/10/2018 20:58,18.89,69.7,3.81,0,0,0,0,0
1/10/2018 21:27,18.89,69.86,3.82,0,0,0,0,0
1/10/2018 21:56,18.87,70.22,3.81,0,0,0,0,0
1/10/2018 22:11,18.86,70.49,3.81,0,0,0,0,0
1/10/2018 22:40,18.84,70.24,3.81,0,0,0,0,0
1/10/2018 22:55,18.82,70.21,3.81,0,0,0,0,0
1/10/2018 23:10,18.78,69.9,3.81,0,0,0,0,0
1/10/2018 23:54,18.68,70.24,3.81,0,0,0,0,0
1/11/2018 0:23,18.62,70.28,3.81,0,0,0,0,0
1/11/2018 0:38,18.58,70.53,3.81,0,0,0,0,0
1/11/2018 0:53,18.56,70.71,3.81,0,0,0,0,0
1/11/2018 1:07,18.54,70.9,3.81,0,0,0,0,0
1/11/2018 1:22,18.52,71.07,3.81,0,0,0,0,0
1/11/2018 1:37,18.49,71.26,3.81,0,0,0,0,0
1/11/2018 2:21,18.46,71.33,3.81,0,0,0,0,0
1/11/2018 2:50,18.43,70.96,3.81,0,0,0,0,0
1/11/2018 3:05,18.4,71.02,3.81,0,0,0,0,0
1/11/2018 3:20,18.39,70.98,3.81,0,0,0,0,0
1/11/2018 3:49,18.36,71.17,3.81,0,0,0,0,0
1/11/2018 4:04,18.35,71.17,3.81,0,0,0,0,0
1/11/2018 4:18,18.33,71.39,3.81,0,0,0,0,0
1/11/2018 4:48,18.31,71.74,3.81,0,0,0,0,0
1/11/2018 5:17,18.28,71.38,3.81,0,0,0,0,0
1/11/2018 5:32,18.27,71.62,3.81,0,0,0,0,0
1/11/2018 5:46,18.29,72.04,3.81,0,0,0,0,0
1/11/2018 6:01,18.3,69.56,3.81,0,0,0,0,0
1/11/2018 6:16,18.33,67.97,3.81,0,0,0,0,0
1/11/2018 6:31,18.39,72.63,3.8,0,0,0,0,0
1/11/2018 6:45,18.45,73.26,3.8,0,0,0,0,0
1/11/2018 7:00,18.29,70.69,3.81,0,0,0,0,0
1/11/2018 7:15,17.62,72.42,3.81,0,0,0,0,0
1/11/2018 7:29,19.45,66.55,3.81,0,0,0,0,0
1/11/2018 7:59,18.79,72.49,3.81,0,0,0,0,0
1/11/2018 8:13,19.05,73.84,3.77,0,0,0,0,0
1/11/2018 8:43,19.81,74.61,3.81,0,0,0,0,0
1/11/2018 8:58,20.16,74.95,3.81,0,0,0,0,0
1/11/2018 9:12,20.5,74.91,3.75,0,0,0,0,0
1/11/2018 9:27,21.12,77.68,3.81,0,0,0,0,0
1/11/2018 14:51,23.11,65.89,3.8,0,0,0,0,0
1/11/2018 15:24,24.44,62.9,4.02,0,0,0,0,0
1/11/2018 16:17,23.64,65.25,4.02,0,0,0,0,0
1/11/2018 16:31,23.4,69.59,4.01,0,0,0,0,0
1/11/2018 16:46,22.74,66.98,4.01,0,0,0,0,0
1/11/2018 17:01,20.86,73.35,4.01,0,0,0,0,0
1/11/2018 17:15,19.94,76.96,4.01,0,0,0,0,0
1/11/2018 17:30,19.72,78.23,4.01,0,0,0,0,0
1/11/2018 17:45,19.72,78.15,4.01,0,0,0,0,0
1/11/2018 17:59,19.66,77.88,4.01,0,0,0,0,0
1/11/2018 18:14,19.76,75.03,4.01,0,0,0,0,0
1/11/2018 18:29,19.71,76.41,4.01,0,0,0,0,0
1/11/2018 18:43,19.49,77.73,4.01,0,0,0,0,0
1/11/2018 18:58,19.52,78.08,4.01,0,0,0,0,0
1/11/2018 19:13,19.33,79.68,4.01,0,0,0,0,0
1/11/2018 19:27,19.07,81.37,4.01,0,0,0,0,0
1/11/2018 19:42,19,79.97,4.01,0,0,0,0,0
1/11/2018 19:57,19.17,77.54,4.01,0,0,0,0,0
1/11/2018 20:11,19.28,76.8,4.01,0,0,0,0,0
1/11/2018 20:26,19.28,75.47,4.01,0,0,0,0,0
1/11/2018 20:41,19.17,75.45,4.01,0,0,0,0,0
1/11/2018 20:55,19.14,77.66,4.01,0,0,0,0,0
1/11/2018 21:10,19.11,76.89,4.01,0,0,0,0,0
1/11/2018 21:25,18.86,78.98,4.01,0,0,0,0,0
1/11/2018 21:39,18.78,81.3,4.01,0,0,0,0,0
1/11/2018 21:54,18.82,80.09,4.01,0,0,0,0,0
1/11/2018 22:09,18.88,81.4,4.01,0,0,0,0,0
1/11/2018 22:23,18.76,82.46,4.01,0,0,0,0,0
1/11/2018 22:38,18.56,83.81,4.01,0,0,0,0,0
1/11/2018 22:53,18.2,85.01,4.01,0,0,0,0,0
1/11/2018 23:07,18,85.45,4.01,0,0,0,0,0
1/11/2018 23:22,17.92,85.14,4.01,0,0,0,0,0
1/11/2018 23:36,17.9,85.19,4.01,0,0,0,0,0
1/11/2018 23:51,17.88,85.88,4.01,0,0,0,0,0
1/12/2018 0:06,17.86,85.42,4.01,0,0,0,0,0
1/12/2018 0:21,17.87,85.54,4.01,0,0,0,0,0
1/12/2018 0:35,17.76,86.7,4.01,0,0,0,0,0
1/12/2018 0:50,17.44,88.39,4.01,0,0,0,0,0
1/12/2018 1:04,17.35,89.44,4.01,0,0,0,0,0
1/12/2018 1:19,17.24,89.72,4.01,0,0,0,0,0
1/12/2018 1:34,17.33,88.93,4.01,0,0,0,0,0
1/12/2018 1:48,17.41,88.99,4.01,0,0,0,0,0
1/12/2018 2:18,17.43,90.02,4.01,0,0,0,0,0
1/12/2018 2:32,17.39,90.8,4.01,0,0,0,0,0
1/12/2018 2:47,17.42,90.25,4.01,0,0,0,0,0
1/12/2018 3:02,17.38,90.31,4.01,0,0,0,0,0
1/12/2018 3:16,17.35,90.14,4.01,0,0,0,0,0
1/12/2018 3:31,17.24,89.88,4.01,0,0,0,0,0
1/12/2018 3:46,17.08,90.07,4.01,0,0,0,0,0
1/12/2018 4:00,17.17,89.63,4.01,0,0,0,0,0
1/12/2018 4:15,17.18,89.31,4.01,0,0,0,0,0
1/12/2018 4:30,17.22,89.62,4.01,0,0,0,0,0
1/12/2018 4:44,17.4,89.83,4.01,0,0,0,0,0
1/12/2018 4:59,17.68,89.66,4.01,0,0,0,0,0
1/12/2018 5:14,18.03,88.77,4.01,0,0,0,0,0
1/12/2018 5:43,18.72,86.78,4.01,0,0,0,0,0
1/12/2018 5:58,18.88,86.68,4.01,0,0,0,0,0
1/12/2018 6:12,19.34,84.85,4.01,0,0,0,0,0
1/12/2018 6:27,19.9,81.42,4.01,0,0,0,0,0
1/12/2018 6:42,20.07,81.96,4.01,0,0,0,0,0
1/12/2018 6:57,19.48,85.16,4.01,0,0,0,0,0
1/12/2018 7:11,18.14,87.94,4.01,0,0,0,0,0
1/12/2018 7:26,17.4,85.68,4.01,0,0,0,0,0
1/12/2018 7:40,16.43,87.43,4.01,0,0,0,0,0
1/12/2018 7:55,16.06,91.6,4.01,0,0,0,0,0
1/12/2018 8:10,16.22,93.29,4.01,0,0,0,0,0
1/12/2018 8:24,16.59,91.78,4.01,0,0,0,0,0
1/12/2018 8:39,16.63,92.27,4.01,0,0,0,0,0
1/12/2018 8:54,16.6,93.36,4.01,0,0,0,0,0
1/12/2018 9:08,16.66,93.32,4.01,0,0,0,0,0
1/12/2018 9:23,16.81,94.14,4.01,0,0,0,0,0
1/12/2018 9:38,17.02,94.22,4.01,0,0,0,0,0
1/12/2018 10:07,17.22,93.76,4.01,0,0,0,0,0
1/12/2018 10:22,17.85,92.24,4,0,0,0,0,0
1/12/2018 10:36,18.6,89.85,4.01,0,0,0,0,0
1/12/2018 10:51,19.28,86.77,4,0,0,0,0,0
1/12/2018 11:06,19.88,83.36,4,0,0,0,0,0
1/12/2018 11:35,22.73,72.75,4,0,0,0,0,0
1/12/2018 11:50,23.28,69,4,0,0,0,0,0
1/12/2018 12:05,22.5,73.67,4,0,0,0,0,0
1/12/2018 12:19,22.32,70.38,4,0,0,0,0,0
1/12/2018 12:34,21.85,72.77,4,0,0,0,0,0
1/12/2018 12:49,21.98,75.07,4,0,0,0,0,0
1/12/2018 13:03,22.25,74.63,4,0,0,0,0,0
1/12/2018 13:18,23.07,68.36,4,0,0,0,0,0
1/12/2018 13:33,23.68,65.47,3.99,0,0,0,0,0
1/12/2018 13:47,24.39,65.03,3.99,0,0,0,0,0
1/12/2018 14:02,25.15,60.68,3.99,0,0,0,0,0
1/12/2018 14:17,25.39,59.4,3.99,0,0,0,0,0
1/12/2018 14:31,24.33,63.06,3.99,0,0,0,0,0
1/12/2018 14:46,22.68,72.57,3.99,0,0,0,0,0
1/12/2018 15:01,22.02,74.94,4,0,0,0,0,0
1/12/2018 15:15,21.52,72.24,3.99,0,0,0,0,0
1/12/2018 15:30,21.05,74.37,4,0,0,0,0,0
1/12/2018 15:45,20.42,76.74,3.99,0,0,0,0,0
1/12/2018 15:59,19.94,79.29,4,0,0,0,0,0
1/12/2018 17:27,16.99,91.06,4,0,0,0,0,0
1/12/2018 17:42,16.84,91.28,3.99,0,0,0,0,0
1/12/2018 17:56,16.88,90.87,3.99,0,0,0,0,0
1/12/2018 18:11,16.89,90.33,3.99,0,0,0,0,0
1/12/2018 18:26,16.74,90.71,3.99,0,0,0,0,0
1/12/2018 18:40,16.46,92.08,3.99,0,0,0,0,0
1/12/2018 18:55,16.4,92.56,3.99,0,0,0,0,0
1/12/2018 19:10,16.52,92.53,3.99,0,0,0,0,0
1/12/2018 19:24,16.45,92.6,3.99,0,0,0,0,0
1/12/2018 19:39,16.44,92.03,3.99,0,0,0,0,0
1/12/2018 19:54,16.4,91.91,3.99,0,0,0,0,0
1/12/2018 20:08,16.22,92.36,3.99,0,0,0,0,0
1/12/2018 20:23,16.26,92.32,3.99,0,0,0,0,0
1/12/2018 20:38,16.3,92.47,3.99,0,0,0,0,0
1/12/2018 20:52,16.13,92.41,3.99,0,0,0,0,0
1/12/2018 21:07,15.93,93.53,3.99,0,0,0,0,0
1/12/2018 21:22,15.71,93.98,3.99,0,0,0,0,0
1/12/2018 21:36,15.57,93.97,3.99,0,0,0,0,0
1/12/2018 21:51,15.26,94.7,3.99,0,0,0,0,0
1/12/2018 22:05,15.32,95.38,3.99,0,0,0,0,0
1/12/2018 22:20,15.56,94.09,3.99,0,0,0,0,0
1/12/2018 22:35,15.46,94.46,3.99,0,0,0,0,0
1/12/2018 22:49,15.5,93.86,3.99,0,0,0,0,0
1/12/2018 23:04,15.6,93.67,3.99,0,0,0,0,0
1/12/2018 23:19,15.42,93.95,3.99,0,0,0,0,0
1/12/2018 23:33,15.68,93.69,3.99,0,0,0,0,0
1/12/2018 23:48,15.42,94.54,3.99,0,0,0,0,0
1/13/2018 0:03,15.35,94.61,3.99,0,0,0,0,0
1/13/2018 0:17,15.3,94.42,3.99,0,0,0,0,0
1/13/2018 0:32,15.13,94.85,3.99,0,0,0,0,0
1/13/2018 0:47,15.25,94.79,3.99,0,0,0,0,0
1/13/2018 1:01,15.29,94.07,3.99,0,0,0,0,0
1/13/2018 1:16,15.37,94.09,3.99,0,0,0,0,0
1/13/2018 1:31,15.56,93.15,3.99,0,0,0,0,0
1/13/2018 1:45,15.59,92.78,3.99,0,0,0,0,0
1/13/2018 2:00,15.49,93.42,3.99,0,0,0,0,0
1/13/2018 2:15,15.4,94.36,3.99,0,0,0,0,0
1/13/2018 2:29,15.4,94.71,3.99,0,0,0,0,0
1/13/2018 2:44,15.48,94.38,3.99,0,0,0,0,0
1/13/2018 2:58,15.59,94.69,3.99,0,0,0,0,0
1/13/2018 3:13,15.69,94.85,3.99,0,0,0,0,0
1/13/2018 3:28,15.96,94.16,3.98,0,0,0,0,0
1/13/2018 3:43,16.11,93.67,3.99,0,0,0,0,0
1/13/2018 3:57,16.18,93.6,3.98,0,0,0,0,0
1/13/2018 4:12,15.97,94.14,3.99,0,0,0,0,0
1/13/2018 4:26,15.86,94.68,3.98,0,0,0,0,0
1/13/2018 4:41,15.92,94.5,3.98,0,0,0,0,0
1/13/2018 4:56,16.09,94.5,3.99,0,0,0,0,0
1/13/2018 5:10,16.66,93.95,3.98,0,0,0,0,0
1/13/2018 5:25,17.16,92.54,3.98,0,0,0,0,0
1/13/2018 5:40,17.38,91.02,3.98,0,0,0,0,0
1/13/2018 5:54,17.82,87.82,3.98,0,0,0,0,0
1/13/2018 6:09,18.68,84.97,3.98,0,0,0,0,0
1/13/2018 6:24,19.18,82.85,3.98,0,0,0,0,0
1/13/2018 6:38,19.15,82.77,3.98,0,0,0,0,0
1/13/2018 6:53,19.6,81.3,3.98,0,0,0,0,0
1/13/2018 7:08,19.69,83.21,3.98,0,0,0,0,0
1/13/2018 7:22,19.39,83.65,3.98,0,0,0,0,0
1/13/2018 7:37,19.34,83.17,3.98,0,0,0,0,0
1/13/2018 7:52,19.66,84.16,3.98,0,0,0,0,0
1/13/2018 8:06,19.54,83.56,3.98,0,0,0,0,0
1/13/2018 8:21,19.93,82.52,3.98,0,0,0,0,0
1/13/2018 8:36,19.98,82.26,3.98,0,0,0,0,0
1/13/2018 8:50,20.12,82.92,3.98,0,0,0,0,0
1/13/2018 9:05,20.24,83.49,3.98,0,0,0,0,0
1/13/2018 9:20,20.4,81.91,3.98,0,0,0,0,0
1/13/2018 9:34,20.29,82.19,3.98,0,0,0,0,0
1/13/2018 9:49,20.16,80.88,3.98,0,0,0,0,0
1/15/2018 2:37,16.25,94.67,3.96,0,0,0,0,0
1/15/2018 2:52,16.24,94.91,3.96,0,0,0,0,0
1/15/2018 3:06,16.2,94.71,3.96,0,0,0,0,0
1/15/2018 3:21,16.24,94.49,3.96,0,0,0,0,0
1/15/2018 3:36,16.2,94.49,3.95,0,0,0,0,0
1/15/2018 4:05,16.13,94.29,3.95,0,0,0,0,0
1/15/2018 4:20,16.16,93.99,3.96,0,0,0,0,0
1/15/2018 4:34,16.14,94.07,3.95,0,0,0,0,0
1/15/2018 4:49,16.17,93.9,3.95,0,0,0,0,0
1/15/2018 5:04,16.28,93.71,3.95,0,0,0,0,0
1/15/2018 5:18,16.33,93.51,3.95,0,0,0,0,0
1/15/2018 5:33,16.46,93.27,3.95,0,0,0,0,0
1/15/2018 5:48,16.46,93.05,3.95,0,0,0,0,0
1/15/2018 6:02,16.48,92.79,3.95,0,0,0,0,0
1/15/2018 6:17,16.59,92.18,3.95,0,0,0,0,0
1/15/2018 6:32,16.54,93.01,3.95,0,0,0,0,0
1/15/2018 6:46,16.62,92.8,3.95,0,0,0,0,0
1/15/2018 7:01,16.8,92.94,3.95,0,0,0,0,0
1/15/2018 7:16,17.09,91.59,3.95,0,0,0,0,0
1/15/2018 7:30,17.33,89.53,3.95,0,0,0,0,0
1/15/2018 7:45,17.4,89.22,3.95,0,0,0,0,0
1/15/2018 8:00,17.62,90.16,3.95,0,0,0,0,0
1/15/2018 8:14,17.64,91.59,3.95,0,0,0,0,0
1/15/2018 8:29,17.67,92.26,3.95,0,0,0,0,0
1/15/2018 8:44,18.09,89.86,3.95,0,0,0,0,0
1/15/2018 8:58,18.7,88.19,3.95,0,0,0,0,0
1/15/2018 9:13,19.31,84.53,3.95,0,0,0,0,0
1/15/2018 9:28,20.08,81.49,3.95,0,0,0,0,0
1/15/2018 9:42,20.87,78.39,3.95,0,0,0,0,0
1/15/2018 9:57,21.52,74.35,3.95,0,0,0,0,0
1/15/2018 10:26,21.89,71.17,3.95,0,0,0,0,0
1/15/2018 10:41,22.6,70.23,3.95,0,0,0,0,0
1/15/2018 10:56,23.26,65.57,3.95,0,0,0,0,0
1/15/2018 11:11,24.42,60.68,3.95,0,0,0,0,0
1/15/2018 11:25,25.35,57.06,3.95,0,0,0,0,0
1/15/2018 11:40,25.08,59.08,3.95,0,0,0,0,0
1/15/2018 11:55,25.27,58.59,3.95,0,0,0,0,0
1/15/2018 12:09,25.42,60.05,3.95,0,0,0,0,0
1/15/2018 12:24,25.72,60.19,3.95,0,0,0,0,0
1/15/2018 12:39,25.45,59.87,3.95,0,0,0,0,0
1/15/2018 12:53,25.06,57.11,3.95,0,0,0,0,0
1/15/2018 13:08,24.96,57.93,3.95,0,0,0,0,0
1/15/2018 13:23,25.1,54.53,3.95,0,0,0,0,0
1/15/2018 13:37,25.58,56.01,3.95,0,0,0,0,0
1/15/2018 13:52,26.28,56.08,3.94,0,0,0,0,0
1/15/2018 14:07,25.8,57.47,3.94,0,0,0,0,0
1/15/2018 14:21,25.38,56.88,3.94,0,0,0,0,0
1/15/2018 14:36,24.87,60.72,3.94,0,0,0,0,0
1/15/2018 14:51,24.77,59.04,3.95,0,0,0,0,0
1/15/2018 15:05,24.1,61.68,3.94,0,0,0,0,0
1/15/2018 15:20,23.44,69.03,3.95,0,0,0,0,0
1/15/2018 15:34,22.92,71.72,3.94,0,0,0,0,0
1/15/2018 15:49,22.34,71.62,3.94,0,0,0,0,0
1/15/2018 16:04,21.53,74.54,3.95,0,0,0,0,0
1/15/2018 16:18,21.07,75.4,3.94,0,0,0,0,0
1/15/2018 16:33,20.84,76.98,3.94,0,0,0,0,0
1/15/2018 16:48,20.44,70.57,3.94,0,0,0,0,0
1/15/2018 17:17,19,78.88,3.94,0,0,0,0,0
1/15/2018 17:32,17.86,87.44,3.95,0,0,0,0,0
1/15/2018 17:46,16.93,91.48,3.94,0,0,0,0,0
1/15/2018 18:01,16.96,91.46,3.95,0,0,0,0,0
1/15/2018 18:16,16.89,91.58,3.94,0,0,0,0,0
1/15/2018 18:30,16.84,91.57,3.94,0,0,0,0,0
1/15/2018 18:45,16.98,90.86,3.94,0,0,0,0,0
1/15/2018 19:00,17.11,90.96,3.94,0,0,0,0,0
1/15/2018 19:14,17.01,91.73,3.94,0,0,0,0,0
1/15/2018 19:29,16.83,92.47,3.94,0,0,0,0,0
1/15/2018 19:44,16.62,93.47,3.94,0,0,0,0,0
1/15/2018 19:58,16.45,93.54,3.94,0,0,0,0,0
1/15/2018 20:13,16.37,93.62,3.94,0,0,0,0,0
1/15/2018 20:27,16.22,93.9,3.94,0,0,0,0,0
1/15/2018 20:42,15.96,94.33,3.94,0,0,0,0,0
1/15/2018 20:57,15.83,94.99,3.94,0,0,0,0,0
1/15/2018 21:11,15.83,95.37,3.94,0,0,0,0,0
1/15/2018 21:26,15.85,94.26,3.94,0,0,0,0,0
1/15/2018 21:41,15.88,94.49,3.94,0,0,0,0,0
1/15/2018 21:55,16.06,94.36,3.94,0,0,0,0,0
1/15/2018 22:10,16.21,93.65,3.94,0,0,0,0,0
1/15/2018 22:25,15.96,94.83,3.94,0,0,0,0,0
1/15/2018 22:39,15.8,95.33,3.94,0,0,0,0,0
1/15/2018 22:54,15.72,95.55,3.94,0,0,0,0,0
1/15/2018 23:09,15.93,93.84,3.94,0,0,0,0,0
1/15/2018 23:23,15.98,93.99,3.94,0,0,0,0,0
1/15/2018 23:38,15.82,94.86,3.94,0,0,0,0,0
1/15/2018 23:53,15.85,95.26,3.94,0,0,0,0,0
1/16/2018 0:07,15.92,95.13,3.94,0,0,0,0,0
1/16/2018 0:22,15.86,95.22,3.94,0,0,0,0,0
1/16/2018 0:37,15.91,95.54,3.94,0,0,0,0,0
1/16/2018 0:51,15.94,94.99,3.94,0,0,0,0,0
1/16/2018 1:06,16.02,95.18,3.94,0,0,0,0,0
1/16/2018 1:21,16.1,94.81,3.94,0,0,0,0,0
1/16/2018 1:35,16.2,94.31,3.94,0,0,0,0,0
1/16/2018 1:50,16.37,93.47,3.94,0,0,0,0,0
1/16/2018 2:05,16.37,92.98,3.94,0,0,0,0,0
1/16/2018 2:19,16.22,93.26,3.94,0,0,0,0,0
1/16/2018 2:34,16.09,94.08,3.94,0,0,0,0,0
1/16/2018 2:49,16.06,94.08,3.94,0,0,0,0,0
1/16/2018 3:03,16.16,93.33,3.94,0,0,0,0,0
1/16/2018 3:18,16.16,92.95,3.94,0,0,0,0,0
1/16/2018 3:33,16.11,93.18,3.94,0,0,0,0,0
1/16/2018 3:47,16.02,93.83,3.94,0,0,0,0,0
1/16/2018 4:02,15.99,93.83,3.94,0,0,0,0,0
1/16/2018 4:17,15.76,94.48,3.94,0,0,0,0,0
1/16/2018 4:31,15.86,94.18,3.94,0,0,0,0,0
1/16/2018 4:46,16.39,93.43,3.94,0,0,0,0,0
1/16/2018 5:01,16.97,92.1,3.94,0,0,0,0,0
1/16/2018 5:15,17.3,90.59,3.94,0,0,0,0,0
1/16/2018 5:30,17.8,89.09,3.94,0,0,0,0,0
1/16/2018 5:45,18.12,89.35,3.94,0,0,0,0,0
1/16/2018 5:59,18.43,87.72,3.94,0,0,0,0,0
1/16/2018 6:14,18.86,84.13,3.94,0,0,0,0,0
1/16/2018 6:29,19.23,84.73,3.94,0,0,0,0,0
1/16/2018 6:43,20.23,81.72,3.93,0,0,0,0,0
1/16/2018 6:58,20.49,81.11,3.94,0,0,0,0,0
1/16/2018 7:13,21.15,74.57,3.93,0,0,0,0,0
1/16/2018 7:27,21.68,75.92,3.93,0,0,0,0,0
1/16/2018 7:42,22.28,69.98,3.93,0,0,0,0,0
1/16/2018 7:57,23.17,72.22,3.94,0,0,0,0,0
1/16/2018 8:26,24.25,66.58,3.93,0,0,0,0,0
1/16/2018 8:41,24.88,63.27,3.93,0,0,0,0,0
1/16/2018 8:56,25.44,59.6,3.93,0,0,0,0,0
1/16/2018 9:10,25.37,57.25,3.93,0,0,0,0,0
1/16/2018 9:25,26.26,61.45,3.93,0,0,0,0,0
1/16/2018 9:40,26.87,56.1,3.93,0,0,0,0,0
1/16/2018 9:55,26.4,56.84,3.93,0,0,0,0,0
1/16/2018 10:09,26.5,57.36,3.93,0,0,0,0,0
1/16/2018 10:24,27.46,54.99,3.93,0,0,0,0,0
1/16/2018 10:39,26.53,51.97,3.93,0,0,0,0,0
1/16/2018 10:53,27.07,53.7,3.93,0,0,0,0,0
1/16/2018 11:08,27.36,46.75,3.93,0,0,0,0,0
1/16/2018 11:23,27.5,44.11,3.93,0,0,0,0,0
1/16/2018 11:37,27.95,44.19,3.93,0,0,0,0,0
1/16/2018 11:52,27.37,46.32,3.93,0,0,0,0,0
1/16/2018 12:07,26.47,51.32,3.93,0,0,0,0,0
1/16/2018 12:22,26.01,51.36,3.93,0,0,0,0,0
1/16/2018 12:36,26.8,47.83,3.93,0,0,0,0,0
1/16/2018 12:51,26.32,49.95,3.93,0,0,0,0,0
1/17/2018 1:48,16.36,87.46,3.92,0,0,0,0,0
1/17/2018 2:02,16.3,87.87,3.92,0,0,0,0,0
1/17/2018 2:32,15.86,88.26,3.92,0,0,0,0,0
1/17/2018 2:46,16,88.39,3.92,0,0,0,0,0
1/17/2018 3:01,16.08,87.94,3.92,0,0,0,0,0
1/17/2018 3:16,15.78,88.91,3.92,0,0,0,0,0
1/17/2018 3:30,15.51,90.3,3.92,0,0,0,0,0
1/17/2018 3:45,15.27,91.53,3.92,0,0,0,0,0
1/17/2018 3:59,15.24,91.75,3.92,0,0,0,0,0
1/17/2018 4:14,15.26,91.42,3.92,0,0,0,0,0
1/17/2018 4:29,15.6,89.93,3.92,0,0,0,0,0
1/17/2018 4:44,15.83,90.13,3.92,0,0,0,0,0
1/17/2018 4:58,16.26,88.66,3.92,0,0,0,0,0
1/17/2018 5:13,16.76,88.6,3.92,0,0,0,0,0
1/17/2018 5:28,17.38,88.23,3.92,0,0,0,0,0
1/17/2018 5:42,18.03,84.36,3.92,0,0,0,0,0
1/17/2018 5:57,18.98,80.96,3.92,0,0,0,0,0
1/17/2018 6:12,19.93,77.11,3.92,0,0,0,0,0
1/17/2018 6:26,20.61,73.55,3.92,0,0,0,0,0
1/17/2018 6:41,21.54,69.87,3.92,0,0,0,0,0
1/17/2018 6:56,21.99,70.43,3.92,0,0,0,0,0
1/17/2018 7:10,22.4,70.31,3.92,0,0,0,0,0
1/17/2018 7:25,22.84,68.55,3.92,0,0,0,0,0
1/17/2018 7:40,23.61,66.09,3.92,0,0,0,0,0
1/17/2018 7:54,24.4,61.85,3.92,0,0,0,0,0
1/17/2018 8:09,24.91,57.77,3.92,0,0,0,0,0
1/17/2018 8:24,25.66,58.86,3.92,0,0,0,0,0
1/17/2018 8:39,26.23,53.01,3.92,0,0,0,0,0
1/17/2018 8:53,26.48,51.16,3.92,0,0,0,0,0
1/17/2018 9:08,26.74,52.22,3.92,0,0,0,0,0
1/17/2018 9:23,27.4,48.16,3.92,0,0,0,0,0
1/17/2018 9:37,26.85,51.15,3.92,0,0,0,0,0
1/17/2018 9:52,26.97,46.54,3.92,0,0,0,0,0
1/17/2018 10:07,27.84,49.75,3.92,0,0,0,0,0
1/17/2018 10:21,27.21,46.03,3.92,0,0,0,0,0
1/17/2018 10:36,27.69,48.46,3.92,0,0,0,0,0
1/17/2018 10:51,28.77,46.42,3.92,0,0,0,0,0
1/17/2018 11:20,27.28,48.57,3.92,0,0,0,0,0
1/17/2018 11:35,27.91,45.59,3.92,0,0,0,0,0
1/17/2018 11:50,28.91,44.5,3.92,0,0,0,0,0
1/17/2018 12:04,29.19,41.01,3.92,0,0,0,0,0
1/17/2018 12:19,28.97,45.18,3.92,0,0,0,0,0
1/17/2018 12:34,29.05,43.1,3.92,0,0,0,0,0
1/17/2018 12:48,28.49,41.69,3.92,0,0,0,0,0
1/17/2018 13:03,27.74,42.82,3.92,0,0,0,0,0
1/17/2018 13:18,27.21,47.98,3.91,0,0,0,0,0
1/17/2018 13:32,26.61,44.7,3.91,0,0,0,0,0
1/17/2018 13:47,26.92,42.87,3.91,0,0,0,0,0
1/17/2018 14:01,26.99,42.27,3.92,0,0,0,0,0
1/17/2018 14:16,26.79,44.19,3.91,0,0,0,0,0
1/17/2018 14:31,26.24,45.89,3.92,0,0,0,0,0
1/17/2018 14:45,25.87,50.15,3.91,0,0,0,0,0
1/17/2018 15:00,25.43,54.48,3.91,0,0,0,0,0
1/17/2018 15:15,25.12,55.03,3.91,0,0,0,0,0
1/17/2018 15:29,24.43,58.98,3.91,0,0,0,0,0
1/17/2018 15:44,23.28,61.01,3.92,0,0,0,0,0
1/17/2018 15:59,22.7,63.07,3.91,0,0,0,0,0
1/17/2018 16:13,22.24,64.57,3.91,0,0,0,0,0
1/17/2018 16:28,22.16,62.92,3.91,0,0,0,0,0
1/17/2018 16:43,22.2,62.1,3.91,0,0,0,0,0
1/17/2018 16:57,22.15,64.12,3.92,0,0,0,0,0
1/17/2018 17:12,21.63,66.99,3.92,0,0,0,0,0
1/17/2018 17:27,20.62,72.12,3.91,0,0,0,0,0
1/17/2018 17:41,19.92,75.87,3.92,0,0,0,0,0
1/17/2018 17:56,18.06,87.21,3.91,0,0,0,0,0
1/17/2018 18:11,17.09,92.18,3.91,0,0,0,0,0
1/17/2018 18:25,16.89,93.12,3.91,0,0,0,0,0
1/17/2018 18:40,16.82,93.48,3.91,0,0,0,0,0
1/17/2018 18:55,16.72,93.65,3.91,0,0,0,0,0
1/17/2018 19:09,16.64,93.01,3.91,0,0,0,0,0
1/17/2018 19:24,16.64,93.32,3.91,0,0,0,0,0
1/17/2018 19:39,16.67,93.28,3.91,0,0,0,0,0
1/17/2018 19:53,16.62,92.86,3.91,0,0,0,0,0
1/17/2018 20:08,16.86,92.25,3.91,0,0,0,0,0
1/17/2018 20:23,16.9,92.18,3.91,0,0,0,0,0
1/17/2018 20:37,16.88,92.53,3.91,0,0,0,0,0
1/17/2018 20:52,17,90.74,3.91,0,0,0,0,0
1/17/2018 21:07,16.96,91.35,3.91,0,0,0,0,0
1/17/2018 21:21,17.02,90.01,3.91,0,0,0,0,0
1/17/2018 21:36,16.93,90.72,3.91,0,0,0,0,0
1/17/2018 21:50,16.92,90.7,3.91,0,0,0,0,0
1/17/2018 22:05,16.79,90.69,3.91,0,0,0,0,0
1/17/2018 22:20,16.68,91.46,3.91,0,0,0,0,0
1/17/2018 22:34,16.51,91.71,3.91,0,0,0,0,0
1/17/2018 22:49,16.23,92.9,3.91,0,0,0,0,0
1/17/2018 23:04,16.17,92.84,3.91,0,0,0,0,0
1/17/2018 23:18,16.09,92.68,3.91,0,0,0,0,0
1/17/2018 23:33,15.91,93.75,3.91,0,0,0,0,0
1/17/2018 23:48,15.98,93.9,3.91,0,0,0,0,0
1/18/2018 0:02,16.1,93.18,3.91,0,0,0,0,0
1/18/2018 0:17,15.84,93.07,3.91,0,0,0,0,0
1/18/2018 0:32,15.76,93.58,3.91,0,0,0,0,0
1/18/2018 0:46,15.73,93.92,3.9,0,0,0,0,0
1/18/2018 1:01,15.7,94.04,3.91,0,0,0,0,0
1/18/2018 1:16,15.62,94.41,3.9,0,0,0,0,0
1/18/2018 1:30,15.63,94.47,3.91,0,0,0,0,0
1/18/2018 1:45,15.5,95.21,3.9,0,0,0,0,0
1/18/2018 2:00,15.41,95.58,3.9,0,0,0,0,0
1/18/2018 2:14,15.35,95.82,3.9,0,0,0,0,0
1/18/2018 2:29,15.36,96.03,3.9,0,0,0,0,0
1/18/2018 2:44,15.38,96.12,3.9,0,0,0,0,0
1/18/2018 2:58,15.38,96.08,3.9,0,0,0,0,0
1/18/2018 3:13,15.37,96.25,3.9,0,0,0,0,0
1/18/2018 3:28,15.36,96.21,3.9,0,0,0,0,0
1/18/2018 3:42,15.44,96.19,3.9,0,0,0,0,0
1/18/2018 3:57,15.46,95.94,3.9,0,0,0,0,0
1/18/2018 4:12,15.54,96.06,3.9,0,0,0,0,0
1/18/2018 4:26,15.68,95.97,3.9,0,0,0,0,0
1/18/2018 4:41,16.21,95.66,3.9,0,0,0,0,0
1/18/2018 4:56,16.64,92.92,3.9,0,0,0,0,0
1/18/2018 5:10,16.92,92.34,3.9,0,0,0,0,0
1/18/2018 5:25,17.23,90.89,3.9,0,0,0,0,0
1/18/2018 5:40,17.22,90.87,3.9,0,0,0,0,0
1/18/2018 5:54,17.6,90.02,3.9,0,0,0,0,0
1/18/2018 6:24,17.81,88.94,3.9,0,0,0,0,0
1/18/2018 6:38,18.41,85.64,3.9,0,0,0,0,0
1/18/2018 6:53,18.96,86.06,3.9,0,0,0,0,0
1/18/2018 7:08,19.64,83.61,3.9,0,0,0,0,0
1/18/2018 7:22,20.08,84.15,3.9,0,0,0,0,0
1/18/2018 7:37,20.93,79.81,3.9,0,0,0,0,0
1/18/2018 7:52,21.22,77.32,3.9,0,0,0,0,0
1/18/2018 8:07,21.87,72.08,3.9,0,0,0,0,0
1/18/2018 8:21,22.21,69.04,3.9,0,0,0,0,0
1/18/2018 8:36,23.02,67.95,3.9,0,0,0,0,0
1/18/2018 8:51,23.49,65.02,3.9,0,0,0,0,0
1/18/2018 9:05,23.53,67.12,3.9,0,0,0,0,0
1/18/2018 9:20,24.19,66.22,3.9,0,0,0,0,0
1/18/2018 9:35,24.49,62.02,3.9,0,0,0,0,0
1/18/2018 9:50,25.36,64.04,3.9,0,0,0,0,0
1/18/2018 10:04,25.68,61.24,3.9,0,0,0,0,0
1/18/2018 10:19,25.82,58.55,3.9,0,0,0,0,0
1/18/2018 10:34,26.43,61.6,3.9,0,0,0,0,0
1/18/2018 10:48,27.04,53.54,3.9,0,0,0,0,0
1/18/2018 11:03,27.19,53.78,3.9,0,0,0,0,0
1/18/2018 11:18,27.67,49.08,3.9,0,0,0,0,0
1/18/2018 11:32,27.22,50.84,3.9,0,0,0,0,0
1/18/2018 11:47,27.62,47.93,3.9,0,0,0,0,0
1/18/2018 12:02,27.55,48.64,3.9,0,0,0,0,0
1/18/2018 12:16,27.6,43.21,3.9,0,0,0,0,0
1/18/2018 13:00,26.11,51.62,3.9,0,0,0,0,0
1/18/2018 13:15,27.39,50.18,3.9,0,0,0,0,0
1/18/2018 13:30,27.84,46.44,3.9,0,0,0,0,0
1/18/2018 13:44,27.65,47.74,3.9,0,0,0,0,0
1/18/2018 14:14,25.69,56.86,3.9,0,0,0,0,0
1/18/2018 14:28,24.83,59.04,3.9,0,0,0,0,0
1/18/2018 14:43,24.2,57.94,3.9,0,0,0,0,0
1/18/2018 14:58,23.69,57.46,3.9,0,0,0,0,0
1/18/2018 15:12,23.14,60.42,3.9,0,0,0,0,0
1/18/2018 15:27,22.78,55.02,3.9,0,0,0,0,0
1/18/2018 15:42,22.7,56.73,3.9,0,0,0,0,0
1/18/2018 15:56,22.22,60.31,3.9,0,0,0,0,0
1/18/2018 16:11,22.1,61.28,3.9,0,0,0,0,0
1/18/2018 16:26,21.88,65.33,3.9,0,0,0,0,0
1/18/2018 16:40,21.73,66.55,3.9,0,0,0,0,0
1/18/2018 16:55,21.21,71.63,3.9,0,0,0,0,0
1/18/2018 17:09,20.57,72.97,3.9,0,0,0,0,0
1/18/2018 17:24,20.15,76.07,3.9,0,0,0,0,0
1/18/2018 17:39,19.44,77.75,3.9,0,0,0,0,0
1/18/2018 17:53,19.09,78.77,3.9,0,0,0,0,0
1/18/2018 18:08,18.99,79.79,3.9,0,0,0,0,0
1/18/2018 18:23,18.96,80.04,3.9,0,0,0,0,0
1/18/2018 18:37,18.84,80.16,3.9,0,0,0,0,0
1/18/2018 18:52,18.54,81.2,3.9,0,0,0,0,0
1/18/2018 19:07,18.41,83.03,3.9,0,0,0,0,0
1/18/2018 19:21,18.56,82.81,3.9,0,0,0,0,0
1/18/2018 19:36,18.67,81.43,3.9,0,0,0,0,0
1/18/2018 19:51,18.29,83.88,3.9,0,0,0,0,0
1/18/2018 20:05,18.52,81.32,3.9,0,0,0,0,0
1/18/2018 20:20,18.34,82.04,3.9,0,0,0,0,0
1/18/2018 20:35,18.11,84.32,3.9,0,0,0,0,0
1/18/2018 20:49,18.28,84.71,3.9,0,0,0,0,0
1/18/2018 21:04,18.05,85.95,3.9,0,0,0,0,0
1/18/2018 21:19,18.06,86.53,3.9,0,0,0,0,0
1/18/2018 21:33,17.91,87.88,3.9,0,0,0,0,0
1/18/2018 21:48,17.45,88.2,3.9,0,0,0,0,0
1/18/2018 22:02,17.21,88.89,3.9,0,0,0,0,0
1/18/2018 22:17,17.16,89.14,3.9,0,0,0,0,0
1/18/2018 22:32,17.14,88.97,3.9,0,0,0,0,0
1/18/2018 22:46,17.1,89.48,3.9,0,0,0,0,0
1/18/2018 23:01,16.99,90.65,3.9,0,0,0,0,0
1/18/2018 23:16,17.15,89.67,3.9,0,0,0,0,0
1/18/2018 23:30,16.93,90.03,3.9,0,0,0,0,0
1/18/2018 23:45,16.8,90.33,3.9,0,0,0,0,0
1/19/2018 0:00,16.76,89.72,3.9,0,0,0,0,0
1/19/2018 0:14,16.47,91.52,3.9,0,0,0,0,0
1/19/2018 0:29,16.34,91.94,3.9,0,0,0,0,0
1/19/2018 0:44,16.45,90.84,3.9,0,0,0,0,0
1/19/2018 0:58,16.48,90.01,3.9,0,0,0,0,0
1/19/2018 1:13,16.29,89.8,3.9,0,0,0,0,0
1/19/2018 1:28,16.08,90.97,3.9,0,0,0,0,0
1/19/2018 1:42,16.14,90.53,3.9,0,0,0,0,0
1/19/2018 1:57,16.04,90.23,3.9,0,0,0,0,0
1/19/2018 2:12,16.12,89.79,3.9,0,0,0,0,0
1/19/2018 2:26,15.85,90.91,3.9,0,0,0,0,0
1/19/2018 2:41,15.71,91.6,3.9,0,0,0,0,0
1/19/2018 2:56,16.08,89.43,3.9,0,0,0,0,0
1/19/2018 3:10,16.06,88.82,3.89,0,0,0,0,0
1/19/2018 3:25,15.89,88.71,3.89,0,0,0,0,0
1/19/2018 3:39,15.74,89.47,3.89,0,0,0,0,0
1/19/2018 3:54,15.84,89.28,3.9,0,0,0,0,0
1/19/2018 4:09,15.77,90.21,3.89,0,0,0,0,0
1/19/2018 4:23,15.4,91.16,3.89,0,0,0,0,0
1/19/2018 4:38,15.48,91.18,3.89,0,0,0,0,0
1/19/2018 4:53,16.07,90.31,3.89,0,0,0,0,0
1/19/2018 5:07,16.52,89.61,3.89,0,0,0,0,0
1/19/2018 5:22,17.41,87.19,3.89,0,0,0,0,0
1/19/2018 5:37,17.73,85.95,3.89,0,0,0,0,0
1/19/2018 5:51,18.53,83.65,3.89,0,0,0,0,0
1/19/2018 6:06,19.46,81.5,3.89,0,0,0,0,0
1/19/2018 6:21,20.36,73.8,3.89,0,0,0,0,0
1/19/2018 6:36,21.18,74.01,3.89,0,0,0,0,0
1/19/2018 6:50,21.27,71.36,3.89,0,0,0,0,0
1/19/2018 7:05,21.6,68.1,3.89,0,0,0,0,0
1/19/2018 7:20,21.94,66.79,3.89,0,0,0,0,0
1/19/2018 7:34,22.52,68.52,3.89,0,0,0,0,0
1/19/2018 7:49,22.97,64.14,3.89,0,0,0,0,0
1/19/2018 8:19,25.03,55.15,3.89,0,0,0,0,0
1/19/2018 8:33,25.2,55.39,3.89,0,0,0,0,0
1/19/2018 8:48,26.23,58.18,3.89,0,0,0,0,0
1/19/2018 9:03,26.59,52.97,3.89,0,0,0,0,0
1/19/2018 9:32,26.49,51.93,3.89,0,0,0,0,0
1/19/2018 9:47,27.51,52.42,3.89,0,0,0,0,0
1/19/2018 10:02,25.61,58.12,3.89,0,0,0,0,0
1/19/2018 10:16,25.96,52.72,3.89,0,0,0,0,0
1/19/2018 10:31,26.1,53.41,3.89,0,0,0,0,0
1/19/2018 10:46,26.93,51.41,3.89,0,0,0,0,0
1/19/2018 11:00,27.6,50.99,3.89,0,0,0,0,0
1/19/2018 11:15,28.17,48.19,3.89,0,0,0,0,0
1/19/2018 11:30,28.69,42.69,3.89,0,0,0,0,0
1/19/2018 11:44,28.21,47.21,3.89,0,0,0,0,0
1/19/2018 11:59,27.81,44.84,3.89,0,0,0,0,0
1/19/2018 12:14,26.83,47.93,3.89,0,0,0,0,0
1/19/2018 12:28,26,49.81,3.89,0,0,0,0,0
1/19/2018 12:43,25.53,52.25,3.89,0,0,0,0,0
1/19/2018 12:58,25.04,52.76,3.89,0,0,0,0,0
1/19/2018 13:12,24.9,56.25,3.89,0,0,0,0,0
1/19/2018 13:27,24.85,55.06,3.89,0,0,0,0,0
1/19/2018 13:42,24.98,56.76,3.89,0,0,0,0,0
1/19/2018 13:56,25.04,57.02,3.89,0,0,0,0,0
1/19/2018 14:11,24.86,58.5,3.89,0,0,0,0,0
1/19/2018 14:26,24.9,57.71,3.89,0,0,0,0,0
1/19/2018 14:40,24.86,57.17,3.89,0,0,0,0,0
1/19/2018 14:55,24.46,57.55,3.89,0,0,0,0,0
1/19/2018 15:10,24.14,62.53,3.89,0,0,0,0,0
1/19/2018 15:24,23.68,62.33,3.89,0,0,0,0,0
1/19/2018 15:39,23.38,61.42,3.89,0,0,0,0,0
1/19/2018 15:54,22.99,63.17,3.89,0,0,0,0,0
1/19/2018 16:08,22.54,63.16,3.89,0,0,0,0,0
1/19/2018 16:23,22.58,60,3.89,0,0,0,0,0
1/19/2018 16:37,22.8,59.98,3.89,0,0,0,0,0
1/19/2018 16:52,22.44,68.99,3.89,0,0,0,0,0
1/19/2018 17:07,21.97,69.22,3.89,0,0,0,0,0
1/19/2018 17:21,21.4,72.49,3.89,0,0,0,0,0
1/19/2018 17:36,21.06,73.8,3.89,0,0,0,0,0
1/19/2018 17:51,20.95,75.16,3.89,0,0,0,0,0
1/19/2018 18:05,20.73,77.04,3.89,0,0,0,0,0
1/19/2018 18:20,20.42,80.3,3.89,0,0,0,0,0
1/19/2018 18:35,20.4,78.29,3.89,0,0,0,0,0
1/19/2018 18:49,20.89,75.77,3.89,0,0,0,0,0
1/19/2018 19:04,21.06,73.9,3.88,0,0,0,0,0
1/19/2018 19:19,20.9,74.69,3.89,0,0,0,0,0
1/19/2018 19:33,19.58,81.9,3.89,0,0,0,0,0
1/19/2018 19:48,19.43,82.96,3.89,0,0,0,0,0
1/19/2018 20:03,19.4,83.38,3.89,0,0,0,0,0
1/19/2018 20:17,19.34,84.19,3.89,0,0,0,0,0
1/19/2018 20:32,19.21,83.11,3.88,0,0,0,0,0
1/19/2018 20:47,19.49,81.69,3.88,0,0,0,0,0
1/19/2018 21:01,19.09,83.63,3.88,0,0,0,0,0
1/19/2018 21:16,18.98,83.76,3.88,0,0,0,0,0
1/19/2018 21:31,18.81,83.92,3.88,0,0,0,0,0
1/19/2018 21:45,18.27,86.92,3.88,0,0,0,0,0
1/19/2018 22:00,17.9,86.78,3.88,0,0,0,0,0
1/19/2018 22:15,17.86,88.32,3.88,0,0,0,0,0
1/19/2018 22:29,18,86.81,3.88,0,0,0,0,0
1/19/2018 22:44,17.74,87.22,3.88,0,0,0,0,0
1/19/2018 22:59,17.88,88.54,3.88,0,0,0,0,0
1/19/2018 23:13,17.48,89.99,3.88,0,0,0,0,0
1/19/2018 23:28,17.48,90.18,3.88,0,0,0,0,0
1/19/2018 23:43,17.47,91.37,3.88,0,0,0,0,0
1/19/2018 23:57,17.57,91.94,3.88,0,0,0,0,0
1/20/2018 0:12,17.44,92.36,3.88,0,0,0,0,0
1/20/2018 0:27,17.16,93.41,3.88,0,0,0,0,0
1/20/2018 0:41,17.08,93.81,3.88,0,0,0,0,0
1/20/2018 0:56,17,94.03,3.88,0,0,0,0,0
1/20/2018 1:11,16.87,94.18,3.88,0,0,0,0,0
1/20/2018 1:25,16.72,93.79,3.88,0,0,0,0,0
1/20/2018 1:40,16.52,93.47,3.88,0,0,0,0,0
1/20/2018 1:55,16.38,93.83,3.88,0,0,0,0,0
1/20/2018 2:09,16.4,93.83,3.88,0,0,0,0,0
1/20/2018 2:24,16.46,93.89,3.88,0,0,0,0,0
1/20/2018 2:39,16.46,93.84,3.88,0,0,0,0,0
1/20/2018 2:53,16.42,93.82,3.88,0,0,0,0,0
1/20/2018 3:08,16.43,93.53,3.88,0,0,0,0,0
1/20/2018 3:23,16.35,93.53,3.88,0,0,0,0,0
1/20/2018 3:37,16.18,93.86,3.88,0,0,0,0,0
1/20/2018 3:52,16.15,93.72,3.88,0,0,0,0,0
1/20/2018 4:07,16.02,94.54,3.88,0,0,0,0,0
1/20/2018 4:21,16.16,94.13,3.88,0,0,0,0,0
1/20/2018 4:36,16.54,92.85,3.88,0,0,0,0,0
1/20/2018 4:51,16.66,93.01,3.88,0,0,0,0,0
1/20/2018 5:05,16.58,93.31,3.88,0,0,0,0,0
1/20/2018 5:20,16.63,93.38,3.88,0,0,0,0,0
1/20/2018 5:35,17.1,92.41,3.88,0,0,0,0,0
1/20/2018 5:49,17.63,90.16,3.88,0,0,0,0,0
1/20/2018 6:04,18.08,88.54,3.88,0,0,0,0,0
1/20/2018 6:19,18.72,84.19,3.88,0,0,0,0,0
1/20/2018 6:33,19.12,82.01,3.87,0,0,0,0,0
1/20/2018 6:48,19.53,82.48,3.88,0,0,0,0,0
1/20/2018 7:03,19.82,84.27,3.87,0,0,0,0,0
1/20/2018 7:17,20.08,84.2,3.87,0,0,0,0,0
1/20/2018 7:32,20.32,81.41,3.87,0,0,0,0,0
1/20/2018 7:47,19.89,81.47,3.87,0,0,0,0,0
1/20/2018 8:01,19.66,85.2,3.87,0,0,0,0,0
1/20/2018 8:16,20.08,82.32,3.87,0,0,0,0,0
1/20/2018 8:31,20.05,82.8,3.87,0,0,0,0,0
1/20/2018 8:45,20.08,81.84,3.87,0,0,0,0,0
1/20/2018 9:00,20.01,82.38,3.87,0,0,0,0,0
1/20/2018 9:15,20.24,82.36,3.87,0,0,0,0,0
1/20/2018 9:29,20.43,80.61,3.87,0,0,0,0,0
1/20/2018 9:44,20.84,80.88,3.87,0,0,0,0,0
1/20/2018 9:59,21.53,75.92,3.87,0,0,0,0,0
1/20/2018 10:14,21.81,75.17,3.87,0,0,0,0,0
1/20/2018 10:28,22.58,74.89,3.87,0,0,0,0,0
1/20/2018 10:43,22.53,73.43,3.87,0,0,0,0,0
1/20/2018 10:58,21.39,76.43,3.87,0,0,0,0,0
1/20/2018 11:12,21.12,77.7,3.87,0,0,0,0,0
1/20/2018 11:27,21.09,76.05,3.87,0,0,0,0,0
1/20/2018 11:41,21.72,74.06,3.87,0,0,0,0,0
1/20/2018 11:56,22.47,70.69,3.87,0,0,0,0,0
1/20/2018 12:11,23.5,62.99,3.87,0,0,0,0,0
1/20/2018 12:26,23.05,62.35,3.87,0,0,0,0,0
1/20/2018 12:40,22.89,63.95,3.87,0,0,0,0,0
1/20/2018 12:55,22.66,65.2,3.87,0,0,0,0,0
1/20/2018 13:10,22.88,66.2,3.87,0,0,0,0,0
1/20/2018 13:24,22.94,67.16,3.87,0,0,0,0,0
1/20/2018 13:39,23.15,65.69,3.87,0,0,0,0,0
1/20/2018 13:54,22.92,68.91,3.87,0,0,0,0,0
1/20/2018 14:08,22.62,69.87,3.87,0,0,0,0,0
1/20/2018 14:23,22.31,69.03,3.87,0,0,0,0,0
1/20/2018 14:38,22.3,68.54,3.87,0,0,0,0,0
1/20/2018 14:52,21.92,72.1,3.87,0,0,0,0,0
1/20/2018 15:07,21.56,72.63,3.87,0,0,0,0,0
1/20/2018 15:21,21.4,72.27,3.87,0,0,0,0,0
1/20/2018 15:36,21.16,74.33,3.87,0,0,0,0,0
1/20/2018 15:51,20.74,75.76,3.87,0,0,0,0,0
1/20/2018 16:05,20.41,77.93,3.87,0,0,0,0,0
1/20/2018 16:20,20.32,78.38,3.87,0,0,0,0,0
1/20/2018 16:35,20.04,75.41,3.87,0,0,0,0,0
1/20/2018 16:49,18.1,82.82,3.87,0,0,0,0,0
1/20/2018 17:04,16.82,90.93,3.87,0,0,0,0,0
1/20/2018 17:19,16.89,93.36,3.87,0,0,0,0,0
1/20/2018 17:33,16.71,92.11,3.87,0,0,0,0,0
1/20/2018 17:48,16.56,92.88,3.87,0,0,0,0,0
1/20/2018 18:03,16.31,91.94,3.87,0,0,0,0,0
1/20/2018 18:17,16.22,93.52,3.87,0,0,0,0,0
1/20/2018 18:32,16.16,92.75,3.87,0,0,0,0,0
1/20/2018 18:47,15.98,93.39,3.86,0,0,0,0,0
1/20/2018 19:01,15.91,93.46,3.87,0,0,0,0,0
1/20/2018 19:16,16.11,92.92,3.87,0,0,0,0,0
1/20/2018 19:30,16.08,92.14,3.86,0,0,0,0,0
1/20/2018 19:45,15.97,92.92,3.86,0,0,0,0,0
1/20/2018 20:00,16.14,92.65,3.86,0,0,0,0,0
1/20/2018 20:14,16.24,92.05,3.86,0,0,0,0,0
1/20/2018 20:29,16.36,91.4,3.86,0,0,0,0,0
1/20/2018 20:44,16.49,89.79,3.86,0,0,0,0,0
1/20/2018 20:58,16.51,89.77,3.86,0,0,0,0,0
1/20/2018 21:13,16.55,89.71,3.86,0,0,0,0,0
1/20/2018 21:28,16.62,89.17,3.86,0,0,0,0,0
1/20/2018 21:42,16.54,90.28,3.86,0,0,0,0,0
1/20/2018 21:57,16.54,89.84,3.86,0,0,0,0,0
1/20/2018 22:12,16.56,89.76,3.86,0,0,0,0,0
1/20/2018 22:26,16.5,90.02,3.86,0,0,0,0,0
1/20/2018 22:41,16.43,90.3,3.86,0,0,0,0,0
1/20/2018 22:56,16.56,88.97,3.86,0,0,0,0,0
1/20/2018 23:10,16.56,89.46,3.86,0,0,0,0,0
1/20/2018 23:25,16.41,90.18,3.86,0,0,0,0,0
1/20/2018 23:40,16.44,90.03,3.86,0,0,0,0,0
1/20/2018 23:54,16.36,90.88,3.86,0,0,0,0,0
1/21/2018 0:09,16.39,91.18,3.86,0,0,0,0,0
1/21/2018 0:24,16.28,91.22,3.86,0,0,0,0,0
1/21/2018 0:38,16.24,91.24,3.86,0,0,0,0,0
1/21/2018 0:53,16.17,91.58,3.86,0,0,0,0,0
1/21/2018 1:08,16.06,91.78,3.86,0,0,0,0,0
1/21/2018 1:22,16.01,92.75,3.86,0,0,0,0,0
1/21/2018 1:37,16.06,92.54,3.86,0,0,0,0,0
1/21/2018 1:52,16.03,93.07,3.86,0,0,0,0,0
1/21/2018 2:06,16.12,92.92,3.86,0,0,0,0,0
1/21/2018 2:21,16.24,92.36,3.86,0,0,0,0,0
1/21/2018 2:36,16.36,92.53,3.86,0,0,0,0,0
1/21/2018 2:50,16.38,93.12,3.86,0,0,0,0,0
1/21/2018 3:05,16.34,93.64,3.86,0,0,0,0,0
1/21/2018 3:20,16.56,90.33,3.86,0,0,0,0,0
1/21/2018 3:34,16.46,91.61,3.86,0,0,0,0,0
1/21/2018 3:49,16.26,92.5,3.86,0,0,0,0,0
1/21/2018 4:03,16.12,93.1,3.86,0,0,0,0,0
1/21/2018 4:18,16.36,92.85,3.86,0,0,0,0,0
1/21/2018 4:33,16.6,93.13,3.86,0,0,0,0,0
1/21/2018 4:47,16.98,91.97,3.86,0,0,0,0,0
1/21/2018 5:02,17.55,90.03,3.86,0,0,0,0,0
1/21/2018 5:17,18.46,88.23,3.86,0,0,0,0,0
1/21/2018 5:32,18.96,85.63,3.86,0,0,0,0,0
1/21/2018 5:46,18.8,86.49,3.86,0,0,0,0,0
1/21/2018 6:01,18.9,86.83,3.86,0,0,0,0,0
1/21/2018 6:16,19.5,84.25,3.86,0,0,0,0,0
1/21/2018 6:30,20.32,80.97,3.86,0,0,0,0,0
1/21/2018 6:45,20.69,78.72,3.86,0,0,0,0,0
1/21/2018 7:00,21.44,71.59,3.86,0,0,0,0,0
1/21/2018 7:14,22.44,70.09,3.86,0,0,0,0,0
1/21/2018 7:29,22.44,64.38,3.86,0,0,0,0,0
1/21/2018 7:44,22.52,62.71,3.86,0,0,0,0,0
1/21/2018 7:58,22,64.16,3.86,0,0,0,0,0
1/21/2018 8:13,23.42,62.65,3.86,0,0,0,0,0
1/21/2018 8:28,23.52,59.09,3.86,0,0,0,0,0
1/21/2018 8:43,23.65,62.75,3.86,0,0,0,0,0
1/21/2018 8:57,24.79,59.98,3.86,0,0,0,0,0
1/21/2018 9:12,25.23,55.43,3.86,0,0,0,0,0
1/21/2018 9:27,25.1,55.09,3.86,0,0,0,0,0
1/21/2018 9:41,24.04,58.28,3.86,0,0,0,0,0
1/21/2018 9:56,26.08,52,3.86,0,0,0,0,0
1/21/2018 10:11,26.71,48.28,3.85,0,0,0,0,0
1/21/2018 10:25,26.58,51.59,3.86,0,0,0,0,0
1/21/2018 10:40,26.23,52.66,3.86,0,0,0,0,0
1/21/2018 10:55,27.44,47.35,3.86,0,0,0,0,0
1/21/2018 11:09,27.16,48.3,3.85,0,0,0,0,0
1/21/2018 11:24,26.96,44.38,3.86,0,0,0,0,0
1/21/2018 11:39,27.47,47.55,3.86,0,0,0,0,0
1/21/2018 11:53,27.48,44.94,3.86,0,0,0,0,0
1/21/2018 12:08,27.71,46.69,3.85,0,0,0,0,0
1/21/2018 12:23,27.46,44.6,3.86,0,0,0,0,0
1/21/2018 12:37,26.31,44.54,3.85,0,0,0,0,0
1/21/2018 12:52,27.04,44.56,3.86,0,0,0,0,0
1/21/2018 13:07,27.15,47.21,3.85,0,0,0,0,0
1/21/2018 13:21,25.85,47.91,3.85,0,0,0,0,0
1/21/2018 13:36,24.91,49.35,3.86,0,0,0,0,0
1/21/2018 13:51,25.64,48.4,3.85,0,0,0,0,0
1/21/2018 14:05,25.12,47.75,3.86,0,0,0,0,0
1/21/2018 14:20,25.8,47.38,3.85,0,0,0,0,0
1/21/2018 14:35,25.24,48.65,3.85,0,0,0,0,0
1/21/2018 14:49,24.76,53,3.85,0,0,0,0,0
1/21/2018 15:04,25.36,51.4,3.85,0,0,0,0,0
1/21/2018 15:19,25.35,50.95,3.85,0,0,0,0,0
1/21/2018 15:33,25.04,51.13,3.85,0,0,0,0,0
1/21/2018 15:48,24.5,53.75,3.85,0,0,0,0,0
1/21/2018 16:03,23.64,57.55,3.85,0,0,0,0,0
1/21/2018 16:17,22.85,61.84,3.85,0,0,0,0,0
1/21/2018 16:32,22.32,60.38,3.85,0,0,0,0,0
1/21/2018 16:46,22.04,62.99,3.85,0,0,0,0,0
1/21/2018 17:01,21.84,63.31,3.85,0,0,0,0,0
1/21/2018 17:16,21.74,64.9,3.85,0,0,0,0,0
1/21/2018 17:30,21.43,66.44,3.85,0,0,0,0,0
1/21/2018 17:45,21.46,64.71,3.85,0,0,0,0,0
1/21/2018 18:00,20.94,68.38,3.85,0,0,0,0,0
1/21/2018 18:14,20.83,66.16,3.85,0,0,0,0,0
1/21/2018 18:29,20.83,66.05,3.85,0,0,0,0,0
1/21/2018 18:44,20.36,68.78,3.85,0,0,0,0,0
1/21/2018 18:58,20.22,67.94,3.85,0,0,0,0,0
1/21/2018 19:13,20.25,68.03,3.85,0,0,0,0,0
1/21/2018 19:28,20.18,69.29,3.85,0,0,0,0,0
1/21/2018 19:42,20.2,69.65,3.85,0,0,0,0,0
1/21/2018 19:57,20.11,70.25,3.85,0,0,0,0,0
1/21/2018 20:12,20.05,70.8,3.85,0,0,0,0,0
1/21/2018 20:26,19.74,72.56,3.85,0,0,0,0,0
1/21/2018 20:41,18.96,75.43,3.85,0,0,0,0,0
1/21/2018 20:56,18.71,78.23,3.85,0,0,0,0,0
1/21/2018 21:10,18.28,79.72,3.85,0,0,0,0,0
1/21/2018 21:25,18.2,80.69,3.85,0,0,0,0,0
1/21/2018 21:40,17.94,81.09,3.85,0,0,0,0,0
1/21/2018 21:54,17.85,82.01,3.85,0,0,0,0,0
1/21/2018 22:09,17.96,81.57,3.85,0,0,0,0,0
1/21/2018 22:24,17.77,82.71,3.85,0,0,0,0,0
1/21/2018 22:38,17.33,83.68,3.85,0,0,0,0,0
1/21/2018 22:53,17.19,84.24,3.85,0,0,0,0,0
1/21/2018 23:08,17.39,83.59,3.85,0,0,0,0,0
1/21/2018 23:22,17.42,82.84,3.85,0,0,0,0,0
1/21/2018 23:37,16.79,86.81,3.85,0,0,0,0,0
1/21/2018 23:52,16.29,88.08,3.85,0,0,0,0,0
1/22/2018 0:06,15.96,89.61,3.85,0,0,0,0,0
1/22/2018 0:21,16.06,89.61,3.85,0,0,0,0,0
1/22/2018 0:35,16.2,88.55,3.85,0,0,0,0,0
1/22/2018 0:50,16.13,88.91,3.85,0,0,0,0,0
1/22/2018 1:05,16.29,89.09,3.85,0,0,0,0,0
1/22/2018 1:19,16.48,88.86,3.85,0,0,0,0,0
1/22/2018 1:34,16.31,88.58,3.85,0,0,0,0,0
1/22/2018 1:49,15.96,90.09,3.85,0,0,0,0,0
1/22/2018 2:03,15.57,90.48,3.85,0,0,0,0,0
1/22/2018 2:18,15.3,91.85,3.85,0,0,0,0,0
1/22/2018 2:33,15.45,91.74,3.85,0,0,0,0,0
1/22/2018 2:47,15.36,91.37,3.85,0,0,0,0,0
1/22/2018 3:02,15.16,92.35,3.85,0,0,0,0,0
1/22/2018 3:17,15.37,91.78,3.85,0,0,0,0,0
1/22/2018 3:31,15.48,91.04,3.85,0,0,0,0,0
1/22/2018 3:46,15.1,90.95,3.85,0,0,0,0,0
1/22/2018 4:01,14.6,92.56,3.85,0,0,0,0,0
1/22/2018 4:15,14.7,92.95,3.85,0,0,0,0,0
1/22/2018 4:30,14.88,92.68,3.85,0,0,0,0,0
1/22/2018 4:45,15.55,92.73,3.85,0,0,0,0,0
1/22/2018 5:00,16.5,89.93,3.85,0,0,0,0,0
1/22/2018 5:14,17.55,85.91,3.85,0,0,0,0,0
1/22/2018 5:29,18.79,79.67,3.84,0,0,0,0,0
1/22/2018 5:44,19.46,79.63,3.85,0,0,0,0,0
1/22/2018 5:58,19.86,78.7,3.85,0,0,0,0,0
1/22/2018 6:13,20.5,77.55,3.85,0,0,0,0,0
1/22/2018 6:28,21.14,73.24,3.85,0,0,0,0,0
1/22/2018 6:43,22.44,71.78,3.84,0,0,0,0,0
1/22/2018 6:57,22.35,72.67,3.84,0,0,0,0,0
1/22/2018 7:12,22.84,71.32,3.84,0,0,0,0,0
1/22/2018 7:27,23.46,67.05,3.84,0,0,0,0,0
1/22/2018 7:41,23.85,66.92,3.84,0,0,0,0,0
1/22/2018 7:56,24.34,59.58,3.84,0,0,0,0,0
1/22/2018 8:11,24.79,59.16,3.84,0,0,0,0,0
1/22/2018 8:25,24.66,58.74,3.84,0,0,0,0,0
1/22/2018 8:40,25.7,51.76,3.84,0,0,0,0,0
1/22/2018 8:55,25.46,52.43,3.84,0,0,0,0,0
1/22/2018 9:09,24.74,54.79,3.84,0,0,0,0,0
1/22/2018 9:24,24.08,60.24,3.84,0,0,0,0,0
1/22/2018 9:39,23.43,65.16,3.84,0,0,0,0,0
1/22/2018 9:53,24.31,55.11,3.84,0,0,0,0,0
1/22/2018 10:23,25.65,49.86,3.84,0,0,0,0,0
1/22/2018 10:37,22.94,61.11,3.84,0,0,0,0,0
1/22/2018 13:19,23.71,57.53,3.84,0,0,0,0,0
1/22/2018 13:34,23.57,49.43,3.84,0,0,0,0,0
1/22/2018 13:48,23.85,53.57,3.84,0,0,0,0,0
1/22/2018 14:03,23.71,62.4,3.84,0,0,0,0,0
1/22/2018 14:18,23.73,58.36,3.84,0,0,0,0,0
1/22/2018 14:32,23.36,62.91,3.84,0,0,0,0,0
1/22/2018 14:47,22.63,66.1,3.84,0,0,0,0,0
1/22/2018 15:02,22.55,61.53,3.84,0,0,0,0,0
1/22/2018 15:16,22,68.06,3.84,0,0,0,0,0
1/22/2018 15:31,21.26,69.99,3.84,0,0,0,0,0
1/22/2018 15:46,20.84,72.55,3.84,0,0,0,0,0
1/22/2018 16:00,20.56,74.33,3.84,0,0,0,0,0
1/22/2018 16:30,19.96,78.46,3.84,0,0,0,0,0
1/22/2018 16:44,20.66,68.9,3.84,0,0,0,0,0
1/22/2018 16:59,20.52,73.66,3.84,0,0,0,0,0
1/22/2018 17:14,20.09,74.64,3.84,0,0,0,0,0
1/22/2018 17:28,19.94,77.25,3.84,0,0,0,0,0
1/22/2018 17:43,19.77,76.84,3.84,0,0,0,0,0
1/22/2018 18:12,19.79,74.66,3.84,0,0,0,0,0
1/22/2018 18:27,19.49,78.75,3.84,0,0,0,0,0
1/22/2018 18:41,19.12,83.52,3.84,0,0,0,0,0
1/22/2018 18:56,19.21,80.43,3.84,0,0,0,0,0
1/22/2018 19:11,18.84,77.21,3.84,0,0,0,0,0
1/22/2018 19:25,18.45,78.9,3.84,0,0,0,0,0
1/22/2018 19:40,18.3,80.28,3.84,0,0,0,0,0
1/22/2018 19:55,18.19,80.82,3.84,0,0,0,0,0
1/22/2018 20:09,17.94,81.75,3.84,0,0,0,0,0
1/22/2018 20:24,17.8,82.09,3.84,0,0,0,0,0
1/22/2018 20:39,17.71,82.27,3.84,0,0,0,0,0
1/22/2018 20:53,17.66,82.12,3.84,0,0,0,0,0
1/22/2018 21:08,17.54,83.95,3.84,0,0,0,0,0
1/22/2018 21:23,17.32,86.62,3.84,0,0,0,0,0
1/22/2018 21:37,17.24,86.89,3.84,0,0,0,0,0
1/22/2018 21:52,17.28,87.64,3.84,0,0,0,0,0
1/22/2018 22:07,17.12,87.2,3.84,0,0,0,0,0
1/22/2018 22:21,17.07,87.92,3.84,0,0,0,0,0
1/22/2018 22:36,17.32,86.24,3.84,0,0,0,0,0
1/22/2018 22:51,17.26,86.87,3.84,0,0,0,0,0
1/22/2018 23:05,17.15,86.65,3.84,0,0,0,0,0
1/22/2018 23:20,17.16,86.85,3.84,0,0,0,0,0
1/22/2018 23:35,17.11,87.41,3.84,0,0,0,0,0
1/22/2018 23:49,17.04,87.39,3.84,0,0,0,0,0
1/23/2018 0:04,17.05,86.94,3.84,0,0,0,0,0
1/23/2018 0:19,17.14,86.29,3.84,0,0,0,0,0
1/23/2018 0:33,17.32,84.95,3.84,0,0,0,0,0
1/23/2018 0:48,17.32,84.81,3.84,0,0,0,0,0
1/23/2018 1:03,17.32,84.71,3.84,0,0,0,0,0
1/23/2018 1:17,17.46,83.21,3.84,0,0,0,0,0
1/23/2018 1:32,17.32,83.6,3.84,0,0,0,0,0
1/23/2018 1:46,17.3,84.19,3.84,0,0,0,0,0
1/23/2018 2:01,17.32,84.46,3.83,0,0,0,0,0
1/23/2018 2:16,17.21,85.2,3.84,0,0,0,0,0
1/23/2018 2:30,16.98,86.4,3.83,0,0,0,0,0
1/23/2018 2:45,16.78,87.61,3.83,0,0,0,0,0
1/23/2018 3:00,16.8,87.57,3.83,0,0,0,0,0
1/23/2018 3:14,16.77,87.7,3.83,0,0,0,0,0
1/23/2018 3:29,16.43,89.08,3.84,0,0,0,0,0
1/23/2018 3:44,16.2,88.97,3.83,0,0,0,0,0
1/23/2018 3:58,16.48,88.2,3.83,0,0,0,0,0
1/23/2018 4:13,16.38,88.79,3.83,0,0,0,0,0
1/23/2018 4:28,16.62,88.14,3.83,0,0,0,0,0
1/23/2018 4:42,16.85,87.72,3.83,0,0,0,0,0
1/23/2018 4:57,17.14,86.48,3.83,0,0,0,0,0
1/23/2018 5:12,17.47,85.26,3.83,0,0,0,0,0
1/23/2018 5:26,17.96,83.53,3.83,0,0,0,0,0
1/23/2018 5:41,18.36,83.44,3.83,0,0,0,0,0
1/23/2018 5:56,18.74,83.6,3.83,0,0,0,0,0
1/23/2018 6:10,19.64,79.95,3.83,0,0,0,0,0
1/23/2018 6:25,20.51,74.4,3.83,0,0,0,0,0
1/23/2018 6:40,21.12,71.86,3.83,0,0,0,0,0
1/23/2018 6:54,21.58,72.11,3.83,0,0,0,0,0
1/23/2018 7:09,21.61,70.87,3.83,0,0,0,0,0
1/23/2018 7:24,22.16,68.94,3.83,0,0,0,0,0
1/23/2018 7:53,23.27,66.06,3.83,0,0,0,0,0
1/23/2018 8:08,25.03,61.62,3.83,0,0,0,0,0
1/23/2018 8:38,25.72,51.61,3.82,0,0,0,0,0
1/23/2018 8:52,25.93,52.02,3.83,0,0,0,0,0
1/23/2018 9:07,26.23,51.8,3.83,0,0,0,0,0
1/23/2018 9:22,27.21,49.09,3.82,0,0,0,0,0
1/23/2018 9:36,28.25,46.29,3.83,0,0,0,0,0
1/23/2018 9:51,27.84,43.41,3.82,0,0,0,0,0
1/23/2018 10:06,27.92,43.05,3.82,0,0,0,0,0
1/23/2018 10:21,28.52,41.96,3.82,0,0,0,0,0
1/23/2018 10:50,27.42,45.4,3.82,0,0,0,0,0
1/23/2018 11:04,25.78,48.58,3.82,0,0,0,0,0
1/23/2018 11:19,24.38,57.23,3.83,0,0,0,0,0
1/23/2018 11:34,24.14,57.04,3.82,0,0,0,0,0
1/23/2018 12:03,24.88,57.21,3.82,0,0,0,0,0
1/23/2018 12:18,23.75,62.85,3.82,0,0,0,0,0
1/23/2018 12:32,21.48,68.53,3.83,0,0,0,0,0
1/23/2018 12:47,21.27,68.3,3.82,0,0,0,0,0
1/23/2018 13:02,21.58,68.18,3.82,0,0,0,0,0
1/23/2018 13:16,21.78,63.41,3.83,0,0,0,0,0
1/23/2018 13:31,21.62,61.17,3.82,0,0,0,0,0
1/23/2018 13:46,21.85,63.28,3.82,0,0,0,0,0
1/23/2018 14:00,21.06,73.41,3.82,0,0,0,0,0
1/23/2018 14:15,19.84,75.9,3.82,0,0,0,0,0
1/23/2018 14:29,19.06,80.7,3.82,0,0,0,0,0
1/23/2018 14:44,19.3,79.1,3.82,0,0,0,0,0
1/23/2018 14:59,19.49,76.97,3.82,0,0,0,0,0
1/23/2018 15:13,19.3,76.46,3.82,0,0,0,0,0
1/23/2018 15:28,19.11,78.02,3.82,0,0,0,0,0
1/23/2018 15:43,19.08,77.75,3.82,0,0,0,0,0
1/23/2018 15:57,19.05,80.95,3.82,0,0,0,0,0
1/23/2018 16:12,19.07,78.53,3.82,0,0,0,0,0
1/23/2018 16:27,18.92,78.77,3.82,0,0,0,0,0
1/23/2018 16:41,19,79.43,3.82,0,0,0,0,0
1/23/2018 16:56,18.78,80.87,3.82,0,0,0,0,0
1/23/2018 17:11,18.79,79.31,3.82,0,0,0,0,0
1/23/2018 17:25,18.84,79.39,3.82,0,0,0,0,0
1/23/2018 17:40,18.94,77.62,3.82,0,0,0,0,0
1/23/2018 17:55,18.84,78.39,3.82,0,0,0,0,0
1/23/2018 18:09,18.78,78.58,3.82,0,0,0,0,0
1/23/2018 18:24,18.74,79.3,3.82,0,0,0,0,0
1/23/2018 18:39,18.62,80.5,3.82,0,0,0,0,0
1/23/2018 18:53,18.56,79.85,3.82,0,0,0,0,0
1/23/2018 19:08,18.69,78.04,3.82,0,0,0,0,0
1/23/2018 19:23,18.64,78.76,3.82,0,0,0,0,0
1/23/2018 19:37,18.43,79.85,3.82,0,0,0,0,0
1/23/2018 19:52,18.35,80.37,3.82,0,0,0,0,0
1/23/2018 20:06,18.28,81.14,3.82,0,0,0,0,0
1/23/2018 20:21,18.19,81.72,3.82,0,0,0,0,0
1/23/2018 20:36,17.95,82.9,3.82,0,0,0,0,0
1/23/2018 20:50,17.72,84.82,3.82,0,0,0,0,0
1/23/2018 21:05,17.51,85.87,3.82,0,0,0,0,0
1/23/2018 21:20,17.39,86.33,3.82,0,0,0,0,0
1/23/2018 21:34,17.27,86.22,3.82,0,0,0,0,0
1/23/2018 21:49,17.33,83.58,3.82,0,0,0,0,0
1/23/2018 22:04,17.27,83.27,3.82,0,0,0,0,0
1/23/2018 22:18,17.24,84.45,3.82,0,0,0,0,0
1/23/2018 22:33,17.19,85.51,3.82,0,0,0,0,0
1/23/2018 22:48,17.3,84.83,3.82,0,0,0,0,0
1/23/2018 23:02,17.32,84.88,3.82,0,0,0,0,0
1/23/2018 23:17,17.22,85.1,3.82,0,0,0,0,0
1/23/2018 23:32,17.16,85.45,3.82,0,0,0,0,0
1/23/2018 23:46,17.19,84.92,3.82,0,0,0,0,0
1/24/2018 0:01,17.11,84.9,3.82,0,0,0,0,0
1/24/2018 0:16,16.96,85.75,3.82,0,0,0,0,0
1/24/2018 0:30,16.9,86.45,3.82,0,0,0,0,0
1/24/2018 0:45,16.89,86.28,3.82,0,0,0,0,0
1/24/2018 1:00,16.83,86.39,3.82,0,0,0,0,0
1/24/2018 1:14,16.86,86.01,3.82,0,0,0,0,0
1/24/2018 1:29,16.96,85.4,3.82,0,0,0,0,0
1/24/2018 1:44,16.98,84.75,3.81,0,0,0,0,0
1/24/2018 1:58,17.04,83.91,3.81,0,0,0,0,0
1/24/2018 2:13,17.1,83.6,3.81,0,0,0,0,0
1/24/2018 2:28,17.08,83.77,3.81,0,0,0,0,0
1/24/2018 2:42,17.07,83.72,3.81,0,0,0,0,0
1/24/2018 2:57,16.97,84.48,3.81,0,0,0,0,0
1/24/2018 3:12,16.74,85.35,3.81,0,0,0,0,0
1/24/2018 3:26,16.68,85.68,3.81,0,0,0,0,0
1/24/2018 3:41,16.69,85.41,3.81,0,0,0,0,0
1/24/2018 3:56,16.33,87.17,3.81,0,0,0,0,0
1/24/2018 4:10,16.2,88.25,3.81,0,0,0,0,0
1/24/2018 4:25,16.4,87.66,3.81,0,0,0,0,0
1/24/2018 4:40,16.78,86.75,3.81,0,0,0,0,0
1/24/2018 4:54,17.09,85.99,3.81,0,0,0,0,0
1/24/2018 5:09,17.26,86.51,3.81,0,0,0,0,0
1/24/2018 5:38,17.98,83.7,3.81,0,0,0,0,0
1/24/2018 6:08,18.94,80.44,3.81,0,0,0,0,0
1/24/2018 6:23,18.98,79.89,3.81,0,0,0,0,0
1/24/2018 6:37,19.79,76.24,3.81,0,0,0,0,0
1/24/2018 6:52,20.12,72.91,3.81,0,0,0,0,0
1/24/2018 7:07,20.4,74.99,3.81,0,0,0,0,0
1/24/2018 7:21,20.92,71.49,3.81,0,0,0,0,0
1/24/2018 7:36,21.94,66.99,3.81,0,0,0,0,0
1/24/2018 7:51,22.92,65.45,3.81,0,0,0,0,0
1/24/2018 8:05,24.14,61.6,3.81,0,0,0,0,0
1/24/2018 8:20,24.08,60.24,3.81,0,0,0,0,0
1/24/2018 8:35,24.15,59.06,3.81,0,0,0,0,0
1/24/2018 8:49,24.4,58.98,3.81,0,0,0,0,0
1/24/2018 9:04,25.05,58.16,3.81,0,0,0,0,0
1/24/2018 9:19,25.84,52.48,3.81,0,0,0,0,0
1/24/2018 9:34,26.38,50.05,3.81,0,0,0,0,0
1/24/2018 9:48,27.03,52.51,3.81,0,0,0,0,0
1/24/2018 10:03,27.28,49.84,3.81,0,0,0,0,0
1/24/2018 10:18,25.86,52.71,3.81,0,0,0,0,0
1/24/2018 10:32,25.22,54.2,3.81,0,0,0,0,0
1/24/2018 10:47,26.93,51.09,3.81,0,0,0,0,0
1/24/2018 11:02,27.37,48.78,3.81,0,0,0,0,0
1/24/2018 11:16,25.32,53.68,3.81,0,0,0,0,0
1/24/2018 11:31,26.03,54.91,3.81,0,0,0,0,0
1/24/2018 11:46,27.56,50.07,3.81,0,0,0,0,0
1/24/2018 12:00,26.99,46.37,3.81,0,0,0,0,0
1/24/2018 12:30,28.23,45.19,3.81,0,0,0,0,0
1/24/2018 12:44,25.42,50.83,3.81,0,0,0,0,0
1/24/2018 12:59,25.9,51.69,3.81,0,0,0,0,0
1/24/2018 13:14,26.28,47.37,3.81,0,0,0,0,0
1/24/2018 13:43,25.76,49.42,3.81,0,0,0,0,0
1/24/2018 13:58,24.94,53.44,3.81,0,0,0,0,0
1/24/2018 14:12,23.87,61.38,3.81,0,0,0,0,0
1/24/2018 14:27,22.06,71.12,3.81,0,0,0,0,0
1/24/2018 14:42,21.41,74.11,3.81,0,0,0,0,0
1/24/2018 14:56,21.24,75.08,3.81,0,0,0,0,0
1/24/2018 15:11,20.66,77.42,3.81,0,0,0,0,0
1/24/2018 15:25,20.24,77.89,3.81,0,0,0,0,0
1/24/2018 15:40,19.52,86.15,3.81,0,0,0,0,0
1/24/2018 15:55,18.68,90.14,3.81,0,0,0,0,0
1/24/2018 16:09,18.38,91.37,3.81,0,0,0,0,0
1/24/2018 16:24,18.34,91.75,3.81,0,0,0,0,0
1/24/2018 16:39,18,92.86,3.81,0,0,0,0,0
1/24/2018 16:53,17.91,94.1,3.81,0,0,0,0,0
1/24/2018 17:23,17.98,94.38,3.81,0,0,0,0,0
1/24/2018 17:37,18.04,94.22,3.81,0,0,0,0,0
1/24/2018 17:52,17.72,94.1,3.81,0,0,0,0,0
1/24/2018 18:07,17.71,94.8,3.81,0,0,0,0,0
1/24/2018 18:21,17.64,93.76,3.81,0,0,0,0,0
1/24/2018 18:36,17.57,94.54,3.81,0,0,0,0,0
1/24/2018 18:51,17.54,93.68,3.81,0,0,0,0,0
1/24/2018 19:05,17.54,94.27,3.81,0,0,0,0,0
1/24/2018 19:20,17.62,94.33,3.81,0,0,0,0,0
1/24/2018 19:35,17.72,93.92,3.81,0,0,0,0,0
1/24/2018 19:49,17.71,94.51,3.81,0,0,0,0,0
1/24/2018 20:04,17.64,94.31,3.8,0,0,0,0,0
1/24/2018 20:19,17.52,93.64,3.81,0,0,0,0,0
1/24/2018 20:33,17.18,94.7,3.81,0,0,0,0,0
1/24/2018 20:48,17.15,94.69,3.81,0,0,0,0,0
1/24/2018 21:02,16.98,94.38,3.81,0,0,0,0,0
1/24/2018 21:17,16.98,95.11,3.81,0,0,0,0,0
1/24/2018 21:32,17.25,95.57,3.8,0,0,0,0,0
1/24/2018 21:46,17.3,95.63,3.8,0,0,0,0,0
1/24/2018 22:01,17.27,95.67,3.8,0,0,0,0,0
1/24/2018 22:16,17.23,95.81,3.8,0,0,0,0,0
1/24/2018 22:30,17.16,95.92,3.8,0,0,0,0,0
1/24/2018 22:45,17.07,95.59,3.8,0,0,0,0,0
1/24/2018 23:00,16.87,95.67,3.8,0,0,0,0,0
1/24/2018 23:14,16.69,95.75,3.8,0,0,0,0,0
1/24/2018 23:29,16.64,95.95,3.8,0,0,0,0,0
1/24/2018 23:44,16.53,96.09,3.8,0,0,0,0,0
1/24/2018 23:58,16.5,96.08,3.8,0,0,0,0,0
1/25/2018 0:13,16.18,95.96,3.8,0,0,0,0,0
1/25/2018 0:28,16.01,95.98,3.8,0,0,0,0,0
1/25/2018 0:42,16,96.16,3.8,0,0,0,0,0
1/25/2018 0:57,16.04,95.88,3.8,0,0,0,0,0
1/25/2018 1:12,16.04,96.09,3.8,0,0,0,0,0
1/25/2018 1:26,16.02,95.78,3.8,0,0,0,0,0
1/25/2018 1:41,15.85,95.65,3.8,0,0,0,0,0
1/25/2018 1:56,15.75,95.67,3.8,0,0,0,0,0
1/25/2018 2:10,15.62,95.97,3.8,0,0,0,0,0
1/25/2018 2:25,15.64,96.45,3.8,0,0,0,0,0
1/25/2018 2:40,15.62,96.53,3.8,0,0,0,0,0
1/25/2018 2:54,15.7,96.64,3.8,0,0,0,0,0
1/25/2018 3:09,15.66,96.71,3.8,0,0,0,0,0
1/25/2018 3:24,15.76,97.08,3.8,0,0,0,0,0
1/25/2018 3:38,15.78,97.17,3.8,0,0,0,0,0
1/25/2018 3:53,15.75,97.2,3.8,0,0,0,0,0
1/25/2018 4:08,15.71,97.21,3.8,0,0,0,0,0
1/25/2018 4:22,15.71,97.1,3.8,0,0,0,0,0
1/25/2018 4:37,15.8,96.75,3.8,0,0,0,0,0
1/25/2018 4:52,16.1,96.28,3.8,0,0,0,0,0
1/25/2018 5:06,16.46,95.34,3.8,0,0,0,0,0
1/25/2018 5:21,16.66,94.81,3.8,0,0,0,0,0
1/25/2018 5:36,16.87,94.27,3.8,0,0,0,0,0
1/25/2018 5:50,17.22,93.47,3.8,0,0,0,0,0
1/25/2018 6:05,17.8,91.79,3.8,0,0,0,0,0
1/25/2018 6:20,18.59,89.61,3.8,0,0,0,0,0
1/25/2018 6:34,19.26,86.26,3.8,0,0,0,0,0
1/25/2018 6:49,20.37,81.45,3.8,0,0,0,0,0
1/25/2018 7:04,20.8,79.99,3.8,0,0,0,0,0
1/25/2018 7:18,21.19,78.62,3.8,0,0,0,0,0
1/25/2018 7:33,21.91,74.34,3.8,0,0,0,0,0
1/25/2018 7:48,22.61,72.64,3.8,0,0,0,0,0
1/25/2018 8:03,23.34,67.49,3.8,0,0,0,0,0
1/25/2018 8:17,23.23,70.77,3.8,0,0,0,0,0
1/25/2018 8:32,25.27,63.93,3.8,0,0,0,0,0
1/25/2018 8:47,25.68,61.24,3.8,0,0,0,0,0
1/25/2018 9:01,25.91,57.05,3.8,0,0,0,0,0
1/25/2018 9:16,26.65,55.47,3.8,0,0,0,0,0
1/25/2018 9:31,26.68,52.79,3.8,0,0,0,0,0
1/25/2018 9:45,25.74,57.27,3.8,0,0,0,0,0
1/25/2018 10:00,25.86,55.71,3.8,0,0,0,0,0
1/25/2018 10:15,24.69,59.36,3.8,0,0,0,0,0
1/25/2018 10:29,21.9,75.08,3.8,0,0,0,0,0
1/25/2018 10:44,19.74,78.1,3.8,0,0,0,0,0
1/25/2018 11:13,19.26,86.33,3.8,0,0,0,0,0
1/25/2018 11:28,19.08,82.35,3.8,0,0,0,0,0
1/25/2018 13:40,21.15,80.85,3.8,0,0,0,0,0
1/25/2018 13:55,20.82,77.03,3.8,0,0,0,0,0
1/25/2018 14:09,20.9,79.32,3.8,0,0,0,0,0
1/25/2018 14:24,21.41,76.46,3.8,0,0,0,0,0
1/25/2018 14:39,21.31,80.36,3.8,0,0,0,0,0
1/25/2018 14:53,20.7,80.31,3.8,0,0,0,0,0
1/25/2018 15:08,20.21,82.88,3.8,0,0,0,0,0
1/25/2018 15:23,19.91,84.14,3.8,0,0,0,0,0
1/25/2018 15:37,19.41,85.34,3.8,0,0,0,0,0
1/25/2018 15:52,18.83,87.24,3.79,0,0,0,0,0
1/25/2018 16:07,18.42,89.48,3.8,0,0,0,0,0
1/25/2018 16:36,18.14,90.29,3.79,0,0,0,0,0
1/25/2018 16:51,17.96,91.56,3.79,0,0,0,0,0
1/25/2018 17:05,17.9,92.43,3.79,0,0,0,0,0
1/25/2018 17:20,17.82,91.78,3.79,0,0,0,0,0
1/25/2018 17:34,17.7,91.84,3.79,0,0,0,0,0
1/25/2018 17:49,17.44,92.29,3.79,0,0,0,0,0
1/25/2018 18:04,17.25,92.97,3.79,0,0,0,0,0
1/25/2018 18:18,17.28,93.22,3.79,0,0,0,0,0
1/25/2018 18:33,17.62,93.04,3.79,0,0,0,0,0
1/25/2018 18:48,17.61,91.81,3.79,0,0,0,0,0
1/25/2018 19:02,17.27,93.13,3.79,0,0,0,0,0
1/25/2018 19:17,17.06,92.85,3.79,0,0,0,0,0
1/25/2018 19:32,16.95,93.38,3.79,0,0,0,0,0
1/25/2018 19:46,16.78,92.91,3.79,0,0,0,0,0
1/25/2018 20:01,16.58,93.4,3.79,0,0,0,0,0
1/25/2018 20:16,16.27,94.2,3.79,0,0,0,0,0
1/25/2018 20:30,16.29,94.81,3.79,0,0,0,0,0
1/25/2018 20:45,16.22,94.97,3.79,0,0,0,0,0
1/25/2018 21:00,16.1,95.2,3.79,0,0,0,0,0
1/25/2018 21:14,15.93,95.33,3.79,0,0,0,0,0
1/25/2018 21:29,15.88,95.14,3.79,0,0,0,0,0
1/25/2018 21:43,15.5,96.07,3.79,0,0,0,0,0
1/25/2018 21:58,15.45,96.34,3.79,0,0,0,0,0
1/25/2018 22:13,15.58,96.39,3.79,0,0,0,0,0
1/25/2018 22:27,15.5,96.28,3.79,0,0,0,0,0
1/25/2018 22:42,15.5,96.42,3.79,0,0,0,0,0
1/25/2018 22:57,15.66,96.24,3.79,0,0,0,0,0
1/25/2018 23:11,15.45,95.84,3.79,0,0,0,0,0
1/25/2018 23:26,15.23,96.08,3.79,0,0,0,0,0
1/25/2018 23:41,15.18,96.49,3.79,0,0,0,0,0
1/25/2018 23:55,15.24,96.83,3.79,0,0,0,0,0
1/26/2018 0:10,15.32,96.91,3.79,0,0,0,0,0
1/26/2018 0:25,15.22,96.89,3.79,0,0,0,0,0
1/26/2018 0:39,15.06,96.93,3.79,0,0,0,0,0
1/26/2018 0:54,15.13,96.99,3.79,0,0,0,0,0
1/26/2018 1:09,14.96,96.94,3.79,0,0,0,0,0
1/26/2018 1:23,14.74,96.88,3.79,0,0,0,0,0
1/26/2018 1:38,14.75,96.96,3.79,0,0,0,0,0
1/26/2018 1:53,14.66,97.03,3.79,0,0,0,0,0
1/26/2018 2:07,14.45,97.01,3.79,0,0,0,0,0
1/26/2018 2:22,14.48,97.11,3.79,0,0,0,0,0
1/26/2018 2:37,14.49,97.11,3.79,0,0,0,0,0
1/26/2018 2:51,14.34,97.11,3.79,0,0,0,0,0
1/26/2018 3:06,14.32,97.21,3.79,0,0,0,0,0
1/26/2018 3:21,14.33,97.31,3.79,0,0,0,0,0
1/26/2018 3:35,14.28,97.42,3.79,0,0,0,0,0
1/26/2018 3:50,14.28,97.57,3.79,0,0,0,0,0
1/26/2018 4:05,14.29,97.64,3.79,0,0,0,0,0
1/26/2018 4:19,14.34,97.69,3.79,0,0,0,0,0
1/26/2018 4:34,14.45,97.72,3.79,0,0,0,0,0
1/26/2018 4:49,14.42,97.71,3.79,0,0,0,0,0
1/26/2018 5:03,14.6,97.8,3.79,0,0,0,0,0
1/26/2018 5:18,14.83,97.83,3.79,0,0,0,0,0
1/26/2018 5:33,14.84,97.83,3.79,0,0,0,0,0
1/26/2018 5:47,15.08,97.86,3.79,0,0,0,0,0
1/26/2018 6:02,15.36,97.81,3.79,0,0,0,0,0
1/26/2018 6:17,15.5,97.56,3.79,0,0,0,0,0
1/26/2018 6:31,16.06,96.95,3.79,0,0,0,0,0
1/26/2018 6:46,16.54,94.64,3.79,0,0,0,0,0
1/26/2018 7:01,16.95,93,3.79,0,0,0,0,0
1/26/2018 7:15,17.54,93.15,3.79,0,0,0,0,0
1/26/2018 7:30,18.76,86.89,3.79,0,0,0,0,0
1/26/2018 7:45,20.03,85.14,3.79,0,0,0,0,0
1/26/2018 7:59,20.71,80.67,3.79,0,0,0,0,0
1/26/2018 8:14,21.39,81.21,3.79,0,0,0,0,0
1/26/2018 8:29,22.9,73,3.78,0,0,0,0,0
1/26/2018 8:44,23.23,71.28,3.79,0,0,0,0,0
1/26/2018 8:58,24.72,67.04,3.79,0,0,0,0,0
1/26/2018 9:13,25,61.86,3.78,0,0,0,0,0
1/26/2018 9:28,26.48,55.61,3.79,0,0,0,0,0
1/26/2018 9:43,26.8,55.12,3.78,0,0,0,0,0
1/26/2018 9:57,26.22,48.61,3.79,0,0,0,0,0
1/26/2018 10:12,26.36,53.57,3.79,0,0,0,0,0
1/26/2018 10:26,26.33,56.89,3.79,0,0,0,0,0
1/26/2018 10:41,26.66,53.42,3.79,0,0,0,0,0
1/26/2018 10:56,27.11,49.82,3.78,0,0,0,0,0
1/26/2018 11:11,28.18,48.32,3.78,0,0,0,0,0
1/26/2018 11:25,25.68,54.45,3.79,0,0,0,0,0
1/26/2018 11:40,27.14,51.76,3.79,0,0,0,0,0
1/26/2018 11:54,28.32,47.95,3.78,0,0,0,0,0
1/26/2018 12:09,26.76,48.61,3.78,0,0,0,0,0
1/26/2018 12:24,19.88,73.4,3.79,0,0,0,0,0
1/26/2018 17:03,18.28,86.24,3.78,0,0,0,0,0
1/26/2018 17:17,17.9,87.74,3.78,0,0,0,0,0
1/26/2018 17:32,17.82,89.37,3.78,0,0,0,0,0
1/26/2018 17:47,17.79,90.34,3.78,0,0,0,0,0
1/26/2018 18:01,17.71,89.44,3.78,0,0,0,0,0
1/26/2018 18:16,17.73,89.54,3.78,0,0,0,0,0
1/26/2018 18:31,17.34,89.91,3.78,0,0,0,0,0
1/26/2018 18:45,17.32,90.25,3.78,0,0,0,0,0
1/26/2018 19:00,17.41,90.06,3.78,0,0,0,0,0
1/26/2018 19:15,17.36,90.46,3.78,0,0,0,0,0
1/26/2018 19:29,17.42,90.02,3.78,0,0,0,0,0
1/26/2018 19:44,17.58,90.22,3.78,0,0,0,0,0
1/26/2018 19:59,17.38,90.24,3.78,0,0,0,0,0
1/26/2018 20:13,17.1,92.07,3.78,0,0,0,0,0
1/26/2018 20:28,16.92,92.9,3.78,0,0,0,0,0
1/26/2018 20:43,16.77,93.95,3.78,0,0,0,0,0
1/26/2018 20:57,16.78,93.42,3.78,0,0,0,0,0
1/26/2018 21:12,16.7,92.48,3.78,0,0,0,0,0
1/26/2018 21:27,16.45,93.36,3.78,0,0,0,0,0
1/26/2018 21:41,16.18,93.49,3.78,0,0,0,0,0
1/26/2018 21:56,16,93.82,3.78,0,0,0,0,0
1/26/2018 22:10,16.06,94.4,3.78,0,0,0,0,0
1/26/2018 22:25,16.36,92.67,3.78,0,0,0,0,0
1/26/2018 22:40,16.08,94.14,3.78,0,0,0,0,0
1/26/2018 22:55,16.06,95.25,3.78,0,0,0,0,0
1/26/2018 23:09,16.28,95.38,3.78,0,0,0,0,0
1/26/2018 23:24,16.37,94.48,3.78,0,0,0,0,0
1/26/2018 23:38,16.55,93.43,3.78,0,0,0,0,0
1/26/2018 23:53,16.42,93.6,3.78,0,0,0,0,0
1/27/2018 0:08,16.23,94.97,3.78,0,0,0,0,0
1/27/2018 0:22,16.02,95.09,3.78,0,0,0,0,0
1/27/2018 0:37,15.83,94.98,3.78,0,0,0,0,0
1/27/2018 0:52,15.6,94.89,3.78,0,0,0,0,0
1/27/2018 1:06,15.48,95.4,3.78,0,0,0,0,0
1/27/2018 1:21,15.6,95.71,3.78,0,0,0,0,0
1/27/2018 1:36,15.75,95.71,3.78,0,0,0,0,0
1/27/2018 1:50,15.89,94.97,3.78,0,0,0,0,0
1/27/2018 2:05,15.89,94.99,3.78,0,0,0,0,0
1/27/2018 2:20,15.92,95.04,3.78,0,0,0,0,0
1/27/2018 2:34,16.08,95,3.78,0,0,0,0,0
1/27/2018 2:49,15.71,95.57,3.78,0,0,0,0,0
1/27/2018 3:04,15.73,95.84,3.78,0,0,0,0,0
1/27/2018 3:18,15.68,95.76,3.78,0,0,0,0,0
1/27/2018 3:33,15.53,95.74,3.78,0,0,0,0,0
1/27/2018 3:48,15.4,95.66,3.78,0,0,0,0,0
1/27/2018 4:02,15.56,96.31,3.78,0,0,0,0,0
1/27/2018 4:17,15.84,95.5,3.78,0,0,0,0,0
1/27/2018 4:32,15.82,95.34,3.78,0,0,0,0,0
1/27/2018 4:46,16.13,94.92,3.78,0,0,0,0,0
1/27/2018 5:01,16.88,92.98,3.78,0,0,0,0,0
1/27/2018 5:16,17.4,90.25,3.78,0,0,0,0,0
1/27/2018 5:30,17.61,92,3.78,0,0,0,0,0
1/27/2018 5:45,18.08,88.35,3.78,0,0,0,0,0
1/27/2018 6:00,18.22,90.4,3.78,0,0,0,0,0
1/27/2018 6:14,18.86,86.23,3.78,0,0,0,0,0
1/27/2018 6:29,19.54,85.25,3.78,0,0,0,0,0
1/27/2018 6:44,19.92,84.07,3.78,0,0,0,0,0
1/27/2018 6:59,20.77,82.32,3.77,0,0,0,0,0
1/27/2018 7:13,21.24,79.12,3.78,0,0,0,0,0
1/27/2018 7:28,21.81,75.14,3.78,0,0,0,0,0
1/27/2018 7:43,22.09,72.6,3.77,0,0,0,0,0
1/27/2018 7:57,22.56,71.74,3.77,0,0,0,0,0
1/27/2018 8:12,22.76,72.97,3.77,0,0,0,0,0
1/27/2018 8:27,22.57,72.36,3.77,0,0,0,0,0
1/27/2018 8:41,21.68,74.82,3.77,0,0,0,0,0
1/27/2018 8:56,21.72,76.23,3.77,0,0,0,0,0
1/27/2018 9:11,21.8,75.28,3.77,0,0,0,0,0
1/27/2018 9:25,23.8,70.29,3.77,0,0,0,0,0
1/27/2018 9:40,25.18,64.21,3.77,0,0,0,0,0
1/27/2018 9:55,23.4,69.73,3.77,0,0,0,0,0
1/27/2018 10:09,22.82,69.51,3.77,0,0,0,0,0
1/27/2018 10:24,23.16,68.27,3.77,0,0,0,0,0
1/27/2018 15:18,20.94,81.11,3.77,0,0,0,0,0
1/27/2018 15:33,20.46,85.06,3.77,0,0,0,0,0
1/27/2018 15:47,20,88.79,3.77,0,0,0,0,0
1/27/2018 16:02,19.66,87.87,3.77,0,0,0,0,0
1/27/2018 16:17,19.45,89.16,3.77,0,0,0,0,0
1/27/2018 16:31,19.23,89.83,3.77,0,0,0,0,0
1/27/2018 16:46,19.27,86.91,3.77,0,0,0,0,0
1/27/2018 17:01,19.19,88.43,3.77,0,0,0,0,0
1/27/2018 17:15,19.14,88.27,3.77,0,0,0,0,0
1/27/2018 17:30,18.96,88.75,3.77,0,0,0,0,0
1/27/2018 17:45,18.74,90.3,3.77,0,0,0,0,0
1/27/2018 17:59,18.58,90.89,3.77,0,0,0,0,0
1/27/2018 18:14,18.38,91.32,3.77,0,0,0,0,0
1/27/2018 18:28,18.16,91.81,3.77,0,0,0,0,0
1/27/2018 18:43,17.98,91.91,3.77,0,0,0,0,0
1/27/2018 18:58,17.8,91.4,3.77,0,0,0,0,0
1/27/2018 19:12,17.76,89.96,3.77,0,0,0,0,0
1/27/2018 19:27,17.47,90.1,3.77,0,0,0,0,0
1/27/2018 19:42,17.28,90.77,3.77,0,0,0,0,0
1/27/2018 19:56,17.1,90.7,3.77,0,0,0,0,0
1/27/2018 20:11,16.91,91.84,3.77,0,0,0,0,0
1/27/2018 20:26,16.73,92.54,3.77,0,0,0,0,0
1/27/2018 20:40,16.66,92.66,3.77,0,0,0,0,0
1/27/2018 20:55,16.52,93.07,3.77,0,0,0,0,0
1/27/2018 21:10,16.44,93.97,3.77,0,0,0,0,0
1/27/2018 21:24,16.32,94.1,3.77,0,0,0,0,0
1/27/2018 21:39,16.17,94.65,3.77,0,0,0,0,0
1/27/2018 21:54,16.32,94.16,3.77,0,0,0,0,0
1/27/2018 22:08,16.14,94.47,3.77,0,0,0,0,0
1/27/2018 22:23,15.96,95.16,3.77,0,0,0,0,0
1/27/2018 22:38,15.96,95.31,3.77,0,0,0,0,0
1/27/2018 22:52,15.86,95.46,3.77,0,0,0,0,0
1/27/2018 23:07,15.8,95.65,3.77,0,0,0,0,0
1/27/2018 23:22,15.7,95.31,3.77,0,0,0,0,0
1/27/2018 23:36,15.54,95.57,3.77,0,0,0,0,0
1/27/2018 23:51,15.42,95.88,3.77,0,0,0,0,0
1/28/2018 0:06,15.4,95.81,3.77,0,0,0,0,0
1/28/2018 0:20,15.5,94.95,3.77,0,0,0,0,0
1/28/2018 0:35,15.57,94.36,3.77,0,0,0,0,0
1/29/2018 2:20,15.5,94.35,3.75,0,0,0,0,0
1/29/2018 2:35,15.16,94.71,3.75,0,0,0,0,0
1/29/2018 2:49,15.25,95.51,3.75,0,0,0,0,0
1/29/2018 3:04,15.04,95.29,3.75,0,0,0,0,0
1/29/2018 3:19,15.32,95.64,3.75,0,0,0,0,0
1/29/2018 3:33,15.66,94.6,3.75,0,0,0,0,0
1/29/2018 3:48,15.36,94.65,3.75,0,0,0,0,0
1/29/2018 4:03,15.27,95.19,3.75,0,0,0,0,0
1/29/2018 4:17,15.44,95.54,3.75,0,0,0,0,0
1/29/2018 4:32,15.74,95.32,3.75,0,0,0,0,0
1/29/2018 4:47,16.32,94.21,3.75,0,0,0,0,0
1/29/2018 5:01,16.7,92.91,3.75,0,0,0,0,0
1/29/2018 5:16,17.46,91.2,3.75,0,0,0,0,0
1/29/2018 5:31,18.2,89.61,3.75,0,0,0,0,0
1/29/2018 5:45,18.94,88.11,3.75,0,0,0,0,0
1/29/2018 6:00,19.37,87.11,3.75,0,0,0,0,0
1/29/2018 6:15,19.87,84.51,3.75,0,0,0,0,0
1/29/2018 6:29,20.23,84.04,3.75,0,0,0,0,0
1/29/2018 6:44,20.44,84.16,3.75,0,0,0,0,0
1/29/2018 6:59,20.85,81.5,3.75,0,0,0,0,0
1/29/2018 7:13,21.16,80.66,3.75,0,0,0,0,0
1/29/2018 7:28,22.15,77.44,3.75,0,0,0,0,0
1/29/2018 7:43,22.96,74.52,3.75,0,0,0,0,0
1/29/2018 7:58,24.03,70.47,3.75,0,0,0,0,0
1/29/2018 8:12,24.6,66.9,3.75,0,0,0,0,0
1/29/2018 8:27,25.51,64.48,3.74,0,0,0,0,0
1/29/2018 8:42,25.02,66.66,3.75,0,0,0,0,0
1/29/2018 8:56,24.78,66.99,3.75,0,0,0,0,0
1/29/2018 9:11,24.41,69.2,3.74,0,0,0,0,0
1/29/2018 9:26,25.23,66.93,3.75,0,0,0,0,0
1/29/2018 9:40,25.63,69.56,3.75,0,0,0,0,0
1/29/2018 9:55,26.18,63.6,3.75,0,0,0,0,0
1/29/2018 10:10,26.11,63.2,3.74,0,0,0,0,0
1/29/2018 10:24,25.6,62.62,3.75,0,0,0,0,0
1/29/2018 10:39,25.54,67.53,3.74,0,0,0,0,0
1/29/2018 10:54,28.14,50.21,3.74,0,0,0,0,0
1/29/2018 11:09,28.35,52.05,3.74,0,0,0,0,0
1/29/2018 11:23,26.78,54.48,3.74,0,0,0,0,0
1/29/2018 11:38,26.91,50.89,3.74,0,0,0,0,0
1/29/2018 11:53,27.2,44.47,3.74,0,0,0,0,0
1/29/2018 12:07,27.11,48.78,3.74,0,0,0,0,0
1/29/2018 12:37,25.78,56.19,3.75,0,0,0,0,0
1/29/2018 12:51,26.71,52.22,3.74,0,0,0,0,0
1/29/2018 13:06,23.62,63.48,3.74,0,0,0,0,0
1/29/2018 13:20,22.43,70.77,3.74,0,0,0,0,0
1/29/2018 13:35,21.17,76.94,3.74,0,0,0,0,0
1/29/2018 13:50,21.11,79.46,3.75,0,0,0,0,0
1/29/2018 14:04,22.06,76.62,3.74,0,0,0,0,0
1/29/2018 14:19,22.96,68.6,3.74,0,0,0,0,0
1/29/2018 14:34,23.32,69.63,3.74,0,0,0,0,0
1/29/2018 14:48,23.21,68.82,3.74,0,0,0,0,0
1/29/2018 15:03,23.29,70.33,3.74,0,0,0,0,0
1/29/2018 15:18,22.44,75.97,3.74,0,0,0,0,0
1/29/2018 15:32,22.04,78.26,3.74,0,0,0,0,0
1/29/2018 15:47,22.15,73.88,3.75,0,0,0,0,0
1/29/2018 16:02,22.15,71.86,3.74,0,0,0,0,0
1/29/2018 16:16,22.06,71.98,3.74,0,0,0,0,0
1/29/2018 16:31,21.42,77.02,3.74,0,0,0,0,0
1/29/2018 16:46,20.87,77.01,3.74,0,0,0,0,0
1/29/2018 17:00,20.89,76.43,3.74,0,0,0,0,0
1/29/2018 17:15,20.66,78.43,3.74,0,0,0,0,0
1/29/2018 17:30,21.05,76.25,3.74,0,0,0,0,0
1/29/2018 17:44,21.15,73.51,3.74,0,0,0,0,0
1/29/2018 17:59,21.25,72.05,3.74,0,0,0,0,0
1/29/2018 18:14,20.64,74.48,3.74,0,0,0,0,0
1/29/2018 18:28,20.26,76.36,3.74,0,0,0,0,0
1/29/2018 18:43,19.91,78.61,3.74,0,0,0,0,0
1/29/2018 18:57,19.64,79.69,3.74,0,0,0,0,0
1/29/2018 19:12,19.84,78.59,3.74,0,0,0,0,0
1/29/2018 19:27,19.54,80.03,3.74,0,0,0,0,0
1/29/2018 19:41,18.94,81.49,3.74,0,0,0,0,0
1/29/2018 19:56,19.3,79.36,3.74,0,0,0,0,0
1/29/2018 20:11,19.24,81.81,3.74,0,0,0,0,0
1/29/2018 20:25,18.48,84.71,3.74,0,0,0,0,0
1/29/2018 20:40,18.29,84.98,3.74,0,0,0,0,0
1/29/2018 20:55,18.06,85.71,3.74,0,0,0,0,0
1/29/2018 21:09,17.99,86.44,3.74,0,0,0,0,0
1/29/2018 21:24,17.96,86.36,3.74,0,0,0,0,0
1/29/2018 21:39,17.72,87.22,3.74,0,0,0,0,0
1/29/2018 21:53,17.42,88.05,3.74,0,0,0,0,0
1/29/2018 22:08,17.32,88.57,3.74,0,0,0,0,0
1/29/2018 22:23,17.21,88.87,3.74,0,0,0,0,0
1/29/2018 22:37,17.1,89.71,3.74,0,0,0,0,0
1/29/2018 22:52,17.11,89.92,3.74,0,0,0,0,0
1/30/2018 5:29,18.14,89.5,3.73,0,0,0,0,0
1/30/2018 5:44,19.02,85.69,3.73,0,0,0,0,0
1/30/2018 5:58,18.49,88.55,3.73,0,0,0,0,0
1/30/2018 6:13,19.05,88.3,3.73,0,0,0,0,0
1/30/2018 6:28,19.8,88.1,3.73,0,0,0,0,0
1/30/2018 6:42,21.2,81.32,3.73,0,0,0,0,0
1/30/2018 6:57,21.88,76.39,3.73,0,0,0,0,0
1/30/2018 7:12,22.52,72.9,3.73,0,0,0,0,0
1/30/2018 7:26,22.83,69.94,3.73,0,0,0,0,0
1/30/2018 7:41,23.16,73.68,3.73,0,0,0,0,0
1/30/2018 7:56,23.1,71.87,3.73,0,0,0,0,0
1/30/2018 8:10,23.06,73.22,3.73,0,0,0,0,0
1/30/2018 8:25,23.93,68.66,3.73,0,0,0,0,0
1/30/2018 8:40,25.62,64.35,3.73,0,0,0,0,0
1/30/2018 8:55,26.1,62.07,3.73,0,0,0,0,0
1/30/2018 9:09,26.98,53.65,3.73,0,0,0,0,0
1/30/2018 9:24,26.8,52.03,3.73,0,0,0,0,0
1/30/2018 9:39,27.36,57.08,3.73,0,0,0,0,0
1/30/2018 9:54,28.08,48.77,3.73,0,0,0,0,0
1/30/2018 10:08,27.85,52.24,3.73,0,0,0,0,0
1/30/2018 10:23,27.3,51.56,3.73,0,0,0,0,0
1/30/2018 10:37,27.63,49.43,3.73,0,0,0,0,0
1/30/2018 10:52,28.44,48.62,3.73,0,0,0,0,0
1/30/2018 11:07,29.18,46.87,3.73,0,0,0,0,0
1/30/2018 11:22,27.91,49.79,3.73,0,0,0,0,0
1/30/2018 11:36,28.37,48.87,3.73,0,0,0,0,0
1/30/2018 11:51,27.68,46.75,3.73,0,0,0,0,0
1/30/2018 12:05,28.12,42.26,3.73,0,0,0,0,0
1/30/2018 12:20,28.57,43.62,3.73,0,0,0,0,0
1/30/2018 12:35,28.06,44.14,3.73,0,0,0,0,0
1/30/2018 12:49,28,48.11,3.73,0,0,0,0,0
1/30/2018 13:04,26.71,48.08,3.73,0,0,0,0,0
1/30/2018 13:19,26.83,46.55,3.73,0,0,0,0,0
1/30/2018 13:33,26.53,50.88,3.73,0,0,0,0,0
1/30/2018 13:48,26.94,47.78,3.73,0,0,0,0,0
1/30/2018 14:03,27.7,45.93,3.73,0,0,0,0,0
1/30/2018 14:18,27.89,45.52,3.73,0,0,0,0,0
1/30/2018 14:32,27.61,45.49,3.73,0,0,0,0,0
1/30/2018 14:47,27.46,47.65,3.73,0,0,0,0,0
1/30/2018 15:31,25.28,59.45,3.73,0,0,0,0,0
1/30/2018 15:46,24.6,62.57,3.73,0,0,0,0,0
1/30/2018 16:00,24.11,64.45,3.73,0,0,0,0,0
1/30/2018 16:15,23.66,67.03,3.73,0,0,0,0,0
1/30/2018 16:29,23.27,68.88,3.73,0,0,0,0,0
1/30/2018 16:44,22.73,71.19,3.73,0,0,0,0,0
1/30/2018 16:59,22.39,71.18,3.73,0,0,0,0,0
1/30/2018 17:13,22.5,71.51,3.73,0,0,0,0,0
1/30/2018 17:28,22.46,70.12,3.73,0,0,0,0,0
1/30/2018 17:43,22.35,71.31,3.73,0,0,0,0,0
1/30/2018 17:57,22.18,73.39,3.73,0,0,0,0,0
1/30/2018 18:12,22.01,73.32,3.73,0,0,0,0,0
1/30/2018 18:27,21.92,74.7,3.73,0,0,0,0,0
1/30/2018 18:41,21.76,74.61,3.73,0,0,0,0,0
1/30/2018 18:56,21.68,74.65,3.73,0,0,0,0,0
1/30/2018 19:11,21.38,75.06,3.73,0,0,0,0,0
1/30/2018 19:25,21.12,75.68,3.73,0,0,0,0,0
1/30/2018 19:40,20.96,76.9,3.73,0,0,0,0,0
1/30/2018 19:55,20.72,79.54,3.73,0,0,0,0,0
1/30/2018 20:09,20.48,83.27,3.73,0,0,0,0,0
1/30/2018 20:24,20.26,84.69,3.73,0,0,0,0,0
1/30/2018 20:39,20.12,86.29,3.73,0,0,0,0,0
1/30/2018 20:53,19.93,87.7,3.73,0,0,0,0,0
1/30/2018 21:08,19.96,87.7,3.73,0,0,0,0,0
1/30/2018 21:23,19.95,87.51,3.73,0,0,0,0,0
1/30/2018 21:37,19.9,86.68,3.73,0,0,0,0,0
1/30/2018 21:52,19.94,85.39,3.73,0,0,0,0,0
1/30/2018 22:07,19.85,85.15,3.73,0,0,0,0,0
1/30/2018 22:21,19.73,85.51,3.73,0,0,0,0,0
1/30/2018 22:36,19.55,85.42,3.73,0,0,0,0,0
1/30/2018 22:51,19.3,86.85,3.73,0,0,0,0,0
1/30/2018 23:05,19.09,85.8,3.73,0,0,0,0,0
1/30/2018 23:20,18.83,87.87,3.73,0,0,0,0,0
1/30/2018 23:35,18.53,88.69,3.73,0,0,0,0,0
1/30/2018 23:49,18.16,89.85,3.73,0,0,0,0,0
1/31/2018 0:04,17.97,89.83,3.73,0,0,0,0,0
1/31/2018 0:19,17.75,90.24,3.73,0,0,0,0,0
1/31/2018 0:33,17.67,89.9,3.73,0,0,0,0,0
1/31/2018 0:48,17.6,89.88,3.73,0,0,0,0,0
1/31/2018 1:03,17.67,89.29,3.73,0,0,0,0,0
1/31/2018 1:17,17.62,89.46,3.73,0,0,0,0,0
1/31/2018 1:32,17.48,89.71,3.73,0,0,0,0,0
1/31/2018 1:47,17.45,89.82,3.73,0,0,0,0,0
1/31/2018 2:01,17.25,90.48,3.73,0,0,0,0,0
1/31/2018 2:16,17.18,90.63,3.73,0,0,0,0,0
1/31/2018 2:31,17.08,91.15,3.73,0,0,0,0,0
1/31/2018 2:45,16.92,91.32,3.73,0,0,0,0,0
1/31/2018 3:00,16.84,91.71,3.73,0,0,0,0,0
1/31/2018 3:15,16.75,91.69,3.73,0,0,0,0,0
1/31/2018 3:29,16.7,91.72,3.73,0,0,0,0,0
1/31/2018 3:44,16.67,91.57,3.73,0,0,0,0,0
1/31/2018 3:59,16.66,91.69,3.73,0,0,0,0,0
1/31/2018 4:13,16.62,91.65,3.73,0,0,0,0,0
1/31/2018 4:28,16.42,92.72,3.72,0,0,0,0,0
1/31/2018 4:43,16.77,91.51,3.72,0,0,0,0,0
1/31/2018 4:57,17.17,91.29,3.73,0,0,0,0,0
1/31/2018 5:12,17.5,90.68,3.73,0,0,0,0,0
1/31/2018 5:27,18.35,86.89,3.73,0,0,0,0,0
1/31/2018 5:41,19.3,82.43,3.72,0,0,0,0,0
1/31/2018 5:56,19.96,80.49,3.72,0,0,0,0,0
1/31/2018 6:11,20.19,80.41,3.72,0,0,0,0,0
1/31/2018 6:25,20.4,79.7,3.72,0,0,0,0,0
1/31/2018 6:40,20.48,77.78,3.72,0,0,0,0,0
1/31/2018 6:55,21.16,76.11,3.72,0,0,0,0,0
1/31/2018 7:09,21.8,73.58,3.72,0,0,0,0,0
1/31/2018 7:24,22.74,70.68,3.72,0,0,0,0,0
1/31/2018 7:39,23.29,68.8,3.72,0,0,0,0,0
1/31/2018 7:54,23.83,65.08,3.72,0,0,0,0,0
1/31/2018 8:08,24.52,63.24,3.72,0,0,0,0,0
1/31/2018 8:23,25.02,62.01,3.72,0,0,0,0,0
1/31/2018 8:38,26.29,58.65,3.72,0,0,0,0,0
1/31/2018 8:52,25.96,57.65,3.72,0,0,0,0,0
1/31/2018 9:07,27.35,50.53,3.72,0,0,0,0,0
1/31/2018 9:22,26.41,54.87,3.72,0,0,0,0,0
1/31/2018 9:36,24.64,57.76,3.72,0,0,0,0,0
1/31/2018 9:51,24.7,57.95,3.72,0,0,0,0,0
1/31/2018 10:06,24.26,60.93,3.72,0,0,0,0,0
1/31/2018 10:20,24.08,59.63,3.72,0,0,0,0,0
1/31/2018 10:50,24.9,54.88,3.72,0,0,0,0,0
1/31/2018 11:04,25.74,54.63,3.72,0,0,0,0,0
1/31/2018 11:19,26.85,48.78,3.72,0,0,0,0,0
1/31/2018 11:34,27.56,50.88,3.72,0,0,0,0,0
1/31/2018 11:49,26.79,51.91,3.72,0,0,0,0,0
1/31/2018 12:03,26.12,54.64,3.72,0,0,0,0,0
1/31/2018 12:18,25.82,54.44,3.72,0,0,0,0,0
1/31/2018 12:33,25.82,53.69,3.72,0,0,0,0,0
1/31/2018 12:47,26.4,51.98,3.72,0,0,0,0,0
1/31/2018 13:02,26.15,51.09,3.72,0,0,0,0,0
1/31/2018 13:17,27.24,51.36,3.72,0,0,0,0,0
1/31/2018 13:31,27.03,48.97,3.72,0,0,0,0,0
1/31/2018 13:46,27.34,48.97,3.72,0,0,0,0,0
1/31/2018 14:01,27.53,45.01,3.72,0,0,0,0,0
1/31/2018 14:15,27.39,45.56,3.72,0,0,0,0,0
1/31/2018 14:30,27.82,45.58,3.72,0,0,0,0,0
1/31/2018 14:45,27.54,46.47,3.72,0,0,0,0,0
1/31/2018 14:59,27.32,45.05,3.72,0,0,0,0,0
1/31/2018 15:14,26.33,49.07,3.72,0,0,0,0,0
1/31/2018 15:29,25.33,53.46,3.72,0,0,0,0,0
1/31/2018 15:43,24.62,56.21,3.72,0,0,0,0,0
1/31/2018 15:58,23.94,58.76,3.72,0,0,0,0,0
1/31/2018 16:12,23.53,61.08,3.72,0,0,0,0,0
1/31/2018 16:27,23.06,63.13,3.72,0,0,0,0,0
1/31/2018 16:42,22.67,63.89,3.72,0,0,0,0,0
1/31/2018 16:56,22.6,63.82,3.72,0,0,0,0,0
1/31/2018 17:11,22.48,65.41,3.72,0,0,0,0,0
1/31/2018 17:26,22.21,66.08,3.72,0,0,0,0,0
1/31/2018 17:40,22.14,65.96,3.72,0,0,0,0,0
1/31/2018 17:55,21.64,68.2,3.72,0,0,0,0,0
1/31/2018 18:10,21.88,68.63,3.72,0,0,0,0,0
1/31/2018 18:24,21.5,73.53,3.72,0,0,0,0,0
1/31/2018 18:39,21.26,75.76,3.72,0,0,0,0,0
1/31/2018 18:54,20.84,77.8,3.72,0,0,0,0,0
1/31/2018 19:08,20.4,79.39,3.72,0,0,0,0,0
1/31/2018 19:23,20.12,79.92,3.72,0,0,0,0,0
1/31/2018 19:38,19.88,81.29,3.72,0,0,0,0,0
1/31/2018 19:52,19.65,82,3.72,0,0,0,0,0
1/31/2018 20:07,19.37,83.07,3.72,0,0,0,0,0
1/31/2018 20:22,19.27,83.2,3.72,0,0,0,0,0
1/31/2018 20:36,19.07,83.87,3.72,0,0,0,0,0
1/31/2018 20:51,19.03,84.59,3.72,0,0,0,0,0
1/31/2018 21:06,19.09,83.71,3.72,0,0,0,0,0
1/31/2018 21:20,19.09,83.21,3.72,0,0,0,0,0
1/31/2018 21:35,18.67,84.92,3.72,0,0,0,0,0
1/31/2018 21:49,18.52,86.4,3.72,0,0,0,0,0
1/31/2018 22:04,18.01,88.01,3.72,0,0,0,0,0
1/31/2018 22:19,17.93,88.74,3.72,0,0,0,0,0
1/31/2018 22:33,17.84,88.53,3.72,0,0,0,0,0
1/31/2018 22:48,17.73,88.83,3.72,0,0,0,0,0
1/31/2018 23:03,17.63,89.07,3.72,0,0,0,0,0
1/31/2018 23:17,17.44,89.25,3.72,0,0,0,0,0
1/31/2018 23:32,17.22,90.02,3.72,0,0,0,0,0
1/31/2018 23:47,17.12,90.13,3.72,0,0,0,0,0
2/1/2018 0:01,16.82,91.62,3.72,0,0,0,0,0
2/1/2018 0:16,16.88,92.12,3.72,0,0,0,0,0
2/1/2018 0:31,17.02,90.71,3.72,0,0,0,0,0
2/1/2018 0:45,16.7,91.56,3.72,0,0,0,0,0
2/1/2018 1:00,16.6,92.41,3.72,0,0,0,0,0
2/1/2018 1:15,16.64,92.24,3.72,0,0,0,0,0
2/1/2018 1:29,16.49,92.68,3.72,0,0,0,0,0
2/1/2018 1:44,16.32,92.54,3.72,0,0,0,0,0
2/1/2018 1:59,16.21,93.03,3.72,0,0,0,0,0
2/1/2018 2:13,16.1,93.04,3.72,0,0,0,0,0
2/1/2018 2:28,16.14,93.41,3.72,0,0,0,0,0
2/1/2018 2:43,16.48,92.72,3.72,0,0,0,0,0
2/1/2018 2:57,16.94,91.42,3.72,0,0,0,0,0
2/1/2018 3:12,16.98,91.29,3.72,0,0,0,0,0
2/1/2018 3:27,16.82,92.06,3.72,0,0,0,0,0
2/1/2018 3:41,16.92,92.18,3.72,0,0,0,0,0
2/1/2018 3:56,17.12,91.94,3.72,0,0,0,0,0
2/1/2018 4:11,17.71,90.76,3.72,0,0,0,0,0
2/1/2018 4:25,17.58,91.76,3.71,0,0,0,0,0
2/1/2018 4:40,17.78,89.87,3.72,0,0,0,0,0
2/1/2018 4:55,18.36,87.85,3.72,0,0,0,0,0
2/1/2018 5:09,18.79,87.04,3.71,0,0,0,0,0
2/1/2018 5:24,19.34,85.81,3.71,0,0,0,0,0
2/1/2018 5:39,19.6,84.72,3.71,0,0,0,0,0
2/1/2018 5:53,20.17,83.45,3.71,0,0,0,0,0
2/1/2018 6:08,20.5,80.83,3.71,0,0,0,0,0
2/1/2018 6:23,21.04,78.43,3.71,0,0,0,0,0
2/1/2018 6:52,22.3,72.61,3.71,0,0,0,0,0
2/1/2018 7:07,22.98,70.93,3.71,0,0,0,0,0
2/1/2018 7:22,23.35,67.41,3.71,0,0,0,0,0
2/1/2018 7:36,23.82,67.81,3.71,0,0,0,0,0
2/1/2018 7:51,23.27,68.11,3.71,0,0,0,0,0
2/1/2018 8:06,24.41,63.38,3.71,0,0,0,0,0
2/1/2018 8:20,24.6,62.87,3.71,0,0,0,0,0
2/1/2018 8:35,24.71,60.73,3.71,0,0,0,0,0
2/1/2018 8:50,26.53,48.64,3.71,0,0,0,0,0
2/1/2018 9:05,26.27,49.45,3.71,0,0,0,0,0
2/1/2018 9:19,27.22,45.64,3.71,0,0,0,0,0
2/1/2018 9:34,27.91,43.41,3.71,0,0,0,0,0
2/1/2018 9:49,27.45,42.83,3.71,0,0,0,0,0
2/1/2018 10:03,28.52,43.31,3.71,0,0,0,0,0
2/1/2018 10:18,28.76,40.22,3.71,0,0,0,0,0
2/1/2018 10:33,30.24,37.16,3.71,0,0,0,0,0
2/1/2018 10:47,29.07,31.16,3.71,0,0,0,0,0
2/1/2018 11:02,30.91,30.31,3.71,0,0,0,0,0
2/1/2018 11:17,29.19,34.61,3.71,0,0,0,0,0
2/1/2018 11:31,29.64,34.05,3.71,0,0,0,0,0
2/1/2018 11:46,29.82,32.51,3.71,0,0,0,0,0
2/1/2018 12:01,30.32,30.62,3.71,0,0,0,0,0
2/1/2018 12:15,29.96,32.94,3.71,0,0,0,0,0
2/1/2018 12:30,28.51,34.51,3.71,0,0,0,0,0
2/1/2018 12:45,28.88,34.37,3.71,0,0,0,0,0
2/1/2018 12:59,28.76,37.05,3.71,0,0,0,0,0
2/1/2018 13:14,29.66,38,3.71,0,0,0,0,0
2/1/2018 13:29,30.1,32.53,3.71,0,0,0,0,0
2/1/2018 13:43,28.62,34.52,3.71,0,0,0,0,0
2/1/2018 13:58,28.18,36.09,3.71,0,0,0,0,0
2/1/2018 14:13,28.35,35.83,3.71,0,0,0,0,0
2/1/2018 14:27,27.97,39.14,3.71,0,0,0,0,0
2/1/2018 14:42,27.71,37.98,3.71,0,0,0,0,0
2/1/2018 14:57,27.62,40.1,3.71,0,0,0,0,0
2/1/2018 15:11,27.33,39.93,3.71,0,0,0,0,0
2/1/2018 15:26,27.01,40.92,3.71,0,0,0,0,0
2/1/2018 15:40,26.42,42.54,3.71,0,0,0,0,0
2/1/2018 15:55,26.04,43.64,3.71,0,0,0,0,0
2/1/2018 16:10,25.54,44.68,3.71,0,0,0,0,0
2/1/2018 16:24,24.85,46.87,3.71,0,0,0,0,0
2/1/2018 16:39,24.3,48.75,3.71,0,0,0,0,0
2/1/2018 16:54,24.03,51.16,3.71,0,0,0,0,0
2/1/2018 17:08,23.8,52.87,3.71,0,0,0,0,0
2/1/2018 17:23,23.66,54.61,3.71,0,0,0,0,0
2/1/2018 17:38,23.29,58.69,3.71,0,0,0,0,0
2/1/2018 17:52,23.04,61.7,3.71,0,0,0,0,0
2/1/2018 18:07,22.89,62.3,3.71,0,0,0,0,0
2/1/2018 18:22,22.79,62.96,3.71,0,0,0,0,0
2/1/2018 18:36,22.22,65.62,3.71,0,0,0,0,0
2/1/2018 18:51,22.04,66.12,3.71,0,0,0,0,0
2/1/2018 19:06,21.61,67.5,3.71,0,0,0,0,0
2/1/2018 19:20,21.31,68.73,3.71,0,0,0,0,0
2/1/2018 19:35,20.75,71.1,3.71,0,0,0,0,0
2/1/2018 19:50,20.32,73.19,3.71,0,0,0,0,0
2/1/2018 20:04,20.12,73.59,3.71,0,0,0,0,0
2/1/2018 20:19,20.04,72.86,3.71,0,0,0,0,0
2/1/2018 20:34,20.2,72.34,3.71,0,0,0,0,0
2/1/2018 20:48,19.94,72.76,3.71,0,0,0,0,0
2/1/2018 21:03,19.82,73.88,3.71,0,0,0,0,0
2/1/2018 21:18,19.44,75.66,3.71,0,0,0,0,0
2/1/2018 21:32,19.17,76.88,3.71,0,0,0,0,0
2/1/2018 21:47,19.17,76.88,3.71,0,0,0,0,0
2/1/2018 22:01,18.88,78.36,3.71,0,0,0,0,0
2/1/2018 22:16,18.73,78.73,3.71,0,0,0,0,0
2/1/2018 22:31,18.39,80.78,3.71,0,0,0,0,0
2/1/2018 22:45,17.8,80.91,3.71,0,0,0,0,0
2/1/2018 23:00,17.7,82.52,3.71,0,0,0,0,0
2/1/2018 23:15,17.91,82.17,3.71,0,0,0,0,0
2/1/2018 23:29,17.97,81.53,3.71,0,0,0,0,0
2/1/2018 23:44,17.94,81.52,3.71,0,0,0,0,0
2/1/2018 23:59,17.76,82.43,3.71,0,0,0,0,0
2/2/2018 0:13,17.64,83.13,3.71,0,0,0,0,0
2/2/2018 0:28,17.46,84,3.71,0,0,0,0,0
2/2/2018 0:43,17.15,84.82,3.71,0,0,0,0,0
2/2/2018 0:57,16.87,86.47,3.7,0,0,0,0,0
2/2/2018 1:12,16.88,86.35,3.71,0,0,0,0,0
2/2/2018 1:27,16.78,86.71,3.71,0,0,0,0,0
2/2/2018 1:41,16.99,86.14,3.71,0,0,0,0,0
2/2/2018 1:56,17.13,85.54,3.71,0,0,0,0,0
2/2/2018 2:11,17.15,86.22,3.71,0,0,0,0,0
2/2/2018 2:25,16.84,87.77,3.71,0,0,0,0,0
2/2/2018 2:40,16.99,87.24,3.71,0,0,0,0,0
2/2/2018 2:55,17.03,86.57,3.71,0,0,0,0,0
2/2/2018 3:09,17.12,86.09,3.7,0,0,0,0,0
2/2/2018 3:24,17.02,86.72,3.71,0,0,0,0,0
2/2/2018 3:39,16.66,88.57,3.7,0,0,0,0,0
2/2/2018 3:53,16.55,88.85,3.7,0,0,0,0,0
2/2/2018 4:08,16.66,88.66,3.7,0,0,0,0,0
2/2/2018 4:23,16.64,88.73,3.71,0,0,0,0,0
2/2/2018 4:37,16.94,88.4,3.71,0,0,0,0,0
2/2/2018 4:52,17.7,85.91,3.7,0,0,0,0,0
2/2/2018 5:07,18.43,83.41,3.71,0,0,0,0,0
2/2/2018 5:21,18.93,82.55,3.7,0,0,0,0,0
2/2/2018 5:36,19.78,80.81,3.7,0,0,0,0,0
2/2/2018 5:51,20.45,78.62,3.7,0,0,0,0,0
2/2/2018 6:05,20.98,76.64,3.7,0,0,0,0,0
2/2/2018 6:20,21.82,74,3.7,0,0,0,0,0
2/2/2018 6:35,22.78,71.39,3.7,0,0,0,0,0
2/2/2018 6:49,23.22,69.73,3.7,0,0,0,0,0
2/2/2018 7:04,23.86,66.51,3.7,0,0,0,0,0
2/2/2018 7:19,24.81,63.14,3.7,0,0,0,0,0
2/2/2018 7:34,24.98,63.44,3.7,0,0,0,0,0
2/2/2018 7:48,25.86,60.15,3.7,0,0,0,0,0
2/2/2018 8:03,25.14,60.98,3.69,0,0,0,0,0
2/2/2018 8:18,26.78,55.11,3.7,0,0,0,0,0
2/2/2018 8:32,28.03,52.91,3.69,0,0,0,0,0
2/2/2018 8:47,27.16,53.93,3.7,0,0,0,0,0
2/2/2018 9:02,27.54,53.67,3.69,0,0,0,0,0
2/2/2018 9:16,28.77,51.78,3.69,0,0,0,0,0
2/2/2018 9:31,29.61,47.51,3.69,0,0,0,0,0
2/2/2018 9:46,29.39,47.06,3.69,0,0,0,0,0
2/2/2018 10:01,30.21,45.29,3.69,0,0,0,0,0
2/2/2018 10:15,30.45,43.6,3.69,0,0,0,0,0
2/2/2018 10:30,29.61,43.2,3.69,0,0,0,0,0
2/2/2018 10:44,27.5,49.09,3.69,0,0,0,0,0
2/2/2018 10:59,29.86,46.08,3.69,0,0,0,0,0
2/2/2018 11:14,29.79,41.28,3.69,0,0,0,0,0
2/2/2018 11:28,31.37,39.11,3.69,0,0,0,0,0
2/2/2018 11:43,30.23,43.44,3.69,0,0,0,0,0
2/2/2018 11:58,30.17,45.08,3.69,0,0,0,0,0
2/2/2018 12:13,30.96,38.79,3.69,0,0,0,0,0
2/2/2018 12:27,30.48,41.84,3.69,0,0,0,0,0
2/2/2018 12:42,27.92,50.02,3.69,0,0,0,0,0
2/2/2018 12:56,24.11,64.72,3.69,0,0,0,0,0
2/2/2018 13:11,21.44,78.3,3.7,0,0,0,0,0
2/2/2018 13:25,19.94,84.57,3.7,0,0,0,0,0
2/2/2018 13:40,20.43,84.86,3.7,0,0,0,0,0
2/2/2018 13:55,20.91,87.4,3.7,0,0,0,0,0
2/2/2018 14:09,20.93,81.26,3.7,0,0,0,0,0
2/2/2018 14:24,21.3,84.13,3.7,0,0,0,0,0
2/2/2018 14:39,20.81,84.62,3.7,0,0,0,0,0
2/2/2018 14:53,21.04,84.75,3.7,0,0,0,0,0
2/2/2018 15:08,20.92,83.95,3.7,0,0,0,0,0
2/2/2018 15:23,20.81,86.06,3.7,0,0,0,0,0
2/2/2018 15:37,20.69,85.29,3.7,0,0,0,0,0
2/2/2018 15:52,20.58,88.43,3.7,0,0,0,0,0
2/2/2018 16:07,20.58,87.95,3.69,0,0,0,0,0
2/2/2018 16:21,20.35,87.32,3.69,0,0,0,0,0
2/2/2018 16:36,20.54,84.09,3.69,0,0,0,0,0
2/2/2018 16:51,20.54,83.76,3.69,0,0,0,0,0
2/2/2018 17:05,20.11,85.53,3.69,0,0,0,0,0
2/2/2018 17:20,19.92,85.95,3.69,0,0,0,0,0
2/2/2018 17:35,19.8,87.18,3.69,0,0,0,0,0
2/2/2018 17:49,19.83,87.87,3.69,0,0,0,0,0
2/2/2018 18:04,19.37,90.13,3.69,0,0,0,0,0
2/2/2018 18:19,19.3,89.31,3.69,0,0,0,0,0
2/2/2018 18:33,19.02,90.79,3.69,0,0,0,0,0
2/2/2018 18:48,18.97,92.21,3.69,0,0,0,0,0
2/2/2018 19:02,18.98,90.22,3.69,0,0,0,0,0
2/2/2018 19:17,19.51,87.07,3.69,0,0,0,0,0
2/2/2018 19:32,19.09,89.16,3.69,0,0,0,0,0
2/2/2018 19:46,18.88,90.38,3.69,0,0,0,0,0
2/2/2018 20:01,18.69,91.99,3.69,0,0,0,0,0
2/2/2018 20:16,18.54,92.09,3.69,0,0,0,0,0
2/2/2018 20:30,18.65,92.67,3.69,0,0,0,0,0
2/2/2018 20:45,18.75,91.55,3.69,0,0,0,0,0
2/2/2018 21:00,18.57,91.46,3.69,0,0,0,0,0
2/2/2018 21:14,18.3,92.63,3.69,0,0,0,0,0
2/2/2018 21:29,18.15,93.02,3.69,0,0,0,0,0
2/2/2018 21:44,17.9,93.11,3.69,0,0,0,0,0
2/2/2018 21:58,17.76,93.66,3.69,0,0,0,0,0
2/2/2018 22:13,17.72,93.92,3.69,0,0,0,0,0
2/2/2018 22:28,17.77,93.16,3.69,0,0,0,0,0
2/2/2018 22:42,17.48,93.53,3.69,0,0,0,0,0
2/2/2018 22:57,17.24,94.81,3.69,0,0,0,0,0
2/2/2018 23:12,17.21,95.15,3.69,0,0,0,0,0
2/2/2018 23:26,17.32,95.31,3.69,0,0,0,0,0
2/2/2018 23:41,17.11,94.15,3.69,0,0,0,0,0
2/2/2018 23:56,16.78,95.66,3.69,0,0,0,0,0
2/3/2018 0:10,16.94,95.34,3.69,0,0,0,0,0
2/3/2018 0:25,17.37,93.6,3.69,0,0,0,0,0
2/3/2018 0:40,17.26,93.62,3.69,0,0,0,0,0
2/3/2018 0:54,17.23,94.05,3.69,0,0,0,0,0
2/3/2018 1:09,17.32,93.79,3.69,0,0,0,0,0
2/3/2018 1:24,17.1,94.06,3.69,0,0,0,0,0
2/3/2018 1:38,17.18,93.73,3.69,0,0,0,0,0
2/3/2018 1:53,16.89,93.74,3.69,0,0,0,0,0
2/3/2018 2:08,16.7,94.88,3.69,0,0,0,0,0
2/3/2018 2:22,16.88,94.66,3.69,0,0,0,0,0
2/3/2018 2:37,16.78,93.8,3.69,0,0,0,0,0
2/3/2018 2:52,16.92,94.15,3.69,0,0,0,0,0
2/3/2018 3:06,16.74,94.28,3.69,0,0,0,0,0
2/3/2018 3:21,16.7,94.7,3.69,0,0,0,0,0
2/3/2018 3:36,16.52,95.23,3.69,0,0,0,0,0
2/3/2018 3:50,16.69,95.45,3.69,0,0,0,0,0
2/3/2018 4:05,16.66,95.18,3.69,0,0,0,0,0
2/3/2018 4:20,16.79,95.3,3.69,0,0,0,0,0
2/3/2018 4:34,16.98,95.17,3.69,0,0,0,0,0
2/3/2018 4:49,17.28,94.81,3.69,0,0,0,0,0
2/3/2018 5:04,17.68,93.55,3.69,0,0,0,0,0
2/3/2018 5:18,17.9,93.2,3.69,0,0,0,0,0
2/3/2018 5:33,18.56,91.87,3.69,0,0,0,0,0
2/3/2018 5:48,19.07,91.13,3.69,0,0,0,0,0
2/3/2018 6:02,19.92,87.24,3.69,0,0,0,0,0
2/3/2018 6:17,19.83,87.34,3.69,0,0,0,0,0
2/3/2018 6:32,20.94,82.87,3.69,0,0,0,0,0
2/3/2018 6:46,21.36,80.86,3.69,0,0,0,0,0
2/3/2018 7:01,21.43,82.49,3.69,0,0,0,0,0
2/3/2018 7:16,22.5,79.28,3.69,0,0,0,0,0
2/3/2018 7:30,23.49,73.78,3.69,0,0,0,0,0
2/3/2018 7:45,23.92,68.2,3.69,0,0,0,0,0
2/3/2018 8:00,23.96,75.51,3.69,0,0,0,0,0
2/3/2018 8:15,24.15,75.66,3.69,0,0,0,0,0
2/3/2018 8:29,25.62,65.67,3.69,0,0,0,0,0
2/3/2018 8:44,27.08,58.43,3.69,0,0,0,0,0
2/3/2018 8:59,27.67,57.59,3.69,0,0,0,0,0
2/3/2018 11:56,25.72,60.46,3.69,0,0,0,0,0
2/3/2018 12:10,28.19,52.54,3.69,0,0,0,0,0
2/3/2018 12:25,27.21,54.7,3.69,0,0,0,0,0
2/3/2018 12:40,26.8,52.93,3.69,0,0,0,0,0
2/3/2018 12:54,27.78,49,3.69,0,0,0,0,0
2/3/2018 13:09,28.28,46.46,3.69,0,0,0,0,0
2/3/2018 13:24,28.51,45.86,3.69,0,0,0,0,0
2/3/2018 13:38,28.97,46.84,3.69,0,0,0,0,0
2/3/2018 13:53,29.02,45.18,3.69,0,0,0,0,0
2/3/2018 14:08,27.49,46.53,3.69,0,0,0,0,0
2/3/2018 14:22,28.52,47.38,3.68,0,0,0,0,0
2/3/2018 14:37,28.02,46.63,3.69,0,0,0,0,0
2/3/2018 14:52,27.91,48.06,3.69,0,0,0,0,0
2/3/2018 15:06,27.62,45.49,3.69,0,0,0,0,0
2/3/2018 15:21,27.19,48.27,3.69,0,0,0,0,0
2/3/2018 15:36,27.06,44.82,3.68,0,0,0,0,0
2/3/2018 15:50,26.37,48.1,3.69,0,0,0,0,0
2/3/2018 16:05,25.34,56.56,3.69,0,0,0,0,0
2/3/2018 16:20,24.45,60.32,3.69,0,0,0,0,0
2/3/2018 16:34,23.81,64.46,3.68,0,0,0,0,0
2/3/2018 16:49,23.59,63.27,3.69,0,0,0,0,0
2/3/2018 17:04,23.23,65.06,3.69,0,0,0,0,0
2/3/2018 17:18,22.9,66,3.69,0,0,0,0,0
2/3/2018 17:33,22.68,66.63,3.69,0,0,0,0,0
2/3/2018 17:47,22.69,66.77,3.69,0,0,0,0,0
2/3/2018 18:02,22.59,67.16,3.69,0,0,0,0,0
2/3/2018 18:31,22.44,67.16,3.69,0,0,0,0,0
2/3/2018 18:46,22.35,67.81,3.69,0,0,0,0,0
2/3/2018 19:01,22.1,68.68,3.68,0,0,0,0,0
2/3/2018 19:15,21.94,69.27,3.69,0,0,0,0,0
2/3/2018 19:30,21.55,70.55,3.68,0,0,0,0,0
2/3/2018 19:45,20.73,75.12,3.69,0,0,0,0,0
2/3/2018 19:59,20.52,74.61,3.69,0,0,0,0,0
2/3/2018 20:14,20.65,74.94,3.68,0,0,0,0,0
2/3/2018 20:28,20.62,73.63,3.69,0,0,0,0,0
2/3/2018 20:43,20.64,72.1,3.69,0,0,0,0,0
2/3/2018 20:58,20.36,75.18,3.68,0,0,0,0,0
2/3/2018 21:12,19.66,79.52,3.68,0,0,0,0,0
2/3/2018 21:27,18.97,80.79,3.68,0,0,0,0,0
2/3/2018 21:42,18.8,81.36,3.68,0,0,0,0,0
2/3/2018 21:56,18.84,81.67,3.69,0,0,0,0,0
2/3/2018 22:11,18.76,80.28,3.68,0,0,0,0,0
2/3/2018 22:26,18.55,82.19,3.68,0,0,0,0,0
2/3/2018 22:40,18.42,82.41,3.68,0,0,0,0,0
2/3/2018 22:55,18.54,82.61,3.68,0,0,0,0,0
2/3/2018 23:10,18.34,83.56,3.69,0,0,0,0,0
2/3/2018 23:24,17.88,86.03,3.69,0,0,0,0,0
2/3/2018 23:39,17.92,86.02,3.68,0,0,0,0,0
2/3/2018 23:53,17.86,86.75,3.68,0,0,0,0,0
2/4/2018 0:08,17.96,85.93,3.68,0,0,0,0,0
2/4/2018 0:23,17.45,88.58,3.68,0,0,0,0,0
2/4/2018 0:37,17.57,87.04,3.68,0,0,0,0,0
2/4/2018 0:52,17.42,87.34,3.68,0,0,0,0,0
2/4/2018 1:07,17.28,87.12,3.68,0,0,0,0,0
2/4/2018 1:21,17.56,86.41,3.68,0,0,0,0,0
2/4/2018 1:36,17.55,85.81,3.68,0,0,0,0,0
2/4/2018 1:51,17.33,86.88,3.68,0,0,0,0,0
2/4/2018 2:05,17.14,88.31,3.68,0,0,0,0,0
2/4/2018 2:20,17.15,88.32,3.68,0,0,0,0,0
2/4/2018 2:35,17.11,88.4,3.68,0,0,0,0,0
2/4/2018 2:49,16.94,89.32,3.68,0,0,0,0,0
2/4/2018 3:04,17.01,89.66,3.68,0,0,0,0,0
2/4/2018 3:19,17.05,90.06,3.68,0,0,0,0,0
2/4/2018 3:33,16.78,90.64,3.68,0,0,0,0,0
2/4/2018 3:48,16.93,90.5,3.68,0,0,0,0,0
2/4/2018 4:03,16.87,90.68,3.68,0,0,0,0,0
2/4/2018 4:17,16.87,90.85,3.68,0,0,0,0,0
2/4/2018 4:32,16.84,91.26,3.68,0,0,0,0,0
2/4/2018 4:47,17.17,90.97,3.68,0,0,0,0,0
2/4/2018 5:01,18.31,87.02,3.68,0,0,0,0,0
2/4/2018 5:16,18.72,86.03,3.68,0,0,0,0,0
2/4/2018 5:31,19.08,85.51,3.68,0,0,0,0,0
2/4/2018 5:45,19.71,84.72,3.68,0,0,0,0,0
2/4/2018 6:00,20.3,81.58,3.68,0,0,0,0,0
2/4/2018 6:15,21.17,79.42,3.68,0,0,0,0,0
2/4/2018 6:29,22.14,75.94,3.68,0,0,0,0,0
2/4/2018 6:44,22.77,74.24,3.68,0,0,0,0,0
2/4/2018 6:59,23.68,68.44,3.68,0,0,0,0,0
2/4/2018 7:14,23.95,66.62,3.68,0,0,0,0,0
2/4/2018 7:28,24.34,65.52,3.68,0,0,0,0,0
2/4/2018 7:43,25.63,62.35,3.68,0,0,0,0,0
2/4/2018 7:58,26.29,60.18,3.68,0,0,0,0,0
2/4/2018 8:12,25.71,62.78,3.68,0,0,0,0,0
2/4/2018 8:27,25.14,63.58,3.68,0,0,0,0,0
2/4/2018 8:42,26.77,58.11,3.68,0,0,0,0,0
2/4/2018 8:57,28.32,55.42,3.68,0,0,0,0,0
2/4/2018 9:11,28.44,52.26,3.68,0,0,0,0,0
2/4/2018 9:26,26.63,54.87,3.68,0,0,0,0,0
2/4/2018 9:40,25.74,58.29,3.68,0,0,0,0,0
2/4/2018 9:55,26.23,57.44,3.68,0,0,0,0,0
2/4/2018 10:10,29.5,45.27,3.68,0,0,0,0,0
2/4/2018 10:25,30.82,48.22,3.68,0,0,0,0,0
2/4/2018 10:39,28.26,50.26,3.68,0,0,0,0,0
2/4/2018 10:54,31.5,42.66,3.68,0,0,0,0,0
2/4/2018 11:09,30.06,42.61,3.68,0,0,0,0,0
2/4/2018 11:23,27.94,48.4,3.68,0,0,0,0,0
2/4/2018 11:38,30.04,41.07,3.68,0,0,0,0,0
2/4/2018 11:53,31.28,38.09,3.68,0,0,0,0,0
2/4/2018 12:07,30.36,39.21,3.68,0,0,0,0,0
2/4/2018 12:22,29.27,41.84,3.68,0,0,0,0,0
2/4/2018 12:37,29.38,41.41,3.68,0,0,0,0,0
2/4/2018 12:51,29.08,41.75,3.68,0,0,0,0,0
2/4/2018 13:06,29.44,38.92,3.68,0,0,0,0,0
2/4/2018 13:21,29.32,38.35,3.68,0,0,0,0,0
2/4/2018 13:35,29.02,38.8,3.68,0,0,0,0,0
2/4/2018 13:50,28.94,40,3.68,0,0,0,0,0
2/4/2018 14:05,27.79,42.33,3.68,0,0,0,0,0
2/4/2018 14:19,27.38,41.09,3.68,0,0,0,0,0
2/4/2018 14:34,27.17,43.87,3.68,0,0,0,0,0
2/4/2018 14:49,26.8,42.59,3.68,0,0,0,0,0
2/4/2018 15:03,26.2,46.54,3.68,0,0,0,0,0
2/4/2018 15:18,25.68,47.95,3.68,0,0,0,0,0
2/4/2018 15:32,25.38,49.86,3.68,0,0,0,0,0
2/4/2018 15:47,25.15,50.6,3.68,0,0,0,0,0
2/4/2018 16:02,24.88,55.56,3.68,0,0,0,0,0
2/4/2018 16:16,24.33,58.08,3.68,0,0,0,0,0
2/4/2018 16:31,23.7,61.38,3.68,0,0,0,0,0
2/4/2018 16:46,23.48,62.42,3.68,0,0,0,0,0
2/4/2018 17:00,23.2,62.82,3.68,0,0,0,0,0
2/4/2018 17:15,22.9,64.84,3.68,0,0,0,0,0
2/4/2018 17:30,23.05,63.89,3.68,0,0,0,0,0
2/4/2018 17:44,22.55,66.34,3.68,0,0,0,0,0
2/4/2018 17:59,22.26,66.87,3.68,0,0,0,0,0
2/4/2018 18:14,22.61,66.27,3.68,0,0,0,0,0
2/4/2018 18:28,22.66,67.05,3.68,0,0,0,0,0
2/4/2018 18:43,22.45,66.21,3.68,0,0,0,0,0
2/4/2018 18:58,22.35,66.34,3.68,0,0,0,0,0
2/4/2018 19:12,22.11,68.93,3.68,0,0,0,0,0
2/4/2018 19:27,21.82,69.56,3.68,0,0,0,0,0
2/4/2018 19:42,21.62,70.03,3.68,0,0,0,0,0
2/4/2018 19:56,21.6,71.89,3.68,0,0,0,0,0
2/4/2018 20:11,21.46,71.76,3.68,0,0,0,0,0
2/4/2018 20:26,21.25,73.37,3.68,0,0,0,0,0
2/4/2018 20:40,21.19,73.08,3.68,0,0,0,0,0
2/4/2018 20:55,20.77,77.31,3.68,0,0,0,0,0
2/4/2018 21:10,20.58,75.73,3.68,0,0,0,0,0
2/4/2018 21:24,20.48,77.84,3.68,0,0,0,0,0
2/4/2018 21:54,20.07,77.98,3.68,0,0,0,0,0
2/4/2018 22:08,20.03,78.24,3.68,0,0,0,0,0
2/4/2018 22:23,19.82,79.71,3.68,0,0,0,0,0
2/4/2018 22:38,19.65,79.46,3.68,0,0,0,0,0
2/4/2018 22:52,19.4,79.43,3.68,0,0,0,0,0
2/4/2018 23:07,19.45,79.68,3.68,0,0,0,0,0
2/4/2018 23:22,19.41,81.79,3.68,0,0,0,0,0
2/4/2018 23:36,19.52,80.49,3.68,0,0,0,0,0
2/4/2018 23:51,19.88,78.55,3.68,0,0,0,0,0
2/5/2018 0:06,20,77.58,3.68,0,0,0,0,0
2/5/2018 0:20,19.96,78.67,3.68,0,0,0,0,0
2/5/2018 0:35,19.62,80.15,3.68,0,0,0,0,0
2/5/2018 0:50,19.22,82.84,3.68,0,0,0,0,0
2/5/2018 1:04,19,83.91,3.68,0,0,0,0,0
2/5/2018 1:19,18.82,85.45,3.68,0,0,0,0,0
2/5/2018 1:34,19.04,83.22,3.68,0,0,0,0,0
2/5/2018 1:48,18.86,83.73,3.68,0,0,0,0,0
2/5/2018 2:03,18.52,85.4,3.68,0,0,0,0,0
2/5/2018 2:18,18.52,85.3,3.68,0,0,0,0,0
2/5/2018 2:32,18.32,86.16,3.68,0,0,0,0,0
2/5/2018 2:47,18.25,85.42,3.68,0,0,0,0,0
2/5/2018 3:01,18.03,86.86,3.68,0,0,0,0,0
2/5/2018 3:16,18.09,86.64,3.68,0,0,0,0,0
2/5/2018 3:31,18.06,86.87,3.68,0,0,0,0,0
2/5/2018 3:46,17.92,87.55,3.68,0,0,0,0,0
2/5/2018 4:00,17.57,88.58,3.68,0,0,0,0,0
2/5/2018 4:15,17.22,89.78,3.68,0,0,0,0,0
2/5/2018 4:29,17.42,89.99,3.68,0,0,0,0,0
2/5/2018 4:44,17.73,89.24,3.68,0,0,0,0,0
2/5/2018 4:59,18.45,86.72,3.68,0,0,0,0,0
2/5/2018 5:13,18.79,86.27,3.68,0,0,0,0,0
2/5/2018 5:28,19.2,85.09,3.68,0,0,0,0,0
2/5/2018 5:43,19.44,84.73,3.68,0,0,0,0,0
2/5/2018 5:57,20.13,82.41,3.68,0,0,0,0,0
2/5/2018 6:12,20.89,79.7,3.68,0,0,0,0,0
2/5/2018 6:27,21.54,78.24,3.68,0,0,0,0,0
2/5/2018 6:42,22.25,74.33,3.68,0,0,0,0,0
2/5/2018 6:56,23.2,71.08,3.68,0,0,0,0,0
2/5/2018 7:11,24.14,64.69,3.67,0,0,0,0,0
2/5/2018 7:26,25.08,58.01,3.68,0,0,0,0,0
2/5/2018 7:40,25.48,61,3.67,0,0,0,0,0
2/5/2018 7:55,26.01,59.38,3.67,0,0,0,0,0
2/5/2018 8:25,27.4,53.55,3.67,0,0,0,0,0
2/5/2018 8:39,28.54,50.72,3.67,0,0,0,0,0
2/5/2018 8:54,28.66,40.62,3.67,0,0,0,0,0
2/5/2018 9:09,27.43,47.02,3.67,0,0,0,0,0
2/5/2018 9:23,28.15,44.61,3.67,0,0,0,0,0
2/5/2018 9:38,27.84,47.43,3.67,0,0,0,0,0
2/5/2018 9:53,26.46,46.93,3.67,0,0,0,0,0
2/5/2018 10:07,25.96,47.43,3.67,0,0,0,0,0
2/5/2018 10:22,26.09,49.27,3.67,0,0,0,0,0
2/5/2018 10:51,27.33,44.49,3.67,0,0,0,0,0
2/5/2018 11:06,28.98,44.61,3.67,0,0,0,0,0
2/5/2018 11:21,29.2,40.47,3.67,0,0,0,0,0
2/5/2018 11:36,28.93,39.76,3.67,0,0,0,0,0
2/5/2018 11:50,28.07,44.54,3.67,0,0,0,0,0
2/5/2018 12:05,27.75,45.1,3.67,0,0,0,0,0
2/5/2018 12:20,27.61,44.45,3.67,0,0,0,0,0
2/5/2018 12:34,28.75,43.64,3.67,0,0,0,0,0
2/5/2018 12:49,28.37,44.44,3.67,0,0,0,0,0
2/5/2018 13:04,28.44,44.11,3.67,0,0,0,0,0
2/5/2018 13:18,29.02,42.09,3.67,0,0,0,0,0
2/5/2018 13:33,29.25,39.31,3.67,0,0,0,0,0
2/5/2018 13:48,30.38,37.41,3.67,0,0,0,0,0
2/5/2018 14:02,29.06,39.36,3.67,0,0,0,0,0
2/5/2018 14:17,27.9,39.92,3.67,0,0,0,0,0
2/5/2018 14:32,27.27,42.3,3.67,0,0,0,0,0
2/5/2018 14:46,26.28,47.7,3.67,0,0,0,0,0
2/5/2018 15:01,24.96,50.32,3.67,0,0,0,0,0
2/5/2018 15:15,25.04,49.17,3.67,0,0,0,0,0
2/5/2018 15:30,25,49.49,3.67,0,0,0,0,0
2/5/2018 15:45,24.78,50.59,3.67,0,0,0,0,0
2/5/2018 15:59,24.53,50.81,3.67,0,0,0,0,0
2/5/2018 16:14,24.34,51.96,3.67,0,0,0,0,0
2/5/2018 16:29,23.79,55.13,3.67,0,0,0,0,0
2/5/2018 16:43,23.91,51.72,3.67,0,0,0,0,0
2/5/2018 16:58,23.55,54.69,3.67,0,0,0,0,0
2/5/2018 17:13,23.46,55.36,3.67,0,0,0,0,0
2/5/2018 17:27,23.2,56.87,3.67,0,0,0,0,0
2/5/2018 17:42,22.46,62.49,3.67,0,0,0,0,0
2/5/2018 17:57,22.24,64.11,3.67,0,0,0,0,0
2/5/2018 18:11,22.12,67.16,3.67,0,0,0,0,0
2/5/2018 18:26,21.77,68.99,3.67,0,0,0,0,0
2/5/2018 18:41,21.39,71.3,3.67,0,0,0,0,0
2/5/2018 18:55,21.19,71.9,3.67,0,0,0,0,0
2/5/2018 19:10,21.38,70.69,3.67,0,0,0,0,0
2/5/2018 19:25,20.99,72.22,3.67,0,0,0,0,0
2/5/2018 19:39,20.58,74,3.67,0,0,0,0,0
2/5/2018 19:54,20.61,73.25,3.67,0,0,0,0,0
2/5/2018 20:09,20.42,73.62,3.67,0,0,0,0,0
2/5/2018 20:23,20.22,73.77,3.67,0,0,0,0,0
2/5/2018 20:38,19.96,75.36,3.67,0,0,0,0,0
2/5/2018 20:53,20.04,76.05,3.67,0,0,0,0,0
2/5/2018 21:07,20.07,76.08,3.67,0,0,0,0,0
2/5/2018 21:22,20.17,74.84,3.67,0,0,0,0,0
2/5/2018 21:37,19.96,74.96,3.67,0,0,0,0,0
2/5/2018 21:51,19.68,76.24,3.67,0,0,0,0,0
2/5/2018 22:06,19.46,77.65,3.67,0,0,0,0,0
2/5/2018 22:21,19.52,78.47,3.67,0,0,0,0,0
2/5/2018 22:35,19.42,77.56,3.67,0,0,0,0,0
2/5/2018 22:50,19.6,77.07,3.67,0,0,0,0,0
2/5/2018 23:05,19.65,76.71,3.67,0,0,0,0,0
2/5/2018 23:19,19.48,77.55,3.67,0,0,0,0,0
2/5/2018 23:34,19.18,77.99,3.67,0,0,0,0,0
2/5/2018 23:49,18.94,79.03,3.67,0,0,0,0,0
2/6/2018 0:03,18.68,81.31,3.67,0,0,0,0,0
2/6/2018 0:18,18.97,79.53,3.67,0,0,0,0,0
2/6/2018 0:33,18.68,80.13,3.67,0,0,0,0,0
2/6/2018 0:47,18.48,80.6,3.67,0,0,0,0,0
2/6/2018 1:02,18.46,80.83,3.67,0,0,0,0,0
2/6/2018 1:17,18.28,81.8,3.67,0,0,0,0,0
2/6/2018 1:31,18.16,82.88,3.67,0,0,0,0,0
2/6/2018 1:46,17.91,83.57,3.67,0,0,0,0,0
2/6/2018 2:01,17.76,84.42,3.67,0,0,0,0,0
2/6/2018 2:15,17.8,83.96,3.67,0,0,0,0,0
2/6/2018 2:30,18.02,83.36,3.67,0,0,0,0,0
2/6/2018 2:45,17.77,84.32,3.67,0,0,0,0,0
2/6/2018 2:59,17.51,85.51,3.67,0,0,0,0,0
2/6/2018 3:14,17.7,84.41,3.67,0,0,0,0,0
2/6/2018 3:29,17.7,84.55,3.67,0,0,0,0,0
2/6/2018 3:43,17.66,84.64,3.67,0,0,0,0,0
2/6/2018 3:58,17.41,85.6,3.67,0,0,0,0,0
2/6/2018 4:13,17.1,86.45,3.67,0,0,0,0,0
2/6/2018 4:27,17.12,86.93,3.67,0,0,0,0,0
2/6/2018 4:42,17.2,87.43,3.67,0,0,0,0,0
2/6/2018 4:57,17.89,85.08,3.67,0,0,0,0,0
2/6/2018 5:11,18.27,84.05,3.67,0,0,0,0,0
2/6/2018 5:26,18.84,83.57,3.67,0,0,0,0,0
2/6/2018 5:41,19.09,82.69,3.66,0,0,0,0,0
2/6/2018 5:55,20.02,81.19,3.66,0,0,0,0,0
2/6/2018 6:10,20.58,77.7,3.67,0,0,0,0,0
2/6/2018 6:25,20.75,77.65,3.67,0,0,0,0,0
2/6/2018 6:39,21.31,74.31,3.66,0,0,0,0,0
2/6/2018 6:54,21.98,73.18,3.66,0,0,0,0,0
2/6/2018 7:09,22.34,71.67,3.66,0,0,0,0,0
2/6/2018 7:24,23.1,68.05,3.66,0,0,0,0,0
2/6/2018 7:38,24.06,65.88,3.66,0,0,0,0,0
2/6/2018 7:53,25.44,60.05,3.66,0,0,0,0,0
2/6/2018 8:08,26.5,56.2,3.66,0,0,0,0,0
2/6/2018 8:23,27.21,53.37,3.66,0,0,0,0,0
2/6/2018 8:37,27.73,55.94,3.66,0,0,0,0,0
2/6/2018 8:52,28.5,49.71,3.66,0,0,0,0,0
2/6/2018 9:07,28.44,47.87,3.66,0,0,0,0,0
2/6/2018 9:21,28.16,49.47,3.66,0,0,0,0,0
2/6/2018 9:36,29.11,46.09,3.66,0,0,0,0,0
2/6/2018 9:51,27.48,49.87,3.66,0,0,0,0,0
2/6/2018 10:05,25.26,55.81,3.66,0,0,0,0,0
2/6/2018 10:20,24.49,58.72,3.66,0,0,0,0,0
2/6/2018 10:34,25.25,58.59,3.66,0,0,0,0,0
2/6/2018 10:49,25.99,51.67,3.66,0,0,0,0,0
2/6/2018 11:04,27.46,48.6,3.66,0,0,0,0,0
2/6/2018 11:19,29.13,47.52,3.66,0,0,0,0,0
2/6/2018 11:33,29.75,43.49,3.66,0,0,0,0,0
2/6/2018 11:48,28.88,45.9,3.66,0,0,0,0,0
2/6/2018 12:03,27.63,49.66,3.66,0,0,0,0,0
2/6/2018 12:17,26.78,49.91,3.66,0,0,0,0,0
2/6/2018 12:32,26.06,52.55,3.66,0,0,0,0,0
2/6/2018 12:46,25.88,50.86,3.66,0,0,0,0,0
2/6/2018 13:01,26.06,51.01,3.66,0,0,0,0,0
2/6/2018 13:16,26.05,45.83,3.66,0,0,0,0,0
2/6/2018 13:31,26.22,48.15,3.66,0,0,0,0,0
2/6/2018 13:45,26.42,49.47,3.66,0,0,0,0,0
2/6/2018 14:00,26.39,50.44,3.66,0,0,0,0,0
2/6/2018 14:14,25.44,54.99,3.66,0,0,0,0,0
2/6/2018 14:29,25.04,57.45,3.66,0,0,0,0,0
2/6/2018 14:44,24.6,60.04,3.66,0,0,0,0,0
2/6/2018 14:58,24.72,58.69,3.66,0,0,0,0,0
2/6/2018 15:13,24.48,59.54,3.66,0,0,0,0,0
2/6/2018 15:28,24.22,60.53,3.66,0,0,0,0,0
2/6/2018 15:42,24.07,60.96,3.66,0,0,0,0,0
2/6/2018 15:57,24.11,60.12,3.66,0,0,0,0,0
2/6/2018 16:12,23.95,60.01,3.66,0,0,0,0,0
2/6/2018 16:26,23.66,60.23,3.66,0,0,0,0,0
2/6/2018 16:41,23.55,61.69,3.66,0,0,0,0,0
2/6/2018 16:56,23.49,61.73,3.66,0,0,0,0,0
2/6/2018 17:10,23.52,59.21,3.66,0,0,0,0,0
2/6/2018 17:40,23.2,60.55,3.66,0,0,0,0,0
2/6/2018 17:54,22.88,62.89,3.66,0,0,0,0,0
2/6/2018 18:09,22.72,63.39,3.66,0,0,0,0,0
2/6/2018 18:24,22.56,64.31,3.66,0,0,0,0,0
2/6/2018 18:38,22.18,65.56,3.66,0,0,0,0,0
2/6/2018 18:53,22,67.52,3.66,0,0,0,0,0
2/6/2018 19:08,21.76,68.3,3.66,0,0,0,0,0
2/6/2018 19:22,21.7,67.98,3.66,0,0,0,0,0
2/6/2018 19:37,21.84,68.54,3.66,0,0,0,0,0
2/6/2018 19:52,21.42,70.49,3.66,0,0,0,0,0
2/6/2018 20:06,21.2,72.95,3.66,0,0,0,0,0
2/6/2018 20:21,21.38,73.99,3.66,0,0,0,0,0
2/6/2018 20:36,21.24,75.19,3.66,0,0,0,0,0
2/6/2018 20:50,20.86,77.01,3.66,0,0,0,0,0
2/6/2018 21:05,20.9,78.05,3.66,0,0,0,0,0
2/6/2018 21:20,20.67,79.47,3.66,0,0,0,0,0
2/6/2018 21:34,20.51,81.42,3.66,0,0,0,0,0
2/6/2018 21:49,20.5,80.96,3.66,0,0,0,0,0
2/6/2018 22:03,20.22,81.72,3.66,0,0,0,0,0
2/6/2018 22:18,20.05,82.03,3.66,0,0,0,0,0
2/6/2018 22:33,20.03,81.83,3.66,0,0,0,0,0
2/6/2018 22:47,19.84,82.1,3.66,0,0,0,0,0
2/6/2018 23:02,19.86,81.84,3.66,0,0,0,0,0
2/6/2018 23:17,19.8,81.7,3.66,0,0,0,0,0
2/6/2018 23:31,19.69,82.21,3.66,0,0,0,0,0
2/6/2018 23:46,19.76,81.62,3.66,0,0,0,0,0
2/7/2018 0:01,19.62,82.14,3.66,0,0,0,0,0
2/7/2018 0:15,19.44,82.51,3.66,0,0,0,0,0
2/7/2018 0:30,19.36,82.97,3.66,0,0,0,0,0
2/7/2018 0:45,19.14,83.69,3.66,0,0,0,0,0
2/7/2018 0:59,18.96,84.23,3.66,0,0,0,0,0
2/7/2018 1:14,18.8,85.05,3.66,0,0,0,0,0
2/7/2018 1:29,18.77,85.51,3.66,0,0,0,0,0
2/7/2018 1:43,18.72,85.52,3.66,0,0,0,0,0
2/7/2018 1:58,18.62,85.99,3.66,0,0,0,0,0
2/7/2018 2:13,18.69,85.3,3.66,0,0,0,0,0
2/7/2018 2:27,18.64,85.28,3.66,0,0,0,0,0
2/7/2018 2:42,18.49,85.76,3.66,0,0,0,0,0
2/7/2018 2:57,18.46,85.71,3.66,0,0,0,0,0
2/7/2018 3:11,18.59,84.81,3.66,0,0,0,0,0
2/7/2018 3:26,18.52,84.94,3.66,0,0,0,0,0
2/7/2018 3:41,18.22,86.16,3.66,0,0,0,0,0
2/7/2018 3:55,18.07,86.49,3.66,0,0,0,0,0
2/7/2018 4:10,17.9,86.98,3.66,0,0,0,0,0
2/7/2018 4:25,17.68,88.07,3.66,0,0,0,0,0
2/7/2018 4:39,17.68,89.34,3.66,0,0,0,0,0
2/7/2018 4:54,17.98,87.9,3.66,0,0,0,0,0
2/7/2018 5:09,18.69,85.32,3.66,0,0,0,0,0
2/7/2018 5:23,19.12,84.58,3.66,0,0,0,0,0
2/7/2018 5:38,19.66,84.76,3.65,0,0,0,0,0
2/7/2018 5:53,20.34,81.64,3.65,0,0,0,0,0
2/7/2018 6:07,20.5,81.73,3.65,0,0,0,0,0
2/7/2018 6:22,20.04,83.25,3.66,0,0,0,0,0
2/7/2018 6:37,19.7,85.16,3.65,0,0,0,0,0
2/7/2018 6:51,19.74,83.23,3.65,0,0,0,0,0
2/7/2018 7:06,20.08,81.12,3.65,0,0,0,0,0
2/7/2018 7:21,20.32,80.9,3.65,0,0,0,0,0
2/7/2018 7:35,20.76,77.87,3.65,0,0,0,0,0
2/7/2018 7:50,21.68,76.64,3.65,0,0,0,0,0
2/7/2018 8:05,21.89,74.31,3.65,0,0,0,0,0
2/7/2018 8:19,21.94,75.95,3.65,0,0,0,0,0
2/7/2018 8:34,21.31,77.69,3.65,0,0,0,0,0
2/7/2018 8:49,21.02,84.42,3.65,0,0,0,0,0
2/7/2018 9:03,21.59,81.48,3.65,0,0,0,0,0
2/7/2018 9:18,21.88,80.69,3.65,0,0,0,0,0
2/7/2018 9:33,22.53,75.17,3.65,0,0,0,0,0
2/7/2018 9:48,22.44,76.7,3.65,0,0,0,0,0
2/7/2018 10:02,22.52,76.77,3.65,0,0,0,0,0
2/7/2018 10:17,22.62,74.56,3.65,0,0,0,0,0
2/7/2018 10:32,23.86,72.01,3.65,0,0,0,0,0
2/7/2018 10:46,24.55,66.4,3.65,0,0,0,0,0
2/7/2018 11:01,25.15,65.65,3.65,0,0,0,0,0
2/7/2018 11:16,26.29,61.58,3.65,0,0,0,0,0
2/7/2018 11:30,26.84,57.31,3.65,0,0,0,0,0
2/7/2018 11:45,26.56,59.25,3.65,0,0,0,0,0
2/7/2018 12:00,26.78,56.52,3.65,0,0,0,0,0
2/7/2018 12:14,27.06,55.94,3.65,0,0,0,0,0
2/7/2018 12:29,27.92,54.07,3.65,0,0,0,0,0
2/7/2018 12:44,28.5,50.88,3.65,0,0,0,0,0
2/7/2018 12:58,28.64,48.25,3.65,0,0,0,0,0
2/7/2018 13:13,28.3,51.66,3.65,0,0,0,0,0
2/7/2018 13:28,27.27,52.23,3.65,0,0,0,0,0
2/7/2018 13:42,25.98,57.34,3.65,0,0,0,0,0
2/7/2018 13:57,26.2,56.03,3.65,0,0,0,0,0
2/7/2018 14:12,27.42,53.97,3.65,0,0,0,0,0
2/7/2018 14:26,27.61,52.78,3.65,0,0,0,0,0
2/7/2018 14:41,26.96,52.7,3.65,0,0,0,0,0
2/7/2018 14:56,26.27,55.39,3.65,0,0,0,0,0
2/7/2018 15:10,25.48,59.3,3.65,0,0,0,0,0
2/7/2018 15:25,24.7,59.54,3.65,0,0,0,0,0
2/7/2018 15:40,24.13,67.37,3.65,0,0,0,0,0
2/7/2018 15:54,23.41,70.53,3.65,0,0,0,0,0
2/7/2018 16:09,22.82,73.48,3.65,0,0,0,0,0
2/7/2018 16:24,22.19,75,3.65,0,0,0,0,0
2/7/2018 16:38,21.84,74.85,3.65,0,0,0,0,0
2/7/2018 16:53,20.78,84.09,3.65,0,0,0,0,0
2/7/2018 17:07,19.71,88.65,3.65,0,0,0,0,0
2/7/2018 17:22,19.76,90.64,3.65,0,0,0,0,0
2/7/2018 17:37,19.76,91.53,3.65,0,0,0,0,0
2/7/2018 17:51,19.97,88.26,3.65,0,0,0,0,0
2/7/2018 18:06,20.16,85.71,3.65,0,0,0,0,0
2/7/2018 18:21,20.16,85.32,3.65,0,0,0,0,0
2/7/2018 18:35,20.18,85.64,3.65,0,0,0,0,0
2/7/2018 18:50,20.15,86,3.65,0,0,0,0,0
2/7/2018 19:05,19.96,87.29,3.65,0,0,0,0,0
2018-02-07 19,,,,,,,,
