terminal id,9376c986-ca66-4d2c-8639-b2894486f504,,,,,,,
terminal name,Ndego03,,,,,,,
date,s1,s2,s3,s4,s5,s6,s7,s8
1/10/2018 18:03,20.36,61.24,3.82,0,0,0,0,0
1/12/2018 10:52,23.8,68.92,2.98,0,0,0,0,0
1/12/2018 11:06,23.92,68.26,2.78,0,0,0,0,0
1/12/2018 12:20,26.19,53.04,3.83,0,0,0,0,0
1/12/2018 12:45,27.08,57.62,3.83,0,0,0,0,0
1/12/2018 12:47,29.49,50.12,3.82,0,0,0,0,0
1/12/2018 13:07,27.65,52.15,3.83,0,0,0,0,0
1/12/2018 13:09,27.61,53.2,3.83,0,0,0,0,0
1/12/2018 13:15,27.01,53.79,3.82,0,0,0,0,0
1/12/2018 13:16,27.62,51.5,3.82,0,0,0,0,0
1/12/2018 13:17,27.76,49.77,3.82,0,0,0,0,0
1/12/2018 13:19,27.78,49.64,3.82,0,0,0,0,0
1/12/2018 13:20,27.83,50.5,3.82,0,0,0,0,0
1/12/2018 13:21,27.85,50.21,3.82,0,0,0,0,0
1/12/2018 13:32,26.94,53.39,3.86,0,0,0,0,0
1/12/2018 13:39,27.17,51.51,3.85,0,0,0,0,0
1/12/2018 14:10,28.08,46.7,3.87,0,0,0,0,0
1/12/2018 14:24,29.12,40.63,3.87,0,0,0,0,0
1/12/2018 14:39,29.29,46.71,3.87,0,0,0,0,0
1/12/2018 14:54,29,49.02,3.87,0,0,0,0,0
1/12/2018 15:08,28.01,45.67,3.87,0,0,0,0,0
1/12/2018 15:23,27.8,47.39,3.87,0,0,0,0,0
1/12/2018 15:38,26.42,54.08,3.87,0,0,0,0,0
1/12/2018 15:52,24.6,56.89,3.87,0,0,0,0,0
1/12/2018 16:07,22.82,64.41,3.87,0,0,0,0,0
1/12/2018 16:22,21.73,75.1,3.86,0,0,0,0,0
1/12/2018 16:36,21,77.68,3.86,0,0,0,0,0
1/12/2018 16:51,20.81,80.87,3.86,0,0,0,0,0
1/12/2018 17:06,20.75,83.76,3.86,0,0,0,0,0
1/12/2018 17:20,20.4,83.88,3.86,0,0,0,0,0
1/12/2018 17:35,20.5,79.46,3.86,0,0,0,0,0
1/12/2018 17:50,19.82,80.56,3.86,0,0,0,0,0
1/12/2018 18:04,19.64,81.24,3.86,0,0,0,0,0
1/12/2018 18:34,19.18,84.05,3.86,0,0,0,0,0
1/12/2018 18:48,18.81,84.29,3.86,0,0,0,0,0
1/12/2018 19:03,18.48,84.19,3.86,0,0,0,0,0
1/12/2018 19:18,18.44,87.44,3.86,0,0,0,0,0
1/12/2018 19:32,18.57,85.39,3.86,0,0,0,0,0
1/12/2018 19:47,18.52,86.3,3.86,0,0,0,0,0
1/12/2018 20:02,18.4,88.24,3.86,0,0,0,0,0
1/12/2018 20:17,18.37,87.18,3.86,0,0,0,0,0
1/12/2018 20:31,18.29,87.11,3.86,0,0,0,0,0
1/12/2018 20:46,18.26,86.22,3.85,0,0,0,0,0
1/12/2018 21:01,18.13,86.38,3.85,0,0,0,0,0
1/12/2018 21:15,18.07,85.66,3.85,0,0,0,0,0
1/12/2018 21:30,17.74,87.29,3.85,0,0,0,0,0
1/12/2018 21:45,18.16,85.61,3.85,0,0,0,0,0
1/12/2018 21:59,17.96,86.77,3.85,0,0,0,0,0
1/12/2018 22:14,17.77,86.94,3.85,0,0,0,0,0
1/12/2018 22:29,17.63,87.72,3.85,0,0,0,0,0
1/12/2018 22:43,17.22,90.39,3.85,0,0,0,0,0
1/12/2018 22:58,16.98,91.31,3.85,0,0,0,0,0
1/12/2018 23:13,16.84,91.79,3.85,0,0,0,0,0
1/15/2018 6:10,19.6,75.82,3.85,0,0,0,0,0
1/15/2018 6:25,19.54,76.1,3.85,0,0,0,0,0
1/15/2018 6:40,19.67,74.2,3.85,0,0,0,0,0
1/15/2018 10:50,22.57,71.44,3.86,0,0,0,0,0
1/15/2018 11:05,23,68.41,3.89,0,0,0,0,0
1/15/2018 11:20,24.66,59.42,3.88,0,0,0,0,0
1/15/2018 11:35,24.8,61.07,3.88,0,0,0,0,0
1/15/2018 11:49,24.29,61.65,3.88,0,0,0,0,0
1/15/2018 12:04,24.7,60.42,3.88,0,0,0,0,0
1/15/2018 12:19,25.2,64.37,3.88,0,0,0,0,0
1/15/2018 12:33,26.52,53.59,3.88,0,0,0,0,0
1/15/2018 12:48,26.18,53.04,3.9,0,0,0,0,0
1/15/2018 13:03,27.25,51.62,3.89,0,0,0,0,0
1/15/2018 13:18,26.95,50.26,3.9,0,0,0,0,0
1/15/2018 13:32,26.63,55.94,3.88,0,0,0,0,0
1/15/2018 13:47,27.76,46.13,3.88,0,0,0,0,0
1/15/2018 14:16,28.78,45.02,3.88,0,0,0,0,0
1/15/2018 14:31,29.03,47.41,3.88,0,0,0,0,0
1/15/2018 14:46,26.95,50.35,3.88,0,0,0,0,0
1/15/2018 15:00,27.04,52.52,3.88,0,0,0,0,0
1/16/2018 5:59,22.94,68.6,3.86,0,0,0,0,0
1/16/2018 6:14,23.52,65.75,3.86,0,0,0,0,0
1/16/2018 6:28,24.74,64.52,3.87,0,0,0,0,0
1/16/2018 8:12,28.18,50.74,3.88,0,0,0,0,0
1/16/2018 9:11,29.89,47.51,3.88,0,0,0,0,0
1/16/2018 9:26,29.61,48.6,3.88,0,0,0,0,0
1/16/2018 9:40,30.51,45.69,3.88,0,0,0,0,0
1/16/2018 9:55,30.7,45.14,3.88,0,0,0,0,0
1/16/2018 10:10,31.88,41.64,3.88,0,0,0,0,0
1/16/2018 10:25,32.13,39.05,3.88,0,0,0,0,0
1/16/2018 10:39,31.46,41.05,3.88,0,0,0,0,0
1/16/2018 10:54,31.41,43.3,3.88,0,0,0,0,0
1/16/2018 11:09,31.01,39.28,3.9,0,0,0,0,0
1/16/2018 11:23,31.54,42.87,3.89,0,0,0,0,0
1/16/2018 11:38,31.65,41.1,3.89,0,0,0,0,0
1/16/2018 12:08,32.03,39.14,3.89,0,0,0,0,0
1/16/2018 12:22,31.79,39.84,3.89,0,0,0,0,0
1/16/2018 12:37,31.87,39.64,3.89,0,0,0,0,0
1/17/2018 5:47,21.46,77.99,3.86,0,0,0,0,0
1/17/2018 6:02,22.4,75.93,3.87,0,0,0,0,0
1/17/2018 6:17,23.78,70.53,3.86,0,0,0,0,0
1/17/2018 6:31,24.8,66.01,3.87,0,0,0,0,0
1/17/2018 6:46,25.15,62.93,3.88,0,0,0,0,0
1/17/2018 7:01,25.89,61.39,3.88,0,0,0,0,0
1/17/2018 7:16,26.57,58.11,3.89,0,0,0,0,0
1/17/2018 8:15,28.36,49.85,3.88,0,0,0,0,0
1/17/2018 8:29,27.59,54.47,3.88,0,0,0,0,0
1/17/2018 8:44,28.9,50.21,3.88,0,0,0,0,0
1/17/2018 8:59,29.54,46.18,3.88,0,0,0,0,0
1/17/2018 9:13,28.48,48.17,3.89,0,0,0,0,0
1/17/2018 9:28,29.91,45.82,3.88,0,0,0,0,0
1/17/2018 9:43,29.9,45.29,3.88,0,0,0,0,0
1/17/2018 9:58,30.26,42.83,3.9,0,0,0,0,0
1/17/2018 10:12,31.68,43.12,3.89,0,0,0,0,0
1/17/2018 10:27,31.17,43.47,3.89,0,0,0,0,0
1/17/2018 10:42,30.78,36.09,3.89,0,0,0,0,0
1/17/2018 10:56,29.4,41.17,3.89,0,0,0,0,0
1/17/2018 11:11,29.45,41.28,3.89,0,0,0,0,0
1/17/2018 11:26,31.71,33.45,3.89,0,0,0,0,0
1/17/2018 11:41,32.47,33.66,3.89,0,0,0,0,0
1/17/2018 11:55,32.7,36.13,3.89,0,0,0,0,0
1/17/2018 12:10,32.93,31.3,3.89,0,0,0,0,0
1/17/2018 12:25,34.17,26.4,3.9,0,0,0,0,0
1/17/2018 12:40,34.82,24.52,3.9,0,0,0,0,0
1/17/2018 12:54,34.25,28.5,3.9,0,0,0,0,0
1/17/2018 13:09,33.03,30.66,3.9,0,0,0,0,0
1/17/2018 13:24,32.67,32.57,3.9,0,0,0,0,0
1/17/2018 13:38,32.44,34.23,3.9,0,0,0,0,0
1/17/2018 13:53,29.64,40.58,3.9,0,0,0,0,0
1/17/2018 14:08,28.8,42.57,3.9,0,0,0,0,0
1/17/2018 14:22,27.35,49.92,3.9,0,0,0,0,0
1/17/2018 14:37,27.15,50.15,3.9,0,0,0,0,0
1/17/2018 14:52,26.94,49.96,3.89,0,0,0,0,0
1/17/2018 15:06,26.43,53.04,3.89,0,0,0,0,0
1/17/2018 15:21,26.07,54.7,3.89,0,0,0,0,0
1/17/2018 15:36,25.74,55.75,3.89,0,0,0,0,0
1/17/2018 15:50,25.25,58.46,3.89,0,0,0,0,0
1/17/2018 16:05,24.27,62.34,3.89,0,0,0,0,0
1/17/2018 16:20,23.72,62.79,3.89,0,0,0,0,0
1/17/2018 16:34,23.37,62.85,3.89,0,0,0,0,0
1/17/2018 16:49,23.35,62.9,3.89,0,0,0,0,0
1/17/2018 17:04,23.07,65.8,3.89,0,0,0,0,0
1/17/2018 17:18,23.05,64.77,3.88,0,0,0,0,0
1/17/2018 17:33,23.17,63.71,3.88,0,0,0,0,0
1/17/2018 17:48,22.63,65.11,3.88,0,0,0,0,0
1/17/2018 18:02,22.23,65.04,3.88,0,0,0,0,0
1/17/2018 18:17,22.07,66.81,3.88,0,0,0,0,0
1/17/2018 18:32,21.94,66.42,3.88,0,0,0,0,0
1/17/2018 18:46,22.31,64.94,3.88,0,0,0,0,0
1/17/2018 19:01,21.77,68.41,3.88,0,0,0,0,0
1/17/2018 19:16,20.91,70.65,3.88,0,0,0,0,0
1/17/2018 19:31,19.96,77.46,3.88,0,0,0,0,0
1/17/2018 19:45,17.51,94.03,3.88,0,0,0,0,0
1/17/2018 20:00,18.08,92.93,3.87,0,0,0,0,0
1/17/2018 20:15,18.6,88.57,3.87,0,0,0,0,0
1/17/2018 20:29,19.04,81.31,3.87,0,0,0,0,0
1/17/2018 20:44,19.3,78.69,3.87,0,0,0,0,0
1/17/2018 20:59,19.22,79.29,3.87,0,0,0,0,0
1/17/2018 21:13,19.54,76.71,3.87,0,0,0,0,0
1/17/2018 21:28,19.51,74.33,3.87,0,0,0,0,0
1/18/2018 5:49,22.89,69.72,3.85,0,0,0,0,0
1/18/2018 6:04,21.75,71.34,3.86,0,0,0,0,0
1/18/2018 6:19,21.75,71.2,3.86,0,0,0,0,0
1/18/2018 6:33,22.16,71.44,3.86,0,0,0,0,0
1/18/2018 6:48,22.98,69.26,3.87,0,0,0,0,0
1/18/2018 7:03,24.4,61.64,3.87,0,0,0,0,0
1/18/2018 7:17,25.21,58.61,3.88,0,0,0,0,0
1/18/2018 7:32,24.24,64.44,3.88,0,0,0,0,0
1/18/2018 7:47,26.2,55.87,3.89,0,0,0,0,0
1/18/2018 8:02,26.57,54.45,3.87,0,0,0,0,0
1/18/2018 8:32,27.16,53.81,3.88,0,0,0,0,0
1/18/2018 8:46,27.61,57.58,3.88,0,0,0,0,0
1/18/2018 9:01,27.77,50.68,3.87,0,0,0,0,0
1/18/2018 9:16,27.99,50.23,3.9,0,0,0,0,0
1/18/2018 9:30,29.13,47.88,3.88,0,0,0,0,0
1/18/2018 9:45,28.5,45.65,3.92,0,0,0,0,0
1/18/2018 10:29,32.45,37.89,3.89,0,0,0,0,0
1/18/2018 10:44,32.6,37.46,3.89,0,0,0,0,0
1/18/2018 10:59,33.04,38.41,3.89,0,0,0,0,0
1/18/2018 11:43,33.76,32.99,3.89,0,0,0,0,0
1/18/2018 11:58,33.58,31.83,3.89,0,0,0,0,0
1/18/2018 12:12,33.78,34.07,3.9,0,0,0,0,0
1/18/2018 12:27,34.41,31.53,3.9,0,0,0,0,0
1/18/2018 12:42,34.87,32.8,3.9,0,0,0,0,0
1/18/2018 12:57,31.58,37.18,3.9,0,0,0,0,0
1/18/2018 13:11,27.81,40.59,3.9,0,0,0,0,0
1/18/2018 13:26,26.99,43.21,3.9,0,0,0,0,0
1/18/2018 13:40,26.73,44.05,3.9,0,0,0,0,0
1/18/2018 13:55,27.24,45.47,3.9,0,0,0,0,0
1/18/2018 14:10,31.89,37.28,3.9,0,0,0,0,0
1/18/2018 14:25,33.09,35.57,3.9,0,0,0,0,0
1/18/2018 14:39,32.35,36.55,3.9,0,0,0,0,0
1/18/2018 14:54,27.99,47.58,3.9,0,0,0,0,0
1/18/2018 15:09,27.02,54.58,3.9,0,0,0,0,0
1/18/2018 15:23,26.54,56.39,3.9,0,0,0,0,0
1/18/2018 15:38,25.3,56.43,3.9,0,0,0,0,0
1/18/2018 15:53,24.47,57.61,3.9,0,0,0,0,0
1/18/2018 16:07,23.74,60.03,3.9,0,0,0,0,0
1/18/2018 16:22,23.26,63.45,3.89,0,0,0,0,0
1/18/2018 16:37,22.76,66.47,3.89,0,0,0,0,0
1/18/2018 16:51,23.13,64.25,3.89,0,0,0,0,0
1/18/2018 17:06,23.28,61.94,3.89,0,0,0,0,0
1/18/2018 17:35,22.82,59.68,3.89,0,0,0,0,0
1/18/2018 17:50,22.77,59.49,3.89,0,0,0,0,0
1/18/2018 18:05,23.25,53.58,3.89,0,0,0,0,0
1/18/2018 18:20,22.86,55.68,3.89,0,0,0,0,0
1/18/2018 18:34,22.91,55,3.88,0,0,0,0,0
1/18/2018 18:49,22.45,59.38,3.88,0,0,0,0,0
1/18/2018 19:04,21.62,61.86,3.88,0,0,0,0,0
1/18/2018 19:18,21.33,69.19,3.88,0,0,0,0,0
1/18/2018 19:33,21.23,70.57,3.88,0,0,0,0,0
1/18/2018 19:48,20.9,71.46,3.88,0,0,0,0,0
1/18/2018 20:02,20.74,71.48,3.88,0,0,0,0,0
1/18/2018 20:17,20.56,71.17,3.88,0,0,0,0,0
1/18/2018 20:32,20.44,69.75,3.88,0,0,0,0,0
1/18/2018 20:46,20.98,66.19,3.88,0,0,0,0,0
1/18/2018 21:01,21.24,65.63,3.88,0,0,0,0,0
1/18/2018 21:16,20.68,67.85,3.87,0,0,0,0,0
1/18/2018 21:45,19.9,75.19,3.87,0,0,0,0,0
1/18/2018 22:00,19.54,75.47,3.87,0,0,0,0,0
1/18/2018 22:15,19.26,78.16,3.87,0,0,0,0,0
1/18/2018 22:29,19.26,81.51,3.87,0,0,0,0,0
1/18/2018 22:44,19.23,80.17,3.87,0,0,0,0,0
1/18/2018 22:59,18.77,82.81,3.87,0,0,0,0,0
1/18/2018 23:14,18.97,82.7,3.87,0,0,0,0,0
1/18/2018 23:28,18.8,82.87,3.86,0,0,0,0,0
1/18/2018 23:43,19.04,77.93,3.86,0,0,0,0,0
1/18/2018 23:57,18.56,82.41,3.86,0,0,0,0,0
1/19/2018 0:12,18.4,81.87,3.86,0,0,0,0,0
1/19/2018 0:27,19.13,72.99,3.86,0,0,0,0,0
1/19/2018 0:42,19.36,71.88,3.86,0,0,0,0,0
1/19/2018 0:56,18.6,75.12,3.86,0,0,0,0,0
1/19/2018 5:36,21.94,74.21,3.86,0,0,0,0,0
1/19/2018 5:51,22.47,70.16,3.86,0,0,0,0,0
1/19/2018 6:21,23.66,67.63,3.87,0,0,0,0,0
1/19/2018 6:35,24.51,64.84,3.87,0,0,0,0,0
1/19/2018 6:50,25.13,61.79,3.88,0,0,0,0,0
1/19/2018 7:05,26.37,55.59,3.88,0,0,0,0,0
1/19/2018 7:19,26.11,55.89,3.88,0,0,0,0,0
1/19/2018 7:34,27.57,50.53,3.89,0,0,0,0,0
1/19/2018 7:49,28.08,48.83,3.88,0,0,0,0,0
1/19/2018 8:04,27.89,50.89,3.88,0,0,0,0,0
1/19/2018 8:18,27.15,53.65,3.88,0,0,0,0,0
1/19/2018 8:33,27.23,52.89,3.88,0,0,0,0,0
1/19/2018 8:48,27.39,51.02,3.88,0,0,0,0,0
1/19/2018 9:03,28.24,51.78,3.89,0,0,0,0,0
1/19/2018 9:17,28.79,45.82,3.89,0,0,0,0,0
1/19/2018 9:32,30.55,43.88,3.89,0,0,0,0,0
1/19/2018 9:47,31.23,43.51,3.89,0,0,0,0,0
1/19/2018 10:02,32.11,37.58,3.89,0,0,0,0,0
1/19/2018 10:16,32.47,37.41,3.89,0,0,0,0,0
1/19/2018 10:31,32.36,38.44,3.89,0,0,0,0,0
1/19/2018 10:46,34.55,35.77,3.89,0,0,0,0,0
1/19/2018 11:00,33.2,34.58,3.89,0,0,0,0,0
1/19/2018 11:15,33.77,34.74,3.9,0,0,0,0,0
1/19/2018 11:30,31.06,39.22,3.9,0,0,0,0,0
1/19/2018 11:44,30.49,40.05,3.9,0,0,0,0,0
1/19/2018 11:59,30.16,39.06,3.9,0,0,0,0,0
1/19/2018 12:14,28.88,43.22,3.9,0,0,0,0,0
1/19/2018 12:28,26.6,51.34,3.9,0,0,0,0,0
1/19/2018 12:43,27,50,3.9,0,0,0,0,0
1/19/2018 12:58,26.08,53.02,3.91,0,0,0,0,0
1/19/2018 13:12,26.12,52.07,3.9,0,0,0,0,0
1/19/2018 13:27,25.99,53.14,3.9,0,0,0,0,0
1/19/2018 13:42,26.38,52.74,3.9,0,0,0,0,0
1/19/2018 13:57,26.64,52.59,3.9,0,0,0,0,0
1/19/2018 14:11,26.06,55.8,3.9,0,0,0,0,0
1/19/2018 14:26,26.1,54.42,3.9,0,0,0,0,0
1/19/2018 14:41,25.73,54.52,3.9,0,0,0,0,0
1/19/2018 14:55,25.83,55.42,3.9,0,0,0,0,0
1/19/2018 15:10,25.07,59.45,3.89,0,0,0,0,0
1/19/2018 15:25,24.56,62.23,3.89,0,0,0,0,0
1/19/2018 15:39,24.31,63.24,3.89,0,0,0,0,0
1/19/2018 15:54,24.02,64.34,3.89,0,0,0,0,0
1/19/2018 16:09,23.67,66.13,3.89,0,0,0,0,0
1/19/2018 16:23,23.44,67.16,3.89,0,0,0,0,0
1/19/2018 16:38,23.2,69.04,3.89,0,0,0,0,0
1/19/2018 16:53,23.16,69.55,3.89,0,0,0,0,0
1/19/2018 17:07,22.84,64.94,3.88,0,0,0,0,0
1/19/2018 17:22,22.39,63.4,3.88,0,0,0,0,0
1/19/2018 17:37,22.29,64,3.88,0,0,0,0,0
1/19/2018 17:51,22.31,64,3.88,0,0,0,0,0
1/19/2018 18:06,22.14,66.5,3.88,0,0,0,0,0
1/19/2018 18:21,22.22,65.94,3.88,0,0,0,0,0
1/19/2018 18:36,22.35,68.32,3.88,0,0,0,0,0
1/19/2018 18:50,22.44,69.42,3.88,0,0,0,0,0
1/19/2018 19:05,22.26,69.55,3.88,0,0,0,0,0
1/19/2018 19:20,22.22,71.04,3.88,0,0,0,0,0
1/19/2018 19:34,22.16,72.75,3.88,0,0,0,0,0
1/19/2018 19:49,21.81,72.54,3.88,0,0,0,0,0
1/19/2018 20:04,21.83,73.7,3.88,0,0,0,0,0
1/19/2018 20:18,21.6,74.45,3.88,0,0,0,0,0
1/19/2018 20:33,21.46,75.47,3.87,0,0,0,0,0
1/19/2018 20:48,21.7,73.76,3.87,0,0,0,0,0
1/19/2018 21:02,21.81,71.07,3.87,0,0,0,0,0
1/19/2018 21:17,21.47,73.47,3.87,0,0,0,0,0
1/19/2018 21:32,21.37,72.62,3.87,0,0,0,0,0
1/19/2018 21:47,21.21,72.56,3.87,0,0,0,0,0
1/19/2018 22:01,20.81,76.04,3.87,0,0,0,0,0
1/19/2018 22:16,20.76,75.28,3.87,0,0,0,0,0
1/19/2018 22:31,21.12,74.05,3.87,0,0,0,0,0
1/19/2018 22:45,21.14,73.32,3.87,0,0,0,0,0
1/19/2018 23:00,20.7,76.66,3.87,0,0,0,0,0
1/19/2018 23:15,20.37,79.07,3.86,0,0,0,0,0
1/19/2018 23:29,20.14,81.29,3.86,0,0,0,0,0
1/19/2018 23:44,19.83,81.48,3.86,0,0,0,0,0
1/19/2018 23:59,19.6,82.49,3.86,0,0,0,0,0
1/20/2018 6:37,25.26,61.08,3.86,0,0,0,0,0
1/20/2018 6:51,25.83,58.61,3.87,0,0,0,0,0
1/20/2018 7:06,25.92,57.17,3.88,0,0,0,0,0
1/20/2018 7:21,25.58,57.86,3.88,0,0,0,0,0
1/20/2018 7:36,26.2,56.63,3.87,0,0,0,0,0
1/20/2018 7:50,24.19,63.46,3.88,0,0,0,0,0
1/20/2018 8:05,23.95,65.1,3.88,0,0,0,0,0
1/20/2018 8:20,24.38,62.86,3.88,0,0,0,0,0
1/20/2018 8:34,24.33,64.84,3.88,0,0,0,0,0
1/20/2018 8:49,23.51,67.95,3.89,0,0,0,0,0
1/20/2018 9:04,22.78,70.27,3.88,0,0,0,0,0
1/20/2018 9:18,22.71,69.97,3.88,0,0,0,0,0
1/20/2018 9:33,22.52,70.92,3.88,0,0,0,0,0
1/20/2018 9:48,22.47,70.83,3.88,0,0,0,0,0
1/20/2018 10:03,23.21,67.58,3.88,0,0,0,0,0
1/20/2018 10:17,22.74,69.1,3.88,0,0,0,0,0
1/20/2018 10:32,22.89,70.49,3.88,0,0,0,0,0
1/20/2018 10:47,23.3,70.42,3.88,0,0,0,0,0
1/20/2018 11:01,23.12,69.08,3.88,0,0,0,0,0
1/20/2018 11:16,23.01,69.55,3.88,0,0,0,0,0
1/20/2018 11:31,23.88,68.05,3.89,0,0,0,0,0
1/20/2018 11:46,24.26,64.8,3.89,0,0,0,0,0
1/20/2018 12:00,24.69,63.66,3.89,0,0,0,0,0
1/20/2018 12:30,25.87,60.15,3.89,0,0,0,0,0
1/20/2018 12:45,27.52,54.2,3.89,0,0,0,0,0
1/20/2018 12:59,26.24,55.29,3.89,0,0,0,0,0
1/20/2018 13:29,26.86,51.56,3.89,0,0,0,0,0
1/20/2018 13:44,27.37,50.96,3.89,0,0,0,0,0
1/20/2018 13:58,27.46,51.29,3.89,0,0,0,0,0
1/20/2018 14:13,26.72,56.39,3.9,0,0,0,0,0
1/20/2018 14:28,25.26,57.6,3.9,0,0,0,0,0
1/20/2018 14:42,25.01,60.93,3.89,0,0,0,0,0
1/20/2018 14:57,24.7,59.18,3.9,0,0,0,0,0
1/20/2018 15:11,24.28,60.6,3.89,0,0,0,0,0
1/20/2018 15:26,23.46,63.43,3.89,0,0,0,0,0
1/20/2018 15:41,22.91,69.33,3.89,0,0,0,0,0
1/20/2018 15:55,22.72,68.81,3.89,0,0,0,0,0
1/20/2018 16:10,22.42,70.88,3.89,0,0,0,0,0
1/20/2018 16:25,22.23,73.23,3.89,0,0,0,0,0
1/20/2018 16:39,21.91,75.13,3.89,0,0,0,0,0
1/20/2018 16:54,21.57,75.47,3.88,0,0,0,0,0
1/20/2018 17:09,21.41,73.48,3.88,0,0,0,0,0
1/20/2018 17:24,21.18,73.47,3.88,0,0,0,0,0
1/20/2018 17:38,20.9,76.67,3.88,0,0,0,0,0
1/20/2018 17:53,20.65,76.78,3.88,0,0,0,0,0
1/20/2018 18:08,20.78,73.11,3.88,0,0,0,0,0
1/20/2018 18:22,20.6,73,3.88,0,0,0,0,0
1/20/2018 18:37,20.47,74.52,3.88,0,0,0,0,0
1/20/2018 18:52,20.15,77.13,3.88,0,0,0,0,0
1/20/2018 19:06,19.95,79.14,3.88,0,0,0,0,0
1/20/2018 19:21,20.21,79.56,3.88,0,0,0,0,0
1/20/2018 19:36,20.34,78.38,3.87,0,0,0,0,0
1/20/2018 19:51,20.24,79.43,3.87,0,0,0,0,0
1/20/2018 20:05,20.37,78.6,3.87,0,0,0,0,0
1/20/2018 20:20,20.52,78.08,3.87,0,0,0,0,0
1/20/2018 20:49,20.1,80.26,3.87,0,0,0,0,0
1/20/2018 21:04,20.18,79.88,3.87,0,0,0,0,0
1/20/2018 21:19,19.19,90.04,3.87,0,0,0,0,0
1/20/2018 21:33,18.54,93.72,3.86,0,0,0,0,0
1/20/2018 21:48,18.38,94.26,3.86,0,0,0,0,0
1/20/2018 22:03,18.46,94.75,3.86,0,0,0,0,0
1/20/2018 22:18,18.21,95.06,3.86,0,0,0,0,0
1/20/2018 22:32,18.08,95.25,3.86,0,0,0,0,0
1/20/2018 22:47,18.13,95.22,3.86,0,0,0,0,0
1/21/2018 5:54,24.49,65.89,3.86,0,0,0,0,0
1/21/2018 6:09,25.19,63.59,3.86,0,0,0,0,0
1/21/2018 6:24,24.96,61.31,3.87,0,0,0,0,0
1/21/2018 6:39,26.37,52.87,3.87,0,0,0,0,0
1/21/2018 6:53,26.47,47.79,3.88,0,0,0,0,0
1/21/2018 7:08,26.46,51.67,3.88,0,0,0,0,0
1/21/2018 7:23,27.78,46.83,3.88,0,0,0,0,0
1/21/2018 7:38,27.82,47.26,3.88,0,0,0,0,0
1/21/2018 7:52,28.23,48.13,3.89,0,0,0,0,0
1/21/2018 8:07,26.62,49.86,3.88,0,0,0,0,0
1/21/2018 8:36,26.92,50.47,3.88,0,0,0,0,0
1/21/2018 9:06,27.52,50.91,3.88,0,0,0,0,0
1/21/2018 9:21,27.62,46.94,3.88,0,0,0,0,0
1/21/2018 9:35,28.75,44.15,3.89,0,0,0,0,0
1/21/2018 9:50,30.16,40.43,3.89,0,0,0,0,0
1/21/2018 10:20,30.86,39.16,3.89,0,0,0,0,0
1/21/2018 10:49,32.72,34.57,3.89,0,0,0,0,0
1/21/2018 11:19,29.5,40.84,3.89,0,0,0,0,0
1/21/2018 11:33,29.18,42.27,3.89,0,0,0,0,0
1/21/2018 11:48,28.01,44.4,3.89,0,0,0,0,0
1/21/2018 12:03,32.86,36.6,3.9,0,0,0,0,0
1/21/2018 12:17,34.78,31.2,3.9,0,0,0,0,0
1/21/2018 12:32,33.88,31.42,3.9,0,0,0,0,0
1/21/2018 12:47,33.71,31.51,3.9,0,0,0,0,0
1/21/2018 13:16,35.19,31.24,3.9,0,0,0,0,0
1/21/2018 13:46,29.77,36.66,3.9,0,0,0,0,0
1/21/2018 14:30,30.88,42.76,3.9,0,0,0,0,0
1/21/2018 14:45,29.15,46,3.9,0,0,0,0,0
1/21/2018 15:29,28.46,44.38,3.9,0,0,0,0,0
1/21/2018 15:44,26.93,48.66,3.9,0,0,0,0,0
1/21/2018 15:58,24.8,58.03,3.9,0,0,0,0,0
1/21/2018 16:13,23.39,61.57,3.9,0,0,0,0,0
1/21/2018 16:27,22.72,63.84,3.9,0,0,0,0,0
1/21/2018 16:42,22.38,65.24,3.9,0,0,0,0,0
1/21/2018 16:57,22.08,63.79,3.89,0,0,0,0,0
1/21/2018 17:12,22.06,64.52,3.89,0,0,0,0,0
1/21/2018 17:26,22.11,66.58,3.89,0,0,0,0,0
1/21/2018 17:41,21.58,69.37,3.89,0,0,0,0,0
1/21/2018 17:56,21.64,70.48,3.89,0,0,0,0,0
1/21/2018 18:10,20.71,73.34,3.89,0,0,0,0,0
1/21/2018 18:25,20.81,69.57,3.89,0,0,0,0,0
1/21/2018 18:40,20.9,70.23,3.89,0,0,0,0,0
1/21/2018 18:54,20.67,67.51,3.88,0,0,0,0,0
1/21/2018 19:09,20.7,67.97,3.88,0,0,0,0,0
1/21/2018 19:24,20.37,70.61,3.88,0,0,0,0,0
1/21/2018 19:38,20.52,71.85,3.88,0,0,0,0,0
1/21/2018 19:53,20.36,73.74,3.88,0,0,0,0,0
1/21/2018 20:08,20.06,74.66,3.88,0,0,0,0,0
1/21/2018 20:23,20.06,75.52,3.88,0,0,0,0,0
1/21/2018 20:37,20.53,70.47,3.88,0,0,0,0,0
1/21/2018 20:52,20.58,71.26,3.88,0,0,0,0,0
1/21/2018 21:07,21,70.89,3.88,0,0,0,0,0
1/21/2018 21:21,20.91,70.65,3.88,0,0,0,0,0
1/21/2018 21:36,20.73,71.23,3.88,0,0,0,0,0
1/21/2018 21:51,20.69,72.71,3.87,0,0,0,0,0
1/21/2018 22:05,20.78,73.63,3.87,0,0,0,0,0
1/21/2018 22:20,20.68,74.62,3.87,0,0,0,0,0
1/21/2018 22:35,20.32,75.78,3.87,0,0,0,0,0
1/21/2018 22:49,20.26,74.62,3.87,0,0,0,0,0
1/21/2018 23:04,20.14,74.62,3.87,0,0,0,0,0
1/21/2018 23:19,20.08,74.98,3.87,0,0,0,0,0
1/21/2018 23:34,19.9,76.97,3.87,0,0,0,0,0
1/21/2018 23:48,19.98,77.07,3.87,0,0,0,0,0
1/22/2018 0:03,19.9,78.6,3.86,0,0,0,0,0
1/22/2018 0:18,19.1,82.35,3.86,0,0,0,0,0
1/22/2018 0:32,18.74,83.05,3.86,0,0,0,0,0
1/22/2018 0:47,18.66,82.99,3.86,0,0,0,0,0
1/22/2018 1:02,18.59,83.62,3.86,0,0,0,0,0
1/22/2018 1:16,18.4,84.66,3.86,0,0,0,0,0
1/22/2018 1:31,18.5,85.76,3.86,0,0,0,0,0
1/22/2018 1:46,18.69,84.97,3.86,0,0,0,0,0
1/22/2018 2:00,18.28,85.95,3.86,0,0,0,0,0
1/22/2018 2:15,18.02,86.52,3.86,0,0,0,0,0
1/22/2018 2:30,17.75,86.17,3.86,0,0,0,0,0
1/22/2018 2:45,17.81,87.24,3.86,0,0,0,0,0
1/22/2018 2:59,18.17,87.09,3.86,0,0,0,0,0
1/22/2018 3:14,17.72,90.46,3.86,0,0,0,0,0
1/22/2018 3:43,17.02,91.98,3.86,0,0,0,0,0
1/22/2018 3:58,16.88,92.21,3.86,0,0,0,0,0
1/22/2018 4:13,17.32,93.9,3.86,0,0,0,0,0
1/22/2018 4:28,17.5,89.78,3.85,0,0,0,0,0
1/22/2018 4:43,17.78,87.18,3.85,0,0,0,0,0
1/22/2018 4:57,18.68,83.04,3.85,0,0,0,0,0
1/22/2018 5:12,20.01,79.1,3.85,0,0,0,0,0
1/22/2018 5:27,23.13,71.65,3.86,0,0,0,0,0
1/22/2018 5:41,25.31,65.44,3.86,0,0,0,0,0
1/22/2018 5:56,26.17,59.89,3.86,0,0,0,0,0
1/22/2018 6:11,25.24,62.11,3.87,0,0,0,0,0
1/22/2018 6:26,27.52,54.3,3.88,0,0,0,0,0
1/22/2018 6:40,26.42,57.15,3.88,0,0,0,0,0
1/22/2018 6:55,23.84,64.23,3.88,0,0,0,0,0
1/22/2018 7:10,26.22,58.24,3.88,0,0,0,0,0
1/22/2018 7:25,28.32,50.95,3.89,0,0,0,0,0
1/22/2018 7:39,28.87,47.42,3.88,0,0,0,0,0
1/22/2018 7:54,27.1,53.35,3.88,0,0,0,0,0
1/22/2018 8:09,28.76,44.42,3.88,0,0,0,0,0
1/22/2018 8:38,29.4,41.96,3.89,0,0,0,0,0
1/22/2018 8:53,29.88,41.02,3.89,0,0,0,0,0
1/22/2018 9:08,29.58,41.53,3.89,0,0,0,0,0
1/22/2018 9:22,29.92,41.57,3.89,0,0,0,0,0
1/22/2018 9:37,30.92,40.44,3.89,0,0,0,0,0
1/22/2018 9:52,32.52,36.71,3.89,0,0,0,0,0
1/22/2018 10:07,31.59,37.92,3.89,0,0,0,0,0
1/22/2018 10:21,27.65,48.85,3.89,0,0,0,0,0
1/22/2018 10:36,31.23,38.12,3.89,0,0,0,0,0
1/22/2018 10:51,34.54,32.84,3.9,0,0,0,0,0
1/22/2018 11:06,34.01,30.89,3.9,0,0,0,0,0
1/22/2018 11:20,32.66,33.11,3.9,0,0,0,0,0
1/22/2018 11:35,36.23,26.48,3.9,0,0,0,0,0
1/22/2018 11:50,31.62,33.3,3.9,0,0,0,0,0
1/22/2018 12:04,29.79,37.5,3.9,0,0,0,0,0
1/22/2018 12:19,28.14,41.89,3.9,0,0,0,0,0
1/22/2018 12:34,23.49,63.7,3.9,0,0,0,0,0
1/22/2018 12:48,25.48,54.49,3.9,0,0,0,0,0
1/22/2018 13:18,25.14,57,3.91,0,0,0,0,0
1/22/2018 13:33,25.87,52.71,3.9,0,0,0,0,0
1/22/2018 13:47,23.14,67.66,3.9,0,0,0,0,0
1/22/2018 14:02,19.84,85.04,3.9,0,0,0,0,0
1/22/2018 14:16,19.02,91.25,3.89,0,0,0,0,0
1/22/2018 14:31,18.27,93.25,3.89,0,0,0,0,0
1/22/2018 14:46,18.55,93.09,3.89,0,0,0,0,0
1/22/2018 15:00,19.15,91.88,3.89,0,0,0,0,0
1/22/2018 15:15,19.44,91.73,3.89,0,0,0,0,0
1/22/2018 15:30,19.54,86,3.89,0,0,0,0,0
1/22/2018 15:45,19.76,85.13,3.89,0,0,0,0,0
1/22/2018 15:59,19.66,85.52,3.88,0,0,0,0,0
1/22/2018 16:29,20.26,82.13,3.88,0,0,0,0,0
1/22/2018 16:43,20.68,77.14,3.88,0,0,0,0,0
1/22/2018 16:58,21.15,71.61,3.88,0,0,0,0,0
1/22/2018 17:13,21.37,71.63,3.88,0,0,0,0,0
1/22/2018 17:28,21.03,79.83,3.88,0,0,0,0,0
1/22/2018 17:42,21.14,77.5,3.88,0,0,0,0,0
1/22/2018 17:57,20.72,82.34,3.88,0,0,0,0,0
1/22/2018 18:12,20.48,80.31,3.88,0,0,0,0,0
1/22/2018 18:26,20.85,77.65,3.88,0,0,0,0,0
1/22/2018 18:56,20.56,80.87,3.88,0,0,0,0,0
1/22/2018 19:11,20.63,80.63,3.87,0,0,0,0,0
1/22/2018 19:25,20.4,83.27,3.87,0,0,0,0,0
1/22/2018 19:40,20.11,84.86,3.87,0,0,0,0,0
1/22/2018 19:55,20.1,83.11,3.87,0,0,0,0,0
1/22/2018 20:09,19.99,87.61,3.87,0,0,0,0,0
1/22/2018 20:24,19.79,82.89,3.87,0,0,0,0,0
1/22/2018 20:39,20.24,79.87,3.87,0,0,0,0,0
1/22/2018 20:53,20.4,78.31,3.87,0,0,0,0,0
1/22/2018 21:08,20.5,77.1,3.87,0,0,0,0,0
1/22/2018 21:23,20.32,77.01,3.87,0,0,0,0,0
1/22/2018 21:38,20.13,76.92,3.86,0,0,0,0,0
1/22/2018 21:52,20.2,75.22,3.86,0,0,0,0,0
1/22/2018 22:07,20,77.68,3.86,0,0,0,0,0
1/22/2018 22:21,19.55,79.88,3.86,0,0,0,0,0
1/22/2018 22:36,20.37,71.27,3.86,0,0,0,0,0
1/22/2018 22:51,20.75,69.53,3.86,0,0,0,0,0
1/22/2018 23:06,20.67,68.3,3.86,0,0,0,0,0
1/22/2018 23:20,20.01,73.1,3.86,0,0,0,0,0
1/22/2018 23:35,20.23,71.66,3.86,0,0,0,0,0
1/22/2018 23:50,19.8,76.77,3.86,0,0,0,0,0
1/23/2018 0:04,20.32,73.65,3.86,0,0,0,0,0
1/23/2018 0:19,20.03,77.37,3.86,0,0,0,0,0
1/23/2018 0:34,19.8,77.25,3.86,0,0,0,0,0
1/23/2018 0:48,19.82,75.31,3.86,0,0,0,0,0
1/23/2018 1:03,19.05,78.87,3.86,0,0,0,0,0
1/23/2018 1:18,19,76.74,3.86,0,0,0,0,0
1/23/2018 1:32,18.42,79.69,3.85,0,0,0,0,0
1/23/2018 1:47,18.83,75.93,3.86,0,0,0,0,0
1/23/2018 2:02,18.55,78.14,3.85,0,0,0,0,0
1/23/2018 2:16,18.3,81.45,3.85,0,0,0,0,0
1/23/2018 5:43,21.42,76.33,3.85,0,0,0,0,0
1/23/2018 5:57,21.61,74.86,3.85,0,0,0,0,0
1/23/2018 6:12,22.6,72.03,3.86,0,0,0,0,0
1/23/2018 6:27,26.78,57.39,3.87,0,0,0,0,0
1/23/2018 6:42,25.78,59.98,3.88,0,0,0,0,0
1/23/2018 7:11,25.84,59.29,3.88,0,0,0,0,0
1/23/2018 7:26,27.86,52.85,3.88,0,0,0,0,0
1/23/2018 7:41,27.93,53.43,3.88,0,0,0,0,0
1/23/2018 8:10,27.26,54.55,3.89,0,0,0,0,0
1/23/2018 8:25,27.04,54.04,3.88,0,0,0,0,0
1/23/2018 8:54,28,48.43,3.88,0,0,0,0,0
1/23/2018 9:39,27.15,47.74,3.88,0,0,0,0,0
1/23/2018 9:53,26.12,52.23,3.88,0,0,0,0,0
1/23/2018 10:08,26.34,52.33,3.89,0,0,0,0,0
1/23/2018 10:37,28.73,43.91,3.89,0,0,0,0,0
1/23/2018 10:52,31.88,41.92,3.89,0,0,0,0,0
1/23/2018 11:22,32.74,38.24,3.89,0,0,0,0,0
1/23/2018 11:36,29.42,42.77,3.89,0,0,0,0,0
1/23/2018 12:06,31.13,38.08,3.9,0,0,0,0,0
1/23/2018 12:21,31.05,37.16,3.9,0,0,0,0,0
1/23/2018 12:35,32.2,32.21,3.9,0,0,0,0,0
1/23/2018 12:50,31.18,35.67,3.9,0,0,0,0,0
1/23/2018 13:05,28.92,33.99,3.9,0,0,0,0,0
1/23/2018 13:34,24.69,48.8,3.9,0,0,0,0,0
1/23/2018 13:49,23.9,53.58,3.9,0,0,0,0,0
1/23/2018 14:03,22.94,61.74,3.9,0,0,0,0,0
1/23/2018 14:18,20.18,84.62,3.9,0,0,0,0,0
1/23/2018 14:32,19.36,87.03,3.89,0,0,0,0,0
1/23/2018 14:47,19.46,87.27,3.89,0,0,0,0,0
1/23/2018 15:02,19.65,82.91,3.89,0,0,0,0,0
1/23/2018 15:31,18.36,87.95,3.89,0,0,0,0,0
1/23/2018 15:46,17.75,89.14,3.89,0,0,0,0,0
1/23/2018 16:00,17.63,89.18,3.89,0,0,0,0,0
1/23/2018 16:15,17.94,86.57,3.88,0,0,0,0,0
1/23/2018 16:30,18.18,84.07,3.88,0,0,0,0,0
1/23/2018 16:44,18.08,84.17,3.88,0,0,0,0,0
1/23/2018 16:59,18.08,84.78,3.88,0,0,0,0,0
1/23/2018 17:14,18.1,88.88,3.88,0,0,0,0,0
1/23/2018 17:29,18.22,87.62,3.88,0,0,0,0,0
1/23/2018 17:43,18.45,83.98,3.88,0,0,0,0,0
1/23/2018 17:58,18.66,82.23,3.88,0,0,0,0,0
1/23/2018 18:13,18.72,82.15,3.88,0,0,0,0,0
1/23/2018 18:57,18.91,79.43,3.87,0,0,0,0,0
1/23/2018 19:12,18.84,87.03,3.87,0,0,0,0,0
1/23/2018 19:26,18.52,89.26,3.87,0,0,0,0,0
1/23/2018 19:41,18.44,89.36,3.87,0,0,0,0,0
1/23/2018 19:56,18.4,89.7,3.87,0,0,0,0,0
1/23/2018 20:10,18.36,89.13,3.87,0,0,0,0,0
1/23/2018 20:25,18.33,90.71,3.87,0,0,0,0,0
1/23/2018 20:40,18.23,90.31,3.87,0,0,0,0,0
1/23/2018 20:55,18.21,90.96,3.86,0,0,0,0,0
1/23/2018 21:09,18.24,91.74,3.86,0,0,0,0,0
1/23/2018 21:24,18.18,91.89,3.86,0,0,0,0,0
1/24/2018 7:28,21.43,79,3.85,0,0,0,0,0
1/24/2018 7:43,21.34,79.14,3.85,0,0,0,0,0
1/24/2018 8:27,22.4,74.57,3.86,0,0,0,0,0
1/24/2018 8:56,25.52,62.57,3.88,0,0,0,0,0
1/24/2018 9:11,26.73,58.32,3.88,0,0,0,0,0
1/24/2018 9:55,27.94,49.5,3.88,0,0,0,0,0
1/24/2018 10:10,29.15,46.16,3.88,0,0,0,0,0
1/24/2018 10:25,28.07,46.66,3.88,0,0,0,0,0
1/24/2018 10:40,29.85,45.78,3.88,0,0,0,0,0
1/24/2018 10:55,29.86,46.35,3.89,0,0,0,0,0
1/24/2018 11:09,29.58,46.38,3.9,0,0,0,0,0
1/24/2018 11:24,29.16,46.13,3.89,0,0,0,0,0
1/24/2018 11:39,29.51,43.9,3.89,0,0,0,0,0
1/24/2018 11:53,29.28,40.17,3.89,0,0,0,0,0
1/24/2018 12:08,30.38,41.17,3.89,0,0,0,0,0
1/24/2018 12:23,30.77,39.77,3.89,0,0,0,0,0
1/24/2018 13:07,29.02,42.08,3.89,0,0,0,0,0
1/24/2018 13:22,30.91,40.72,3.9,0,0,0,0,0
1/24/2018 13:36,27.36,51.79,3.9,0,0,0,0,0
1/24/2018 13:51,26.48,54.38,3.9,0,0,0,0,0
1/24/2018 14:20,26.16,55.37,3.9,0,0,0,0,0
1/24/2018 14:35,25.5,59.66,3.9,0,0,0,0,0
1/24/2018 14:50,24.23,59.38,3.9,0,0,0,0,0
1/24/2018 15:04,24.34,60.03,3.89,0,0,0,0,0
1/24/2018 15:19,24.46,57.82,3.89,0,0,0,0,0
1/24/2018 15:34,23.85,60.5,3.89,0,0,0,0,0
1/24/2018 15:48,23.37,62.05,3.89,0,0,0,0,0
1/24/2018 16:03,23.15,62.19,3.89,0,0,0,0,0
1/24/2018 16:18,22.92,63.75,3.89,0,0,0,0,0
1/24/2018 16:32,22.54,66.14,3.89,0,0,0,0,0
1/24/2018 16:47,22.24,67.79,3.89,0,0,0,0,0
1/24/2018 17:02,21.96,68.45,3.88,0,0,0,0,0
1/24/2018 17:16,21.58,71,3.88,0,0,0,0,0
1/24/2018 17:31,21.64,68.54,3.88,0,0,0,0,0
1/24/2018 17:46,21.74,69.18,3.88,0,0,0,0,0
1/24/2018 18:00,21.5,69.64,3.88,0,0,0,0,0
1/24/2018 18:15,21.2,72.62,3.88,0,0,0,0,0
1/24/2018 18:30,20.99,74.6,3.88,0,0,0,0,0
1/24/2018 18:45,21,74.08,3.88,0,0,0,0,0
1/24/2018 18:59,21.1,74.37,3.88,0,0,0,0,0
1/24/2018 19:14,21.16,74.74,3.88,0,0,0,0,0
1/24/2018 19:29,20.83,76.58,3.87,0,0,0,0,0
1/24/2018 19:43,20.66,77.48,3.87,0,0,0,0,0
1/24/2018 19:58,20.5,77.52,3.87,0,0,0,0,0
1/24/2018 20:13,20.24,78.83,3.87,0,0,0,0,0
1/24/2018 20:27,19.88,80.39,3.87,0,0,0,0,0
1/24/2018 20:42,19.66,80.81,3.87,0,0,0,0,0
1/24/2018 20:57,19.63,80.77,3.87,0,0,0,0,0
1/24/2018 21:11,19.51,80.8,3.87,0,0,0,0,0
1/24/2018 21:26,19.18,82.35,3.87,0,0,0,0,0
1/24/2018 21:41,18.82,83.67,3.86,0,0,0,0,0
1/24/2018 21:55,18.5,85.18,3.86,0,0,0,0,0
1/24/2018 22:25,19.51,80.21,3.86,0,0,0,0,0
1/24/2018 22:40,19.49,79.35,3.86,0,0,0,0,0
1/24/2018 22:54,19.34,79.42,3.86,0,0,0,0,0
1/24/2018 23:09,19.07,79.85,3.86,0,0,0,0,0
1/24/2018 23:24,19.1,80.04,3.86,0,0,0,0,0
1/24/2018 23:38,18.95,81.03,3.86,0,0,0,0,0
1/24/2018 23:53,18.86,81.34,3.86,0,0,0,0,0
1/25/2018 0:08,18.34,84.01,3.86,0,0,0,0,0
1/25/2018 0:22,18.39,83.62,3.86,0,0,0,0,0
1/25/2018 0:37,18.59,82.84,3.86,0,0,0,0,0
1/25/2018 0:52,18.54,82.66,3.86,0,0,0,0,0
1/25/2018 1:06,18.78,81.28,3.86,0,0,0,0,0
1/25/2018 1:21,18.67,81.73,3.86,0,0,0,0,0
1/25/2018 1:36,18.57,82.36,3.86,0,0,0,0,0
1/25/2018 1:51,18.37,82.95,3.86,0,0,0,0,0
1/25/2018 2:05,18.08,84.39,3.85,0,0,0,0,0
1/25/2018 2:20,18.25,84.09,3.85,0,0,0,0,0
1/25/2018 5:17,19.64,79.69,3.85,0,0,0,0,0
1/25/2018 5:31,22.35,69.03,3.85,0,0,0,0,0
1/25/2018 5:46,23.2,66.46,3.86,0,0,0,0,0
1/25/2018 6:01,24.23,62.45,3.86,0,0,0,0,0
1/25/2018 6:31,26.41,54.49,3.87,0,0,0,0,0
1/25/2018 6:45,26.9,54.09,3.88,0,0,0,0,0
1/25/2018 7:00,28.01,50.81,3.88,0,0,0,0,0
1/25/2018 7:15,27.12,54.12,3.88,0,0,0,0,0
1/25/2018 7:44,28.43,49.86,3.88,0,0,0,0,0
1/25/2018 7:59,28.48,48.49,3.88,0,0,0,0,0
1/25/2018 8:14,29,46.98,3.88,0,0,0,0,0
1/25/2018 8:29,31.14,42.42,3.88,0,0,0,0,0
1/25/2018 8:43,30.54,42.32,3.88,0,0,0,0,0
1/25/2018 8:58,30.64,43.35,3.88,0,0,0,0,0
1/25/2018 9:13,30.68,42.61,3.88,0,0,0,0,0
1/25/2018 9:28,31.29,42.26,3.88,0,0,0,0,0
1/25/2018 9:42,31.26,42.26,3.88,0,0,0,0,0
1/25/2018 9:57,29.6,46.12,3.89,0,0,0,0,0
1/25/2018 10:12,28.22,49.47,3.89,0,0,0,0,0
1/25/2018 10:26,30.41,42.98,3.89,0,0,0,0,0
1/25/2018 10:41,30.57,43.74,3.89,0,0,0,0,0
1/25/2018 10:56,29.66,44.25,3.89,0,0,0,0,0
1/25/2018 11:11,28.69,46.27,3.89,0,0,0,0,0
1/25/2018 11:25,27.43,49.25,3.89,0,0,0,0,0
1/25/2018 11:40,27.1,48.94,3.89,0,0,0,0,0
1/25/2018 12:09,27.62,49.37,3.89,0,0,0,0,0
1/25/2018 12:24,26.01,53.01,3.89,0,0,0,0,0
1/25/2018 12:39,25.78,52.95,3.89,0,0,0,0,0
1/25/2018 12:54,26.34,52.1,3.89,0,0,0,0,0
1/25/2018 13:08,26.89,50.44,3.89,0,0,0,0,0
1/25/2018 13:38,29.8,43.46,3.9,0,0,0,0,0
1/25/2018 13:53,29.88,41.91,3.9,0,0,0,0,0
1/25/2018 14:22,27.44,47.18,3.9,0,0,0,0,0
1/25/2018 14:36,28.02,47.71,3.9,0,0,0,0,0
1/25/2018 14:51,27.86,44.91,3.9,0,0,0,0,0
1/25/2018 15:06,26.41,56.34,3.9,0,0,0,0,0
1/25/2018 15:20,25.09,62.47,3.9,0,0,0,0,0
1/25/2018 15:35,24.5,65.66,3.89,0,0,0,0,0
1/25/2018 15:50,23.85,66.02,3.89,0,0,0,0,0
1/25/2018 16:04,21.44,80.96,3.89,0,0,0,0,0
1/25/2018 16:19,20.7,83.47,3.89,0,0,0,0,0
1/25/2018 16:34,20.78,87.27,3.89,0,0,0,0,0
1/25/2018 16:48,21.15,80.4,3.88,0,0,0,0,0
1/25/2018 17:03,21.24,81.17,3.88,0,0,0,0,0
1/25/2018 17:18,21.06,76.87,3.88,0,0,0,0,0
1/25/2018 17:32,20.62,78.12,3.88,0,0,0,0,0
1/25/2018 17:47,20.07,83.35,3.88,0,0,0,0,0
1/25/2018 18:02,19.7,84.91,3.88,0,0,0,0,0
1/25/2018 18:16,19.48,86.06,3.88,0,0,0,0,0
1/25/2018 18:31,19.27,86.04,3.88,0,0,0,0,0
1/25/2018 18:46,19.14,86.59,3.88,0,0,0,0,0
1/25/2018 19:01,18.98,88.02,3.88,0,0,0,0,0
1/25/2018 19:15,18.68,88.73,3.87,0,0,0,0,0
1/25/2018 19:30,18.49,89.02,3.87,0,0,0,0,0
1/25/2018 19:45,18.34,89.69,3.87,0,0,0,0,0
1/25/2018 19:59,18.13,91.02,3.87,0,0,0,0,0
1/26/2018 5:34,20.2,82.02,3.84,0,0,0,0,0
1/26/2018 5:48,20.85,80.44,3.85,0,0,0,0,0
1/26/2018 6:03,22.32,74.53,3.85,0,0,0,0,0
1/26/2018 6:18,23.53,68.7,3.86,0,0,0,0,0
1/26/2018 6:33,24.37,65.31,3.86,0,0,0,0,0
1/26/2018 6:47,25.89,60.03,3.87,0,0,0,0,0
1/26/2018 7:02,26.92,55.01,3.87,0,0,0,0,0
1/26/2018 7:17,27.42,54.03,3.88,0,0,0,0,0
1/26/2018 7:32,28.22,52.48,3.88,0,0,0,0,0
1/26/2018 8:01,28.94,50.58,3.88,0,0,0,0,0
1/26/2018 8:16,29.1,49.78,3.88,0,0,0,0,0
1/26/2018 8:31,29.01,49.08,3.87,0,0,0,0,0
1/26/2018 8:45,29.8,46.84,3.89,0,0,0,0,0
1/26/2018 9:00,29.52,48.33,3.89,0,0,0,0,0
1/26/2018 9:15,30.71,46.41,3.88,0,0,0,0,0
1/26/2018 9:30,30.54,44.32,3.88,0,0,0,0,0
1/26/2018 9:59,30.69,42.33,3.88,0,0,0,0,0
1/26/2018 10:14,29.45,44.5,3.88,0,0,0,0,0
1/26/2018 10:29,32.22,32.71,3.89,0,0,0,0,0
1/26/2018 10:44,32.78,31.11,3.91,0,0,0,0,0
1/26/2018 11:13,31.7,33.59,3.89,0,0,0,0,0
1/26/2018 11:28,33.12,32,3.89,0,0,0,0,0
1/26/2018 12:12,31.2,36.58,3.89,0,0,0,0,0
1/26/2018 12:27,32.4,35.61,3.9,0,0,0,0,0
1/26/2018 12:41,29.29,41.33,3.89,0,0,0,0,0
1/26/2018 12:56,27.16,46.62,3.91,0,0,0,0,0
1/26/2018 13:11,24.2,67.73,3.89,0,0,0,0,0
1/26/2018 13:25,21.89,79.42,3.89,0,0,0,0,0
1/26/2018 13:40,21.02,82.86,3.89,0,0,0,0,0
1/26/2018 13:54,21.17,82.87,3.89,0,0,0,0,0
1/26/2018 14:09,21.52,79.73,3.89,0,0,0,0,0
1/26/2018 14:24,21.62,81.69,3.89,0,0,0,0,0
1/26/2018 14:39,21.21,81.37,3.89,0,0,0,0,0
1/26/2018 14:53,21.09,82.32,3.88,0,0,0,0,0
1/26/2018 15:08,20.44,82.12,3.88,0,0,0,0,0
1/26/2018 15:23,20.64,82.21,3.88,0,0,0,0,0
1/26/2018 15:37,20.71,84.1,3.88,0,0,0,0,0
1/26/2018 15:52,20.74,84.11,3.88,0,0,0,0,0
1/26/2018 16:07,20.4,87.74,3.88,0,0,0,0,0
1/26/2018 16:21,20.18,87.71,3.88,0,0,0,0,0
1/26/2018 16:36,19.99,88.7,3.88,0,0,0,0,0
1/26/2018 16:51,19.88,88.57,3.88,0,0,0,0,0
1/26/2018 17:06,19.93,86.95,3.88,0,0,0,0,0
1/26/2018 17:20,20.02,85.92,3.87,0,0,0,0,0
1/26/2018 17:35,20.15,81.7,3.87,0,0,0,0,0
1/26/2018 17:50,19.76,85.91,3.87,0,0,0,0,0
1/26/2018 18:04,19.3,88.74,3.87,0,0,0,0,0
1/26/2018 18:34,19.03,88.15,3.87,0,0,0,0,0
1/26/2018 18:48,19.13,86.25,3.86,0,0,0,0,0
1/26/2018 19:03,19.38,87.25,3.86,0,0,0,0,0
1/26/2018 19:18,19.51,85.01,3.86,0,0,0,0,0
1/26/2018 19:47,19.64,83.5,3.86,0,0,0,0,0
1/26/2018 20:02,19.44,84.34,3.86,0,0,0,0,0
1/26/2018 20:17,19.56,83.59,3.86,0,0,0,0,0
1/26/2018 20:32,19.14,85.01,3.86,0,0,0,0,0
1/26/2018 20:46,18.98,85.11,3.86,0,0,0,0,0
1/26/2018 21:01,18.64,88.68,3.86,0,0,0,0,0
1/26/2018 21:16,18.26,89.48,3.86,0,0,0,0,0
1/26/2018 21:30,17.94,90.8,3.86,0,0,0,0,0
1/26/2018 21:45,17.96,91.75,3.86,0,0,0,0,0
1/26/2018 22:00,17.94,91.03,3.86,0,0,0,0,0
1/26/2018 22:14,17.98,91.86,3.86,0,0,0,0,0
1/26/2018 22:29,18,91.91,3.86,0,0,0,0,0
1/26/2018 22:44,18.21,91.21,3.85,0,0,0,0,0
1/26/2018 22:59,18.18,91.54,3.85,0,0,0,0,0
1/26/2018 23:13,18.24,91.83,3.85,0,0,0,0,0
1/26/2018 23:28,18.2,91.48,3.85,0,0,0,0,0
1/26/2018 23:58,18.21,92.12,3.85,0,0,0,0,0
1/27/2018 0:12,18.28,93.23,3.85,0,0,0,0,0
1/27/2018 0:27,18.38,92.92,3.85,0,0,0,0,0
1/27/2018 0:42,18.36,92.39,3.85,0,0,0,0,0
1/27/2018 0:56,18.28,93.25,3.85,0,0,0,0,0
1/27/2018 1:11,18.07,93.1,3.85,0,0,0,0,0
1/27/2018 1:26,18.04,93.64,3.85,0,0,0,0,0
1/27/2018 1:41,18.03,93.7,3.85,0,0,0,0,0
1/27/2018 2:10,17.78,94.37,3.84,0,0,0,0,0
1/27/2018 2:40,17.38,94.62,3.84,0,0,0,0,0
1/27/2018 2:54,17.2,94.93,3.84,0,0,0,0,0
1/27/2018 3:09,17.23,95.5,3.84,0,0,0,0,0
1/27/2018 3:24,17.18,95.62,3.84,0,0,0,0,0
1/27/2018 3:38,17.14,95.78,3.84,0,0,0,0,0
1/27/2018 4:08,17.05,95.84,3.84,0,0,0,0,0
1/27/2018 4:23,17.25,96.11,3.84,0,0,0,0,0
1/27/2018 4:37,17.72,96.24,3.84,0,0,0,0,0
1/27/2018 4:52,18.25,95.86,3.84,0,0,0,0,0
1/27/2018 5:07,18.54,93.86,3.84,0,0,0,0,0
1/27/2018 5:21,19.26,91.19,3.84,0,0,0,0,0
1/27/2018 5:36,21.09,83.18,3.84,0,0,0,0,0
1/27/2018 5:51,22.27,78.71,3.84,0,0,0,0,0
1/27/2018 6:06,22.64,77.94,3.84,0,0,0,0,0
1/27/2018 6:21,23.79,73.17,3.84,0,0,0,0,0
1/27/2018 6:35,23.09,76.42,3.84,0,0,0,0,0
1/27/2018 6:50,22.61,77.87,3.84,0,0,0,0,0
1/27/2018 7:05,23.13,76,3.84,0,0,0,0,0
1/27/2018 7:19,22.74,77.93,3.84,0,0,0,0,0
1/27/2018 7:34,22.37,80.59,3.84,0,0,0,0,0
1/27/2018 7:49,22.82,78.64,3.84,0,0,0,0,0
1/27/2018 8:18,24.8,71.26,3.84,0,0,0,0,0
1/27/2018 8:33,25.53,67.85,3.84,0,0,0,0,0
1/27/2018 8:48,27.49,57.16,3.86,0,0,0,0,0
1/27/2018 9:03,27.15,62.83,3.86,0,0,0,0,0
1/27/2018 9:17,25.99,66.06,3.86,0,0,0,0,0
1/27/2018 9:32,27.67,57.15,3.87,0,0,0,0,0
1/27/2018 9:47,28.96,54.31,3.88,0,0,0,0,0
1/27/2018 10:02,26.88,59.2,3.87,0,0,0,0,0
1/27/2018 10:16,25.16,66.68,3.88,0,0,0,0,0
1/27/2018 10:31,22.46,72.08,3.88,0,0,0,0,0
1/27/2018 10:45,20.37,77.84,3.88,0,0,0,0,0
1/27/2018 11:00,19.46,84.46,3.87,0,0,0,0,0
1/27/2018 11:15,19.49,86.19,3.88,0,0,0,0,0
1/27/2018 11:29,20.45,81.23,3.89,0,0,0,0,0
1/27/2018 11:44,20.4,82.14,3.88,0,0,0,0,0
1/27/2018 11:59,20.19,80.02,3.88,0,0,0,0,0
1/27/2018 12:13,20.78,76.81,3.88,0,0,0,0,0
1/27/2018 12:28,21.94,73.06,3.88,0,0,0,0,0
1/27/2018 12:43,21.69,73.12,3.87,0,0,0,0,0
1/27/2018 12:58,22.47,72.97,3.87,0,0,0,0,0
1/27/2018 13:12,23.12,69.57,3.87,0,0,0,0,0
1/27/2018 13:27,24.56,61.27,3.87,0,0,0,0,0
1/27/2018 13:42,24.55,61.99,3.87,0,0,0,0,0
1/27/2018 13:57,24.68,59.84,3.87,0,0,0,0,0
1/27/2018 14:11,24.44,59.5,3.86,0,0,0,0,0
1/27/2018 14:26,24.82,57.54,3.86,0,0,0,0,0
1/27/2018 14:41,25.32,57.49,3.86,0,0,0,0,0
1/27/2018 14:55,25.14,57.43,3.86,0,0,0,0,0
1/27/2018 15:10,24.76,59.61,3.86,0,0,0,0,0
1/27/2018 15:25,23.53,64.68,3.86,0,0,0,0,0
1/27/2018 15:39,22.92,66.84,3.86,0,0,0,0,0
1/27/2018 15:54,22.57,70.73,3.86,0,0,0,0,0
1/27/2018 16:09,22.21,71.56,3.86,0,0,0,0,0
1/27/2018 16:23,22.12,69.19,3.86,0,0,0,0,0
1/27/2018 16:38,21.81,72.07,3.86,0,0,0,0,0
1/27/2018 16:53,21.51,75.38,3.86,0,0,0,0,0
1/27/2018 17:22,21.09,80.05,3.86,0,0,0,0,0
1/27/2018 17:37,20.91,79.39,3.86,0,0,0,0,0
1/27/2018 17:52,20.82,78.19,3.86,0,0,0,0,0
1/27/2018 18:06,20.77,77.95,3.86,0,0,0,0,0
1/27/2018 18:21,20.46,77.83,3.86,0,0,0,0,0
1/27/2018 18:36,20.43,78.64,3.85,0,0,0,0,0
1/27/2018 18:50,20.12,79.04,3.85,0,0,0,0,0
1/27/2018 19:05,19.78,80.03,3.85,0,0,0,0,0
1/27/2018 19:20,19.4,80.77,3.85,0,0,0,0,0
1/27/2018 19:34,19.43,81.14,3.85,0,0,0,0,0
1/27/2018 19:49,18.86,83.38,3.85,0,0,0,0,0
1/27/2018 20:04,18.68,81.71,3.85,0,0,0,0,0
1/27/2018 20:18,19.03,80.18,3.85,0,0,0,0,0
1/27/2018 20:33,19.08,80.58,3.85,0,0,0,0,0
1/27/2018 20:48,19.03,80.28,3.84,0,0,0,0,0
1/27/2018 21:03,18.9,81.93,3.84,0,0,0,0,0
1/27/2018 21:17,18.94,81.84,3.84,0,0,0,0,0
1/27/2018 21:32,18.38,84.14,3.84,0,0,0,0,0
1/27/2018 21:47,18.01,84.96,3.84,0,0,0,0,0
1/27/2018 22:01,18.27,83.47,3.84,0,0,0,0,0
1/27/2018 22:16,18.12,83.51,3.84,0,0,0,0,0
1/27/2018 22:31,18.22,82.17,3.84,0,0,0,0,0
1/27/2018 22:45,18.67,79.28,3.84,0,0,0,0,0
1/27/2018 23:00,18.06,81.32,3.84,0,0,0,0,0
1/27/2018 23:15,17.61,83.1,3.84,0,0,0,0,0
1/27/2018 23:29,17.06,85.09,3.84,0,0,0,0,0
1/27/2018 23:44,16.72,90.17,3.84,0,0,0,0,0
1/27/2018 23:59,16.42,91.96,3.84,0,0,0,0,0
1/28/2018 0:13,16.06,92.68,3.84,0,0,0,0,0
1/28/2018 0:28,15.8,93.8,3.84,0,0,0,0,0
1/29/2018 2:17,16.72,95.75,3.79,0,0,0,0,0
1/29/2018 2:32,16.67,95.09,3.79,0,0,0,0,0
1/29/2018 2:46,16.72,95.5,3.79,0,0,0,0,0
1/29/2018 3:01,16.62,95.6,3.79,0,0,0,0,0
1/29/2018 3:16,16.73,95.84,3.79,0,0,0,0,0
1/29/2018 3:30,16.67,95.81,3.79,0,0,0,0,0
1/29/2018 3:45,16.84,95.98,3.79,0,0,0,0,0
1/29/2018 4:00,16.88,94.93,3.79,0,0,0,0,0
1/29/2018 4:15,16.81,94.78,3.79,0,0,0,0,0
1/29/2018 4:29,17.24,94.89,3.79,0,0,0,0,0
1/29/2018 4:59,18.94,90.82,3.79,0,0,0,0,0
1/29/2018 5:14,19.78,87.54,3.79,0,0,0,0,0
1/29/2018 5:28,20.37,85.86,3.79,0,0,0,0,0
1/29/2018 6:42,24.64,71.46,3.79,0,0,0,0,0
1/29/2018 6:57,24.34,71.74,3.79,0,0,0,0,0
1/29/2018 7:12,24.98,70.44,3.79,0,0,0,0,0
1/29/2018 7:26,26.04,66.51,3.8,0,0,0,0,0
1/29/2018 7:41,26.27,65.43,3.79,0,0,0,0,0
1/29/2018 7:56,26.77,65.69,3.79,0,0,0,0,0
1/29/2018 8:25,29.42,56.53,3.79,0,0,0,0,0
1/29/2018 8:40,30.72,52.78,3.79,0,0,0,0,0
1/29/2018 8:55,30.62,51.05,3.8,0,0,0,0,0
1/29/2018 9:24,29.03,52.33,3.8,0,0,0,0,0
1/29/2018 9:39,29.21,52.42,3.8,0,0,0,0,0
1/29/2018 9:54,29.98,49.99,3.8,0,0,0,0,0
1/29/2018 10:09,31,43.59,3.8,0,0,0,0,0
1/29/2018 10:24,30.11,43.66,3.8,0,0,0,0,0
1/29/2018 10:38,29.82,47.47,3.8,0,0,0,0,0
1/29/2018 10:53,29.98,53.36,3.81,0,0,0,0,0
1/29/2018 11:07,27.25,59.44,3.81,0,0,0,0,0
1/29/2018 11:22,28.46,49.6,3.8,0,0,0,0,0
1/29/2018 11:37,25.84,63.04,3.8,0,0,0,0,0
1/29/2018 11:52,24.87,66.57,3.8,0,0,0,0,0
1/29/2018 12:06,25.35,63.14,3.8,0,0,0,0,0
1/29/2018 12:21,25.02,63.8,3.8,0,0,0,0,0
1/29/2018 12:36,25.45,63.63,3.8,0,0,0,0,0
1/29/2018 12:50,24.03,65.84,3.8,0,0,0,0,0
1/29/2018 13:05,23.82,67.14,3.8,0,0,0,0,0
1/29/2018 13:20,24.33,68.24,3.8,0,0,0,0,0
1/29/2018 14:04,26.33,60.98,3.8,0,0,0,0,0
1/29/2018 14:19,27,57.89,3.8,0,0,0,0,0
1/29/2018 14:34,27,57.55,3.8,0,0,0,0,0
1/29/2018 14:48,27.5,56.37,3.8,0,0,0,0,0
1/29/2018 15:18,25.87,64.03,3.8,0,0,0,0,0
1/29/2018 15:47,24.36,67.44,3.8,0,0,0,0,0
1/29/2018 16:17,23.09,75.83,3.79,0,0,0,0,0
1/29/2018 16:31,22.15,79.49,3.79,0,0,0,0,0
1/29/2018 16:46,21.76,81.23,3.79,0,0,0,0,0
1/29/2018 17:01,21.56,80.83,3.79,0,0,0,0,0
1/29/2018 17:15,21.45,80.83,3.79,0,0,0,0,0
1/29/2018 17:30,21.35,81.09,3.79,0,0,0,0,0
1/29/2018 17:45,21.25,81.3,3.79,0,0,0,0,0
1/29/2018 17:59,21.16,81.54,3.79,0,0,0,0,0
1/29/2018 18:14,21.03,80.92,3.79,0,0,0,0,0
1/29/2018 18:29,21.06,80.1,3.79,0,0,0,0,0
1/29/2018 19:13,20.41,82.09,3.79,0,0,0,0,0
1/29/2018 19:28,20.85,79.59,3.79,0,0,0,0,0
1/29/2018 19:42,20.61,80.72,3.78,0,0,0,0,0
1/29/2018 19:57,20.35,81.52,3.78,0,0,0,0,0
1/29/2018 20:12,19.8,85.13,3.79,0,0,0,0,0
1/29/2018 20:41,19.86,83.11,3.78,0,0,0,0,0
1/29/2018 20:56,19.88,83.91,3.78,0,0,0,0,0
1/29/2018 21:11,19.7,84.42,3.78,0,0,0,0,0
1/29/2018 21:26,19.43,85.81,3.78,0,0,0,0,0
1/29/2018 21:55,19,89.57,3.78,0,0,0,0,0
1/29/2018 22:24,19.06,90.98,3.78,0,0,0,0,0
1/29/2018 22:39,18.91,90.58,3.78,0,0,0,0,0
1/29/2018 22:54,18.78,90.31,3.78,0,0,0,0,0
1/29/2018 23:09,18.6,90.15,3.78,0,0,0,0,0
1/29/2018 23:23,18.24,91.33,3.78,0,0,0,0,0
1/29/2018 23:38,17.92,92.53,3.78,0,0,0,0,0
1/29/2018 23:53,17.72,93.45,3.78,0,0,0,0,0
1/30/2018 0:08,17.93,93.79,3.78,0,0,0,0,0
1/30/2018 0:22,18,94.54,3.78,0,0,0,0,0
1/30/2018 0:37,17.86,94.68,3.78,0,0,0,0,0
1/30/2018 0:52,17.83,94.3,3.78,0,0,0,0,0
1/30/2018 1:06,17.98,93.04,3.78,0,0,0,0,0
1/30/2018 1:21,17.83,94.03,3.78,0,0,0,0,0
1/30/2018 1:36,17.56,94.54,3.78,0,0,0,0,0
1/30/2018 1:51,17.66,95.05,3.78,0,0,0,0,0
1/30/2018 2:05,17.61,95.36,3.78,0,0,0,0,0
1/30/2018 2:20,17.42,94.9,3.78,0,0,0,0,0
1/30/2018 2:35,17.07,94.97,3.78,0,0,0,0,0
1/30/2018 2:49,16.9,95.37,3.78,0,0,0,0,0
1/30/2018 3:04,16.93,95.73,3.78,0,0,0,0,0
1/30/2018 3:19,17.08,95.94,3.78,0,0,0,0,0
1/30/2018 3:33,16.88,95.88,3.78,0,0,0,0,0
1/30/2018 3:48,16.78,95.99,3.78,0,0,0,0,0
1/30/2018 4:03,16.76,96.07,3.78,0,0,0,0,0
1/30/2018 4:17,17,96.35,3.78,0,0,0,0,0
1/30/2018 4:32,17.58,96.51,3.78,0,0,0,0,0
1/30/2018 4:47,18.04,96.33,3.78,0,0,0,0,0
1/30/2018 5:02,18.76,95.12,3.78,0,0,0,0,0
1/30/2018 5:16,19.35,92.48,3.78,0,0,0,0,0
1/30/2018 5:31,19.94,90.22,3.78,0,0,0,0,0
1/30/2018 5:46,20.94,86.13,3.78,0,0,0,0,0
1/30/2018 6:00,22,81.8,3.78,0,0,0,0,0
1/30/2018 6:15,21.32,83.38,3.78,0,0,0,0,0
1/30/2018 6:30,21.55,83.2,3.78,0,0,0,0,0
1/30/2018 7:00,22.46,78.77,3.78,0,0,0,0,0
1/30/2018 7:29,25.35,65.81,3.78,0,0,0,0,0
1/30/2018 7:44,26.93,61.56,3.78,0,0,0,0,0
1/30/2018 7:59,28.01,58.82,3.78,0,0,0,0,0
1/30/2018 8:13,28.92,52.99,3.78,0,0,0,0,0
1/30/2018 8:28,28.65,53.63,3.78,0,0,0,0,0
1/30/2018 8:58,30,51.72,3.78,0,0,0,0,0
1/30/2018 9:13,27.77,57.44,3.78,0,0,0,0,0
1/30/2018 9:27,28.95,53.57,3.78,0,0,0,0,0
1/30/2018 9:57,30.03,51.24,3.78,0,0,0,0,0
1/30/2018 10:11,30.42,49.26,3.78,0,0,0,0,0
1/30/2018 10:26,30.78,46.99,3.78,0,0,0,0,0
1/30/2018 10:41,30.56,47.1,3.78,0,0,0,0,0
1/30/2018 10:56,30.43,47.35,3.78,0,0,0,0,0
1/30/2018 11:10,29.6,47.87,3.78,0,0,0,0,0
1/30/2018 11:25,29.76,48.95,3.78,0,0,0,0,0
1/30/2018 11:40,29.26,49.77,3.78,0,0,0,0,0
1/30/2018 12:09,28.24,51.03,3.78,0,0,0,0,0
1/30/2018 12:24,28.64,46.67,3.78,0,0,0,0,0
1/30/2018 12:39,29.62,48.24,3.78,0,0,0,0,0
1/30/2018 12:54,29.26,50.29,3.78,0,0,0,0,0
1/30/2018 13:08,29.68,47.65,3.78,0,0,0,0,0
1/30/2018 13:23,30.06,47.34,3.78,0,0,0,0,0
1/30/2018 13:38,29.75,46.54,3.78,0,0,0,0,0
1/30/2018 14:22,27.82,54.66,3.78,0,0,0,0,0
1/30/2018 14:37,27.48,54.42,3.78,0,0,0,0,0
1/30/2018 14:51,26.69,56.32,3.78,0,0,0,0,0
1/30/2018 15:06,25.94,59.7,3.78,0,0,0,0,0
1/30/2018 15:21,25.61,60.72,3.78,0,0,0,0,0
1/30/2018 15:35,25.2,62.04,3.78,0,0,0,0,0
1/30/2018 15:50,24.78,64.21,3.78,0,0,0,0,0
1/30/2018 16:20,23.94,65.94,3.78,0,0,0,0,0
1/30/2018 16:49,23.25,68.48,3.78,0,0,0,0,0
1/30/2018 17:04,23.12,69.77,3.78,0,0,0,0,0
1/30/2018 17:18,23.02,71.1,3.78,0,0,0,0,0
1/30/2018 17:33,23.02,72.38,3.78,0,0,0,0,0
1/30/2018 17:48,22.95,71.65,3.78,0,0,0,0,0
1/30/2018 18:03,22.92,71.25,3.78,0,0,0,0,0
1/30/2018 18:32,22.64,73.64,3.78,0,0,0,0,0
1/30/2018 18:47,22.56,73.87,3.78,0,0,0,0,0
1/30/2018 19:01,22.38,76.2,3.78,0,0,0,0,0
1/30/2018 19:31,22.14,75.04,3.78,0,0,0,0,0
1/30/2018 20:00,22.93,70.55,3.78,0,0,0,0,0
1/30/2018 20:15,22.46,74.37,3.78,0,0,0,0,0
1/30/2018 20:30,22.14,76.1,3.78,0,0,0,0,0
1/30/2018 20:59,21.83,76.33,3.78,0,0,0,0,0
1/30/2018 21:43,21.11,76.48,3.77,0,0,0,0,0
1/30/2018 21:58,21.37,78.26,3.77,0,0,0,0,0
1/30/2018 22:28,21.1,77.48,3.78,0,0,0,0,0
1/30/2018 22:42,20.88,77.76,3.78,0,0,0,0,0
1/30/2018 22:57,20.74,77.38,3.77,0,0,0,0,0
1/30/2018 23:12,20.68,77.03,3.77,0,0,0,0,0
1/30/2018 23:27,20.61,76.77,3.77,0,0,0,0,0
1/30/2018 23:41,20.58,77.27,3.77,0,0,0,0,0
1/30/2018 23:56,20.5,77.79,3.77,0,0,0,0,0
1/31/2018 0:11,20.4,77.95,3.77,0,0,0,0,0
1/31/2018 0:25,20.32,77.96,3.77,0,0,0,0,0
1/31/2018 0:40,20.07,78.93,3.77,0,0,0,0,0
1/31/2018 1:39,20.18,77.82,3.77,0,0,0,0,0
1/31/2018 1:54,20,79.38,3.77,0,0,0,0,0
1/31/2018 2:08,19.79,80.34,3.77,0,0,0,0,0
1/31/2018 2:23,19.74,79.95,3.77,0,0,0,0,0
1/31/2018 2:38,19.8,79.34,3.77,0,0,0,0,0
1/31/2018 2:53,19.74,78.89,3.77,0,0,0,0,0
1/31/2018 3:07,19.52,79.17,3.77,0,0,0,0,0
1/31/2018 3:22,19.5,79.15,3.77,0,0,0,0,0
1/31/2018 3:37,19.04,81.41,3.77,0,0,0,0,0
1/31/2018 6:04,24.48,65.95,3.77,0,0,0,0,0
1/31/2018 6:19,24.59,65.97,3.77,0,0,0,0,0
1/31/2018 6:34,25.79,60.59,3.77,0,0,0,0,0
1/31/2018 6:48,26.37,58.79,3.77,0,0,0,0,0
1/31/2018 7:18,27.58,54.88,3.77,0,0,0,0,0
1/31/2018 7:33,27.32,54.81,3.77,0,0,0,0,0
1/31/2018 7:48,28.49,51.75,3.77,0,0,0,0,0
1/31/2018 8:02,27.33,54.97,3.77,0,0,0,0,0
1/31/2018 8:17,28.21,52.03,3.77,0,0,0,0,0
1/31/2018 9:16,31.21,42.18,3.78,0,0,0,0,0
1/31/2018 10:01,30.1,44.03,3.77,0,0,0,0,0
1/31/2018 10:15,30.34,42.77,3.77,0,0,0,0,0
1/31/2018 10:30,29.31,45.18,3.77,0,0,0,0,0
1/31/2018 10:45,30.03,44.6,3.77,0,0,0,0,0
1/31/2018 11:14,30.9,40.85,3.77,0,0,0,0,0
1/31/2018 11:29,30.59,41.85,3.77,0,0,0,0,0
1/31/2018 11:44,29.51,42.99,3.77,0,0,0,0,0
1/31/2018 11:59,31.62,39.51,3.77,0,0,0,0,0
1/31/2018 12:13,31.45,39.39,3.77,0,0,0,0,0
1/31/2018 12:28,30.93,40.51,3.77,0,0,0,0,0
1/31/2018 12:43,31.17,40.4,3.77,0,0,0,0,0
1/31/2018 12:57,31.23,37.29,3.77,0,0,0,0,0
1/31/2018 13:12,30.61,36.28,3.77,0,0,0,0,0
1/31/2018 13:27,30.54,40.68,3.77,0,0,0,0,0
1/31/2018 13:42,31.44,35.06,3.77,0,0,0,0,0
1/31/2018 13:56,31.32,37.16,3.77,0,0,0,0,0
1/31/2018 14:11,31.46,36.19,3.77,0,0,0,0,0
1/31/2018 14:55,29.82,40.53,3.77,0,0,0,0,0
1/31/2018 15:25,27.39,46.65,3.77,0,0,0,0,0
1/31/2018 16:09,25.52,57.24,3.77,0,0,0,0,0
1/31/2018 16:23,25.07,57.61,3.77,0,0,0,0,0
1/31/2018 16:38,24.71,58.69,3.77,0,0,0,0,0
1/31/2018 16:53,24.42,62.19,3.77,0,0,0,0,0
1/31/2018 17:08,24.13,64.3,3.77,0,0,0,0,0
1/31/2018 17:37,23.78,66.06,3.77,0,0,0,0,0
1/31/2018 17:52,23.51,67.29,3.77,0,0,0,0,0
1/31/2018 18:06,23.14,67,3.77,0,0,0,0,0
1/31/2018 18:21,22.83,67.32,3.77,0,0,0,0,0
1/31/2018 18:36,22.53,67.98,3.77,0,0,0,0,0
1/31/2018 18:50,22.09,70.03,3.77,0,0,0,0,0
1/31/2018 19:05,21.88,70.81,3.77,0,0,0,0,0
1/31/2018 19:49,21.1,73.07,3.77,0,0,0,0,0
1/31/2018 20:48,20.38,75.66,3.76,0,0,0,0,0
1/31/2018 21:03,20.3,76.2,3.76,0,0,0,0,0
1/31/2018 22:17,19.42,79.59,3.76,0,0,0,0,0
1/31/2018 22:31,19.2,80.94,3.76,0,0,0,0,0
1/31/2018 22:46,19.02,83.47,3.76,0,0,0,0,0
1/31/2018 23:01,19.04,82.72,3.76,0,0,0,0,0
1/31/2018 23:45,18.7,83.24,3.76,0,0,0,0,0
2/1/2018 0:00,18.48,84.68,3.76,0,0,0,0,0
2/1/2018 0:14,18.5,84.98,3.76,0,0,0,0,0
2/1/2018 0:29,18.42,85.94,3.76,0,0,0,0,0
2/1/2018 0:58,18.45,88.89,3.76,0,0,0,0,0
2/1/2018 1:28,18.33,89.22,3.76,0,0,0,0,0
2/1/2018 1:57,18.41,88.24,3.76,0,0,0,0,0
2/1/2018 2:12,18.46,87.8,3.76,0,0,0,0,0
2/1/2018 2:27,18.83,86.08,3.76,0,0,0,0,0
2/1/2018 5:53,23.37,71.14,3.75,0,0,0,0,0
2/1/2018 6:08,24.51,65.87,3.75,0,0,0,0,0
2/1/2018 6:23,25.99,60.87,3.75,0,0,0,0,0
2/1/2018 6:38,24.55,65.26,3.75,0,0,0,0,0
2/1/2018 6:52,23.81,68.58,3.75,0,0,0,0,0
2/1/2018 7:07,24.3,67.11,3.75,0,0,0,0,0
2/1/2018 7:22,25.19,64.39,3.75,0,0,0,0,0
2/1/2018 7:37,26.51,57.39,3.75,0,0,0,0,0
2/1/2018 7:51,27.67,55.9,3.75,0,0,0,0,0
2/1/2018 8:06,28.57,51.6,3.75,0,0,0,0,0
2/1/2018 8:21,28.18,52.44,3.75,0,0,0,0,0
2/1/2018 8:50,29.49,48.82,3.75,0,0,0,0,0
2/1/2018 9:05,31.33,43.46,3.75,0,0,0,0,0
2/1/2018 9:35,32.82,24.54,3.75,0,0,0,0,0
2/1/2018 9:49,33.44,25.54,3.75,0,0,0,0,0
2/1/2018 10:04,33.93,24.46,3.75,0,0,0,0,0
2/1/2018 10:19,34.38,25.61,3.75,0,0,0,0,0
2/1/2018 10:34,34.87,25.64,3.75,0,0,0,0,0
2/1/2018 10:48,33.9,28.33,3.75,0,0,0,0,0
2/1/2018 11:03,35.06,27.8,3.75,0,0,0,0,0
2/1/2018 11:18,34.6,28.57,3.75,0,0,0,0,0
2/1/2018 11:33,35.88,26.94,3.75,0,0,0,0,0
2/1/2018 11:47,32.06,33.91,3.75,0,0,0,0,0
2/1/2018 12:02,30.9,36.06,3.75,0,0,0,0,0
2/1/2018 12:17,32.9,32.7,3.75,0,0,0,0,0
2/1/2018 12:32,33.45,31.71,3.74,0,0,0,0,0
2/1/2018 12:46,33.92,30.12,3.75,0,0,0,0,0
2/1/2018 13:01,32.96,30.26,3.74,0,0,0,0,0
2/1/2018 13:31,33.66,27.4,3.74,0,0,0,0,0
2/1/2018 13:45,33.16,30.13,3.74,0,0,0,0,0
2/1/2018 14:00,32.97,30.33,3.74,0,0,0,0,0
2/1/2018 14:15,32.14,30.84,3.74,0,0,0,0,0
2/1/2018 14:30,31.6,31.12,3.74,0,0,0,0,0
2/1/2018 14:44,31.96,29.24,3.74,0,0,0,0,0
2/1/2018 14:59,31.08,31.83,3.74,0,0,0,0,0
2/1/2018 15:13,30.51,32.07,3.74,0,0,0,0,0
2/1/2018 15:43,29.13,38.71,3.74,0,0,0,0,0
2/1/2018 16:27,26.44,51.06,3.74,0,0,0,0,0
2/1/2018 16:42,26.02,52.47,3.73,0,0,0,0,0
2/1/2018 16:56,25.54,56.19,3.73,0,0,0,0,0
2/1/2018 17:11,25.08,57.79,3.73,0,0,0,0,0
2/1/2018 17:26,24.67,58.59,3.73,0,0,0,0,0
2/1/2018 17:40,24.4,57.84,3.73,0,0,0,0,0
2/1/2018 17:55,24.03,59.2,3.73,0,0,0,0,0
2/1/2018 18:10,23.53,61.02,3.73,0,0,0,0,0
2/1/2018 18:25,23.12,62.18,3.73,0,0,0,0,0
2/1/2018 18:39,23.23,62.08,3.73,0,0,0,0,0
2/1/2018 18:54,22.94,64.08,3.73,0,0,0,0,0
2/1/2018 19:09,22.36,66.43,3.73,0,0,0,0,0
2/1/2018 19:23,21.98,67.17,3.72,0,0,0,0,0
2/1/2018 19:38,21.87,67.98,3.72,0,0,0,0,0
2/1/2018 19:53,21.5,68.91,3.72,0,0,0,0,0
2/1/2018 20:07,21.3,69.29,3.72,0,0,0,0,0
2/1/2018 20:22,21.08,69.31,3.72,0,0,0,0,0
2/1/2018 20:37,20.93,69.98,3.72,0,0,0,0,0
2/1/2018 20:51,20.7,70.67,3.72,0,0,0,0,0
2/1/2018 21:06,20.66,69.63,3.72,0,0,0,0,0
2/1/2018 21:21,20.51,70.91,3.72,0,0,0,0,0
2/1/2018 21:35,20.22,71.74,3.72,0,0,0,0,0
2/1/2018 21:50,20.01,72.83,3.72,0,0,0,0,0
2/1/2018 22:05,19.78,73.3,3.72,0,0,0,0,0
2/1/2018 22:19,19.74,73.92,3.72,0,0,0,0,0
2/1/2018 22:34,19.7,73.45,3.72,0,0,0,0,0
2/1/2018 22:49,19.63,74.36,3.72,0,0,0,0,0
2/1/2018 23:04,19.44,75.66,3.71,0,0,0,0,0
2/1/2018 23:18,19.17,76.96,3.71,0,0,0,0,0
2/1/2018 23:33,19.18,77.04,3.71,0,0,0,0,0
2/1/2018 23:48,19.01,77.27,3.71,0,0,0,0,0
2/2/2018 0:02,18.86,77.66,3.71,0,0,0,0,0
2/2/2018 0:17,18.77,78.05,3.71,0,0,0,0,0
2/2/2018 0:32,18.58,79.72,3.71,0,0,0,0,0
2/2/2018 0:47,18.62,82.15,3.71,0,0,0,0,0
2/2/2018 1:01,18.76,81.75,3.71,0,0,0,0,0
2/2/2018 1:16,18.45,82.64,3.71,0,0,0,0,0
2/2/2018 1:31,18.18,84.17,3.71,0,0,0,0,0
2/2/2018 1:45,18.32,83.8,3.71,0,0,0,0,0
2/2/2018 2:00,17.97,84.96,3.71,0,0,0,0,0
2/2/2018 2:15,17.9,85.38,3.71,0,0,0,0,0
2/2/2018 2:29,17.86,85.47,3.71,0,0,0,0,0
2/2/2018 2:44,17.78,86.51,3.7,0,0,0,0,0
2/2/2018 2:59,18.13,87.03,3.7,0,0,0,0,0
2/2/2018 3:14,18.38,85.15,3.7,0,0,0,0,0
2/2/2018 3:28,18.02,85.79,3.7,0,0,0,0,0
2/2/2018 5:41,24.1,63.92,3.69,0,0,0,0,0
2/2/2018 5:56,26.05,55.54,3.69,0,0,0,0,0
2/2/2018 6:11,27.48,52.64,3.69,0,0,0,0,0
2/2/2018 6:25,28.09,49.23,3.69,0,0,0,0,0
2/2/2018 6:40,27.86,51.34,3.69,0,0,0,0,0
2/2/2018 6:55,28.28,49.97,3.69,0,0,0,0,0
2/2/2018 7:10,30.42,44.2,3.69,0,0,0,0,0
2/2/2018 7:24,29.43,47.72,3.69,0,0,0,0,0
2/2/2018 7:39,27.92,51.74,3.69,0,0,0,0,0
2/2/2018 7:54,26.3,57.88,3.69,0,0,0,0,0
2/2/2018 8:08,27.95,55.03,3.69,0,0,0,0,0
2/2/2018 8:23,31.68,44.68,3.69,0,0,0,0,0
2/2/2018 8:38,30.35,46.31,3.69,0,0,0,0,0
2/2/2018 8:53,29.56,48.63,3.68,0,0,0,0,0
2/2/2018 9:08,30.99,44.47,3.68,0,0,0,0,0
2/2/2018 9:22,31.67,41.55,3.68,0,0,0,0,0
2/2/2018 9:37,32.49,40.23,3.68,0,0,0,0,0
2/2/2018 9:52,32.66,40.07,3.68,0,0,0,0,0
2/2/2018 10:07,33.15,37.33,3.68,0,0,0,0,0
2/2/2018 10:21,34.46,33.19,3.68,0,0,0,0,0
2/2/2018 10:36,34,34.44,3.68,0,0,0,0,0
2/2/2018 10:51,33.82,34.99,3.68,0,0,0,0,0
2/2/2018 11:05,34.88,32.51,3.68,0,0,0,0,0
2/2/2018 11:20,34.9,33.52,3.68,0,0,0,0,0
2/2/2018 11:35,34.98,30.13,3.68,0,0,0,0,0
2/2/2018 11:50,34.21,32.09,3.68,0,0,0,0,0
2/2/2018 12:04,34.12,32.55,3.68,0,0,0,0,0
2/2/2018 12:19,35.16,31.05,3.67,0,0,0,0,0
2/2/2018 12:34,35.56,29.45,3.67,0,0,0,0,0
2/2/2018 12:49,34.67,32.21,3.67,0,0,0,0,0
2/2/2018 13:03,34.58,30.97,3.67,0,0,0,0,0
2/2/2018 13:18,35.07,30.65,3.67,0,0,0,0,0
2/2/2018 13:33,33.8,33.06,3.67,0,0,0,0,0
2/2/2018 14:02,31.47,38.29,3.67,0,0,0,0,0
2/2/2018 14:17,30.18,41.19,3.67,0,0,0,0,0
2/2/2018 14:31,29.97,44.12,3.67,0,0,0,0,0
2/2/2018 14:46,29.08,48.24,3.67,0,0,0,0,0
2/2/2018 15:01,30.55,44.86,3.67,0,0,0,0,0
2/2/2018 15:15,28.12,49.3,3.67,0,0,0,0,0
2/2/2018 15:30,27.57,49.52,3.67,0,0,0,0,0
2/2/2018 15:45,26.84,52.23,3.66,0,0,0,0,0
2/2/2018 16:14,26.13,53.79,3.66,0,0,0,0,0
2/2/2018 16:44,24.55,68.28,3.66,0,0,0,0,0
2/2/2018 16:59,24,70.21,3.66,0,0,0,0,0
2/2/2018 17:43,23.03,65.38,3.66,0,0,0,0,0
2/2/2018 17:57,22.98,62.1,3.66,0,0,0,0,0
2/2/2018 18:12,23.22,58.68,3.65,0,0,0,0,0
2/2/2018 18:41,22.75,58.57,3.65,0,0,0,0,0
2/2/2018 19:11,22.32,60.44,3.65,0,0,0,0,0
2/2/2018 19:26,22.08,61.84,3.65,0,0,0,0,0
2/2/2018 19:40,21.91,64.4,3.65,0,0,0,0,0
2/2/2018 19:55,21.76,68.21,3.65,0,0,0,0,0
2/2/2018 20:10,21.99,65.82,3.65,0,0,0,0,0
2/2/2018 20:25,22.03,63.63,3.65,0,0,0,0,0
2/2/2018 20:39,21.97,61.37,3.65,0,0,0,0,0
2/2/2018 21:24,21.44,62.95,3.65,0,0,0,0,0
2/2/2018 21:38,21.22,59.85,3.65,0,0,0,0,0
2/2/2018 21:53,21.31,61.21,3.65,0,0,0,0,0
2/2/2018 22:08,20.68,64.26,3.65,0,0,0,0,0
2/2/2018 22:52,19.56,74.05,3.64,0,0,0,0,0
2/2/2018 23:07,19.56,67.57,3.64,0,0,0,0,0
2/2/2018 23:22,19.56,66.91,3.64,0,0,0,0,0
2/3/2018 0:06,20,75.1,3.64,0,0,0,0,0
2/3/2018 0:21,19.82,79.96,3.63,0,0,0,0,0
2/3/2018 0:35,19.85,82.4,3.63,0,0,0,0,0
2/3/2018 1:05,19.52,76.84,3.63,0,0,0,0,0
2/3/2018 1:34,19.48,78.81,3.63,0,0,0,0,0
2/3/2018 1:49,19.34,78.3,3.63,0,0,0,0,0
2/3/2018 2:18,18.45,79.75,3.63,0,0,0,0,0
2/3/2018 2:33,18.31,82.18,3.63,0,0,0,0,0
2/3/2018 2:48,18.16,84.16,3.63,0,0,0,0,0
2/3/2018 3:02,18.01,85.38,3.63,0,0,0,0,0
2/3/2018 3:17,17.96,86.46,3.63,0,0,0,0,0
2/3/2018 3:32,17.81,87.6,3.62,0,0,0,0,0
2/3/2018 3:47,17.76,89.12,3.62,0,0,0,0,0
2/3/2018 4:01,18.03,88.95,3.62,0,0,0,0,0
2/3/2018 4:16,18.32,88.76,3.62,0,0,0,0,0
2/3/2018 4:31,18.95,87.29,3.62,0,0,0,0,0
2/3/2018 4:46,19.65,83.21,3.62,0,0,0,0,0
2/3/2018 5:00,19.82,81.12,3.62,0,0,0,0,0
2/3/2018 5:15,20.45,78.88,3.62,0,0,0,0,0
2/3/2018 5:30,23.46,69.88,3.62,0,0,0,0,0
2/3/2018 5:45,25.15,64.95,3.62,0,0,0,0,0
2/3/2018 5:59,25.72,60.91,3.62,0,0,0,0,0
2/3/2018 6:14,27.37,55.23,3.62,0,0,0,0,0
2/3/2018 6:29,26.88,55.69,3.62,0,0,0,0,0
2/3/2018 6:44,29.12,49.55,3.62,0,0,0,0,0
2/3/2018 7:13,29.66,48.9,3.62,0,0,0,0,0
2/3/2018 7:28,29.19,49.76,3.62,0,0,0,0,0
2/3/2018 7:43,30.64,46.11,3.62,0,0,0,0,0
2/3/2018 7:57,31.77,43.78,3.62,0,0,0,0,0
2/3/2018 8:12,31.88,42.46,3.62,0,0,0,0,0
2/3/2018 8:27,31.27,40.69,3.62,0,0,0,0,0
2/3/2018 8:42,31.22,40.34,3.62,0,0,0,0,0
2/3/2018 8:56,30.91,41.33,3.62,0,0,0,0,0
2/3/2018 9:11,30.49,42.41,3.62,0,0,0,0,0
2/3/2018 9:26,31.92,39.37,3.62,0,0,0,0,0
2/3/2018 9:40,31.54,40.16,3.62,0,0,0,0,0
2/3/2018 9:55,31.91,39.85,3.62,0,0,0,0,0
2/3/2018 10:10,32.79,37.09,3.62,0,0,0,0,0
2/3/2018 10:25,35.2,32.47,3.62,0,0,0,0,0
2/3/2018 10:40,34.07,33.59,3.62,0,0,0,0,0
2/3/2018 10:54,32.8,35.11,3.62,0,0,0,0,0
2/3/2018 11:09,34.13,32.01,3.62,0,0,0,0,0
2/3/2018 11:24,33.09,33.65,3.62,0,0,0,0,0
2/3/2018 11:38,33.56,33.9,3.62,0,0,0,0,0
2/3/2018 11:53,32.28,36.16,3.62,0,0,0,0,0
2/3/2018 12:08,31.57,36.83,3.61,0,0,0,0,0
2/3/2018 12:22,34.11,31.8,3.62,0,0,0,0,0
2/3/2018 12:37,33.7,29.88,3.61,0,0,0,0,0
2/3/2018 12:52,32.2,31.57,3.61,0,0,0,0,0
2/3/2018 13:06,30.84,35.92,3.61,0,0,0,0,0
2/3/2018 13:21,30.17,36.14,3.61,0,0,0,0,0
2/3/2018 13:36,30.47,42.72,3.61,0,0,0,0,0
2/3/2018 13:51,30.81,41.53,3.61,0,0,0,0,0
2/3/2018 14:05,31.23,40.55,3.61,0,0,0,0,0
2/3/2018 14:20,30.56,41.95,3.61,0,0,0,0,0
2/3/2018 14:35,28.94,45.77,3.61,0,0,0,0,0
2/3/2018 14:49,28.81,44.25,3.61,0,0,0,0,0
2/3/2018 15:04,28.56,45.59,3.61,0,0,0,0,0
2/3/2018 15:19,28.13,49.53,3.61,0,0,0,0,0
2/3/2018 15:33,27.53,51.33,3.61,0,0,0,0,0
2/3/2018 15:48,26.98,53.05,3.61,0,0,0,0,0
2/3/2018 16:03,26.42,54.43,3.61,0,0,0,0,0
2/3/2018 16:18,25.72,58.32,3.61,0,0,0,0,0
2/3/2018 16:32,25.32,58.69,3.61,0,0,0,0,0
2/3/2018 16:47,25.02,59.59,3.61,0,0,0,0,0
2/3/2018 17:02,24.7,60.12,3.6,0,0,0,0,0
2/3/2018 17:16,24.5,60.57,3.6,0,0,0,0,0
2/3/2018 17:31,24.34,61.36,3.6,0,0,0,0,0
2/3/2018 17:46,24.07,63.32,3.6,0,0,0,0,0
2/3/2018 18:00,23.51,65.87,3.6,0,0,0,0,0
2/3/2018 18:15,23.1,67.11,3.6,0,0,0,0,0
2/3/2018 18:30,23.39,65.88,3.6,0,0,0,0,0
2/3/2018 18:59,23.14,66.85,3.6,0,0,0,0,0
2/3/2018 19:14,22.73,68.7,3.6,0,0,0,0,0
2/3/2018 19:29,22.22,70.33,3.6,0,0,0,0,0
2/3/2018 19:43,22,70.49,3.6,0,0,0,0,0
2/3/2018 19:58,21.73,71.61,3.6,0,0,0,0,0
2/3/2018 20:13,21.64,72.04,3.6,0,0,0,0,0
2/3/2018 20:28,21.34,72.62,3.6,0,0,0,0,0
2/3/2018 20:42,21.08,73.26,3.6,0,0,0,0,0
2/3/2018 20:57,20.94,73.28,3.6,0,0,0,0,0
2/3/2018 21:12,20.98,72.63,3.6,0,0,0,0,0
2/3/2018 21:27,20.58,72.71,3.6,0,0,0,0,0
2/3/2018 21:56,20.2,72.32,3.59,0,0,0,0,0
2/3/2018 22:26,20.93,69.56,3.59,0,0,0,0,0
2/3/2018 22:40,20.8,70.61,3.59,0,0,0,0,0
2/3/2018 22:55,20.92,64.44,3.59,0,0,0,0,0
2/3/2018 23:10,20.66,65.93,3.59,0,0,0,0,0
2/3/2018 23:25,19.94,71.63,3.59,0,0,0,0,0
2/3/2018 23:39,19.44,72.2,3.59,0,0,0,0,0
2/3/2018 23:54,19.66,70.92,3.59,0,0,0,0,0
2/4/2018 0:09,19.63,71.36,3.58,0,0,0,0,0
2/4/2018 0:23,19.36,80.56,3.58,0,0,0,0,0
2/4/2018 0:38,19,84.08,3.58,0,0,0,0,0
2/4/2018 0:53,18.59,84.14,3.58,0,0,0,0,0
2/4/2018 1:07,18.35,84.53,3.58,0,0,0,0,0
2/4/2018 1:22,18.27,84.59,3.58,0,0,0,0,0
2/4/2018 1:37,18.25,84.8,3.58,0,0,0,0,0
2/4/2018 1:52,17.99,85.3,3.58,0,0,0,0,0
2/4/2018 2:07,17.8,86.01,3.58,0,0,0,0,0
2/4/2018 2:21,17.55,86.89,3.57,0,0,0,0,0
2/4/2018 2:51,17.43,87.67,3.57,0,0,0,0,0
2/4/2018 3:05,17.4,87.42,3.57,0,0,0,0,0
2/4/2018 3:20,17.44,87.29,3.57,0,0,0,0,0
2/4/2018 3:35,17.3,87.83,3.57,0,0,0,0,0
2/4/2018 3:50,17.51,87.76,3.57,0,0,0,0,0
2/4/2018 4:04,17.56,90.68,3.57,0,0,0,0,0
2/4/2018 4:19,17.8,90.76,3.57,0,0,0,0,0
2/4/2018 4:34,18.53,86.54,3.57,0,0,0,0,0
2/4/2018 4:49,20.07,80.81,3.57,0,0,0,0,0
2/4/2018 5:03,21.3,76.52,3.57,0,0,0,0,0
2/4/2018 5:18,21.93,72.87,3.57,0,0,0,0,0
2/4/2018 5:33,23.74,68.97,3.57,0,0,0,0,0
2/4/2018 5:48,25.25,64.91,3.57,0,0,0,0,0
2/4/2018 6:03,27.19,57.92,3.57,0,0,0,0,0
2/4/2018 6:17,28.66,52.67,3.57,0,0,0,0,0
2/4/2018 6:32,28.62,51.54,3.57,0,0,0,0,0
2/4/2018 7:02,31.41,42.69,3.57,0,0,0,0,0
2/4/2018 7:16,31.84,41.29,3.57,0,0,0,0,0
2/4/2018 7:31,31.84,42.08,3.57,0,0,0,0,0
2/4/2018 7:46,33.13,37.86,3.57,0,0,0,0,0
2/4/2018 8:01,32.9,36.39,3.57,0,0,0,0,0
2/4/2018 8:16,34.78,34.44,3.57,0,0,0,0,0
2/4/2018 8:30,33.97,33.22,3.57,0,0,0,0,0
2/4/2018 8:45,33,34.63,3.57,0,0,0,0,0
2/4/2018 9:00,32.24,35.2,3.57,0,0,0,0,0
2/4/2018 9:14,32.62,34.03,3.57,0,0,0,0,0
2/4/2018 9:29,33.94,31.21,3.57,0,0,0,0,0
2/4/2018 9:44,34.25,31.95,3.57,0,0,0,0,0
2/4/2018 9:59,33.08,30.05,3.57,0,0,0,0,0
2/4/2018 10:14,32.19,32,3.57,0,0,0,0,0
2/4/2018 10:28,32.6,31.1,3.57,0,0,0,0,0
2/4/2018 10:43,35.27,25.52,3.57,0,0,0,0,0
2/4/2018 10:58,36.11,26.21,3.57,0,0,0,0,0
2/4/2018 11:12,33.06,29.11,3.57,0,0,0,0,0
2/4/2018 11:27,33.62,29.33,3.57,0,0,0,0,0
2/4/2018 11:42,35.32,27.22,3.57,0,0,0,0,0
2/4/2018 11:57,35.3,27.15,3.57,0,0,0,0,0
2/4/2018 12:11,33.83,28.36,3.57,0,0,0,0,0
2/4/2018 12:26,33.05,28.74,3.57,0,0,0,0,0
2/4/2018 12:56,33.08,29.4,3.57,0,0,0,0,0
2/4/2018 13:10,31.92,31.18,3.57,0,0,0,0,0
2/4/2018 13:25,31.2,32.13,3.57,0,0,0,0,0
2/4/2018 13:40,33.1,28.74,3.57,0,0,0,0,0
2/4/2018 14:09,33.32,27.26,3.57,0,0,0,0,0
2/4/2018 14:39,34.35,28.33,3.57,0,0,0,0,0
2/4/2018 14:54,34,27.94,3.57,0,0,0,0,0
2/4/2018 15:08,31.95,34.68,3.57,0,0,0,0,0
2/4/2018 15:23,29.97,38.93,3.56,0,0,0,0,0
2/4/2018 15:38,29.12,40.53,3.56,0,0,0,0,0
2/4/2018 15:52,28.38,43.63,3.56,0,0,0,0,0
2/4/2018 16:07,27.67,47.01,3.56,0,0,0,0,0
2/4/2018 16:22,27.01,49.58,3.56,0,0,0,0,0
2/4/2018 16:36,26.36,53.41,3.56,0,0,0,0,0
2/4/2018 16:51,25.85,54.41,3.56,0,0,0,0,0
2/4/2018 17:06,25.34,57.98,3.56,0,0,0,0,0
2/4/2018 17:20,24.53,60.73,3.56,0,0,0,0,0
2/4/2018 17:35,24.41,61.13,3.56,0,0,0,0,0
2/4/2018 17:50,24.3,60.66,3.56,0,0,0,0,0
2/4/2018 18:05,24.26,59.72,3.56,0,0,0,0,0
2/4/2018 18:19,24.09,59.87,3.56,0,0,0,0,0
2/4/2018 18:34,24,59.86,3.56,0,0,0,0,0
2/4/2018 19:03,23.94,59,3.56,0,0,0,0,0
2/4/2018 19:18,24.04,57.79,3.56,0,0,0,0,0
2/4/2018 19:33,23.99,58.79,3.56,0,0,0,0,0
2/4/2018 19:47,23.89,58.5,3.56,0,0,0,0,0
2/4/2018 20:02,24.07,56.84,3.56,0,0,0,0,0
2/4/2018 20:17,24.11,57.06,3.56,0,0,0,0,0
2/4/2018 20:32,23.99,57.35,3.56,0,0,0,0,0
2/4/2018 20:46,23.83,57.95,3.56,0,0,0,0,0
2/4/2018 21:01,23.73,59.48,3.55,0,0,0,0,0
2/4/2018 21:16,23.64,59.74,3.55,0,0,0,0,0
2/4/2018 21:30,23.49,62,3.55,0,0,0,0,0
2/4/2018 21:45,23.13,67.63,3.55,0,0,0,0,0
2/4/2018 22:00,22.77,71.36,3.55,0,0,0,0,0
2/4/2018 22:15,22.54,72.85,3.54,0,0,0,0,0
2/4/2018 22:29,22.3,74.06,3.54,0,0,0,0,0
2/4/2018 22:44,22.04,75.08,3.54,0,0,0,0,0
2/4/2018 22:59,21.83,76.03,3.54,0,0,0,0,0
2/4/2018 23:13,21.68,77.4,3.54,0,0,0,0,0
2/4/2018 23:28,21.46,76.52,3.54,0,0,0,0,0
2/4/2018 23:43,21.17,76.83,3.54,0,0,0,0,0
2/4/2018 23:58,20.99,78.73,3.54,0,0,0,0,0
2/5/2018 0:12,20.56,80.9,3.53,0,0,0,0,0
2/5/2018 0:27,20.1,81.95,3.53,0,0,0,0,0
2/5/2018 0:42,20.12,82.51,3.53,0,0,0,0,0
2/5/2018 0:56,20.32,78.9,3.53,0,0,0,0,0
2/5/2018 1:11,20.51,77.18,3.52,0,0,0,0,0
2/5/2018 1:26,20.52,77.08,3.52,0,0,0,0,0
2/5/2018 1:55,20.62,76.22,3.52,0,0,0,0,0
2/5/2018 2:10,20.13,80.6,3.52,0,0,0,0,0
2/5/2018 2:25,19.53,85.17,3.52,0,0,0,0,0
2/5/2018 2:39,19.17,87.57,3.51,0,0,0,0,0
2/5/2018 2:54,18.86,88.16,3.51,0,0,0,0,0
2/5/2018 3:09,18.68,89.06,3.51,0,0,0,0,0
2/5/2018 3:23,18.58,89.16,3.51,0,0,0,0,0
2/5/2018 3:38,18.54,88.56,3.5,0,0,0,0,0
2/5/2018 3:53,18.14,89.73,3.5,0,0,0,0,0
2/5/2018 4:08,17.89,90.71,3.5,0,0,0,0,0
2/5/2018 4:22,17.94,90.79,3.5,0,0,0,0,0
2/5/2018 5:07,23.72,70.27,3.49,0,0,0,0,0
2/5/2018 7:50,34.42,30.74,3.45,0,0,0,0,0
2/5/2018 8:04,33.04,37.39,3.45,0,0,0,0,0
2/5/2018 8:34,34.1,33.77,3.44,0,0,0,0,0
2/5/2018 8:49,35.08,30.21,3.44,0,0,0,0,0
2/5/2018 9:03,34.18,29.78,3.44,0,0,0,0,0
2/5/2018 9:18,35.41,26.6,3.43,0,0,0,0,0
2/5/2018 9:48,35.44,27.53,3.42,0,0,0,0,0
2/5/2018 10:17,33.32,27.99,3.42,0,0,0,0,0
2/5/2018 10:32,32.01,28.7,3.42,0,0,0,0,0
2/5/2018 10:46,31.32,30.34,3.41,0,0,0,0,0
2/5/2018 11:01,31.27,28.89,3.41,0,0,0,0,0
2/5/2018 11:16,33.73,26.96,3.4,0,0,0,0,0
2/5/2018 11:31,35.45,25.05,3.4,0,0,0,0,0
2/5/2018 11:45,35.92,24,3.4,0,0,0,0,0
2/5/2018 12:00,36.11,24.76,3.39,0,0,0,0,0
2/5/2018 12:15,36.17,24.09,3.39,0,0,0,0,0
2/5/2018 12:30,37.04,22.72,3.39,0,0,0,0,0
2/5/2018 12:44,35.84,22.42,3.38,0,0,0,0,0
2/5/2018 12:59,34.22,24.41,3.38,0,0,0,0,0
2/5/2018 13:13,32.61,27.06,3.37,0,0,0,0,0
2/5/2018 13:28,30.72,30.72,3.37,0,0,0,0,0
2/5/2018 13:43,27.02,50.42,3.37,0,0,0,0,0
2/5/2018 13:57,25.93,51.28,3.36,0,0,0,0,0
2/5/2018 14:12,25.39,52.36,3.36,0,0,0,0,0
2/5/2018 14:27,25.7,50.41,3.36,0,0,0,0,0
2/5/2018 14:41,26.26,46.71,3.35,0,0,0,0,0
2/5/2018 14:56,26.54,45.69,3.34,0,0,0,0,0
2/5/2018 15:11,26.41,47.32,3.34,0,0,0,0,0
2/5/2018 15:26,26.4,48.33,3.34,0,0,0,0,0
2/5/2018 15:40,26.3,48.68,3.33,0,0,0,0,0
2/5/2018 15:55,26.18,48.73,3.33,0,0,0,0,0
2/5/2018 16:10,26.12,48.2,3.33,0,0,0,0,0
2/5/2018 16:24,25.95,49.8,3.32,0,0,0,0,0
2/5/2018 16:39,25.71,49.77,3.32,0,0,0,0,0
2/5/2018 16:54,25.4,51.5,3.31,0,0,0,0,0
2/5/2018 17:08,24.96,54.1,3.31,0,0,0,0,0
2/5/2018 17:23,24.42,56.12,3.3,0,0,0,0,0
2/5/2018 17:38,24.08,56.75,3.29,0,0,0,0,0
2/5/2018 17:52,23.92,56.3,3.29,0,0,0,0,0
2/5/2018 18:07,23.73,56.76,3.28,0,0,0,0,0
2/5/2018 18:22,23.25,57.7,3.28,0,0,0,0,0
2/5/2018 18:36,22.74,60.36,3.27,0,0,0,0,0
2/5/2018 18:51,22.4,58.09,3.27,0,0,0,0,0
2/5/2018 19:06,22.26,57.59,3.26,0,0,0,0,0
2/5/2018 19:21,22.14,58.91,3.25,0,0,0,0,0
2/5/2018 19:35,22.04,60.46,3.24,0,0,0,0,0
2/5/2018 19:50,21.98,59.45,3.24,0,0,0,0,0
2/5/2018 20:05,22.27,60.83,3.23,0,0,0,0,0
2/5/2018 20:19,21.94,65.52,3.23,0,0,0,0,0
2/5/2018 20:34,21.68,72.71,3.21,0,0,0,0,0
2/5/2018 20:49,21.48,74.29,3.2,0,0,0,0,0
2/5/2018 21:04,21.27,72.33,3.2,0,0,0,0,0
2/5/2018 21:18,21.42,65.51,3.19,0,0,0,0,0
2/5/2018 21:33,21.56,63.03,3.18,0,0,0,0,0
2/5/2018 21:48,21.78,61.67,3.17,0,0,0,0,0
2/5/2018 22:02,21.81,61.23,3.16,0,0,0,0,0
2/5/2018 22:17,21.94,59.99,3.15,0,0,0,0,0
2/5/2018 22:32,22.05,59.74,3.14,0,0,0,0,0
2/5/2018 22:47,22.02,59.46,3.12,0,0,0,0,0
2/5/2018 23:01,22.15,58.51,3.12,0,0,0,0,0
2/5/2018 23:16,21.92,59.08,3.11,0,0,0,0,0
2/5/2018 23:31,22.06,59.65,3.09,0,0,0,0,0
2/5/2018 23:45,21.54,61.69,3.07,0,0,0,0,0
2/6/2018 0:00,21.02,63.44,3.05,0,0,0,0,0
2/6/2018 0:15,20.52,65.97,3.04,0,0,0,0,0
2/6/2018 0:30,19.96,68.99,3.01,0,0,0,0,0
2/6/2018 0:44,19.74,73.49,3,0,0,0,0,0
2/6/2018 0:59,19.73,76.91,2.99,0,0,0,0,0
2/6/2018 1:14,19.6,79.06,2.96,0,0,0,0,0
2/6/2018 1:29,19.38,79.95,2.95,0,0,0,0,0
2/6/2018 1:43,19.25,79.94,2.92,0,0,0,0,0
2/6/2018 1:58,19.02,81.71,2.89,0,0,0,0,0
2/6/2018 2:13,18.96,81.92,2.88,0,0,0,0,0
2/6/2018 2:28,18.69,83.44,2.85,0,0,0,0,0
2/6/2018 2:43,18.74,84.72,2.82,0,0,0,0,0
2/6/2018 2:57,18.7,84.68,2.8,0,0,0,0,0
2/6/2018 3:12,18.88,84.42,2.78,0,0,0,0,0
2/6/2018 3:27,18.77,84.2,2.76,0,0,0,0,0
2/6/2018 3:42,18.95,85.25,2.75,0,0,0,0,0
2/6/2018 3:57,18.92,84.63,2.73,0,0,0,0,0
2/6/2018 4:12,18.86,83.7,2.71,0,0,0,0,0
2/6/2018 4:26,18.62,84.44,2.7,0,0,0,0,0
2/6/2018 4:41,18.9,83.44,2.67,0,0,0,0,0
2/6/2018 4:56,19.86,80.62,2.67,0,0,0,0,0
2/6/2018 5:11,20.58,77.85,2.66,0,0,0,0,0
2/6/2018 5:26,22.46,72.69,2.65,0,0,0,0,0
2/6/2018 5:41,22.79,70.78,2.65,0,0,0,0,0
2/6/2018 5:56,22.32,71.55,2.64,0,0,0,0,0
2/6/2018 6:11,22.49,73.61,2.63,0,0,0,0,0
2/6/2018 6:26,23.39,71.39,2.61,0,0,0,0,0
2/6/2018 6:41,24.6,67.68,2.61,0,0,0,0,0
2/6/2018 6:56,28.22,53.89,2.61,0,0,0,0,0
2/6/2018 7:11,28.54,50.65,2.61,0,0,0,0,0
2/6/2018 7:25,28.86,50.86,2.61,0,0,0,0,0
2/6/2018 7:40,30.36,44.6,2.61,0,0,0,0,0
2/6/2018 7:55,31.22,42.19,2.61,0,0,0,0,0
2/6/2018 8:10,32.67,38.4,2.61,0,0,0,0,0
2/6/2018 8:25,33.43,35.56,2.6,0,0,0,0,0
2/6/2018 8:40,33.62,35.68,2.61,0,0,0,0,0
2/6/2018 8:55,34.41,34.08,2.6,0,0,0,0,0
2/6/2018 9:10,34.84,32,2.59,0,0,0,0,0
2/6/2018 9:25,34.22,33.17,2.59,0,0,0,0,0
2/6/2018 9:40,35.57,30.47,2.58,0,0,0,0,0
2/6/2018 9:55,34.75,32.03,2.57,0,0,0,0,0
2/6/2018 10:10,34.93,29.43,2.56,0,0,0,0,0
2/6/2018 10:25,35.41,29.22,2.55,0,0,0,0,0
2/6/2018 10:40,35.02,30.82,2.54,0,0,0,0,0
2/6/2018 10:55,33.18,36.77,2.53,0,0,0,0,0
2/6/2018 11:09,33.61,35.44,2.5,0,0,0,0,0
2/6/2018 11:24,30.38,41.75,2.47,0,0,0,0,0
2/6/2018 11:39,29.89,40.54,2.43,0,0,0,0,0
2/6/2018 12:08,30.35,40.1,2.39,0,0,0,0,0
2/6/2018 12:23,31.26,38.54,2.38,0,0,0,0,0
2/6/2018 12:51,30.37,40.31,2.35,0,0,0,0,0
2/6/2018 13:05,31.03,38.54,2.34,0,0,0,0,0
2/6/2018 13:18,29.62,41.25,2.32,0,0,0,0,0
2/6/2018 13:31,29.49,40.18,2.3,0,0,0,0,0
