terminal id,3b17a818-7ced-4761-abae-541053c323c2,,,,,,,
terminal name,Rwinkwavu01,,,,,,,
date,s1,s2,s3,s4,s5,s6,s7,s8
1/10/2018 17:09,615.35,-6274.38,0.01,0,0,0,0,0
1/10/2018 17:23,615.35,-6274.38,0.01,0,0,0,0,0
1/10/2018 17:38,615.35,-6274.38,0.01,0,0,0,0,0
1/10/2018 18:08,615.35,-6274.38,0.01,0,0,0,0,0
1/10/2018 18:23,615.35,-6274.38,0.01,0,0,0,0,0
1/10/2018 18:53,615.35,-6274.38,0.01,0,0,0,0,0
1/10/2018 19:08,615.35,-6274.38,0.01,0,0,0,0,0
1/10/2018 19:23,615.35,-6274.38,0.01,0,0,0,0,0
1/10/2018 19:38,615.35,-6274.38,0.01,0,0,0,0,0
1/10/2018 19:53,615.35,-6274.38,0.01,0,0,0,0,0
1/10/2018 20:07,615.35,-6274.38,0.01,0,0,0,0,0
1/10/2018 20:22,615.35,-6274.38,0.01,0,0,0,0,0
1/10/2018 20:37,615.35,-6274.38,0.01,0,0,0,0,0
1/10/2018 20:52,615.35,-6274.38,0.01,0,0,0,0,0
1/10/2018 21:07,615.35,-6274.38,0.01,0,0,0,0,0
1/10/2018 21:22,615.35,-6274.38,0.01,0,0,0,0,0
1/10/2018 21:52,615.35,-6274.38,0.01,0,0,0,0,0
1/10/2018 22:07,615.35,-6274.38,0.01,0,0,0,0,0
1/10/2018 22:22,615.35,-6274.38,0.01,0,0,0,0,0
1/10/2018 22:37,615.35,-6274.38,0.01,0,0,0,0,0
1/10/2018 22:52,615.35,-6274.38,0.01,0,0,0,0,0
1/10/2018 23:07,615.35,-6274.38,0.01,0,0,0,0,0
1/10/2018 23:21,615.35,-6274.38,0.01,0,0,0,0,0
1/10/2018 23:36,615.35,-6274.38,0.01,0,0,0,0,0
1/10/2018 23:51,615.35,-6274.38,0.01,0,0,0,0,0
1/11/2018 0:06,615.35,-6274.38,0.01,0,0,0,0,0
1/11/2018 0:21,615.35,-6274.38,0.01,0,0,0,0,0
1/11/2018 0:36,615.35,-6274.38,0.01,0,0,0,0,0
1/11/2018 0:51,615.35,-6274.38,0.01,0,0,0,0,0
1/11/2018 1:06,615.35,-6274.38,0.01,0,0,0,0,0
1/11/2018 1:21,615.35,-6274.38,0.01,0,0,0,0,0
1/11/2018 1:35,615.35,-6274.38,0.01,0,0,0,0,0
1/11/2018 1:50,615.35,-6274.38,0.01,0,0,0,0,0
1/11/2018 2:20,615.35,-6274.38,0.01,0,0,0,0,0
1/11/2018 2:35,615.35,-6274.38,0.01,0,0,0,0,0
1/11/2018 2:50,615.35,-6274.38,0.01,0,0,0,0,0
1/11/2018 3:05,615.35,-6274.38,0.01,0,0,0,0,0
1/11/2018 3:20,615.35,-6274.38,0.01,0,0,0,0,0
1/11/2018 3:35,615.35,-6274.38,0.01,0,0,0,0,0
1/11/2018 3:50,615.35,-6274.38,0.01,0,0,0,0,0
1/11/2018 4:04,615.35,-6274.38,0.01,0,0,0,0,0
1/11/2018 4:19,615.35,-6274.38,0.01,0,0,0,0,0
1/11/2018 4:34,615.35,-6274.38,0.01,0,0,0,0,0
1/11/2018 4:49,615.35,-6274.38,0.01,0,0,0,0,0
1/11/2018 5:04,615.35,-6274.38,0.01,0,0,0,0,0
1/11/2018 5:19,615.35,-6274.38,0.01,0,0,0,0,0
1/11/2018 5:34,615.35,-6274.38,0.01,0,0,0,0,0
1/11/2018 5:49,615.35,-6274.38,0.01,0,0,0,0,0
1/11/2018 6:03,615.35,-6274.38,0.01,0,0,0,0,0
1/11/2018 6:18,615.35,-6274.38,0.01,0,0,0,0,0
1/11/2018 6:33,615.35,-6274.38,0.01,0,0,0,0,0
1/11/2018 6:48,615.35,-6274.38,0.01,0,0,0,0,0
1/11/2018 7:03,615.35,-6274.38,0.01,0,0,0,0,0
1/11/2018 7:18,615.35,-6274.38,0.01,0,0,0,0,0
1/11/2018 7:33,615.35,-6274.38,0.01,0,0,0,0,0
1/11/2018 8:02,615.35,-6274.38,0.01,0,0,0,0,0
1/11/2018 8:17,615.35,-6274.38,0.01,0,0,0,0,0
1/11/2018 8:32,615.35,-6274.38,0.01,0,0,0,0,0
1/11/2018 8:47,615.35,-6274.38,0.01,0,0,0,0,0
1/11/2018 9:02,615.35,-6274.38,0.01,0,0,0,0,0
1/11/2018 9:17,615.35,-6274.38,0.01,0,0,0,0,0
1/11/2018 9:32,615.35,-6274.38,0.01,0,0,0,0,0
1/11/2018 9:47,615.35,-6274.38,0.01,0,0,0,0,0
1/11/2018 12:01,615.35,-6274.38,0.01,0,0,0,0,0
1/11/2018 12:16,615.35,-6274.38,0.01,0,0,0,0,0
1/11/2018 14:15,615.35,-6274.38,0.01,0,0,0,0,0
1/11/2018 15:00,615.35,-6274.38,0.01,0,0,0,0,0
1/11/2018 15:15,615.35,-6274.38,0.01,0,0,0,0,0
1/11/2018 15:30,615.35,-6274.38,0.01,0,0,0,0,0
1/11/2018 15:59,615.35,-6274.38,0.01,0,0,0,0,0
1/12/2018 9:00,22.81,66.33,3.88,0,0,0,0,0
1/12/2018 9:03,21.75,70,4.02,0,0,0,0,0
1/12/2018 9:14,21.32,71.12,3.88,0,0,0,0,0
1/12/2018 9:29,20.78,74.42,3.87,0,0,0,0,0
1/12/2018 9:44,20.68,74.62,3.87,0,0,0,0,0
1/12/2018 9:58,20.76,74.61,3.87,0,0,0,0,0
1/12/2018 10:13,20.74,75.55,3.87,0,0,0,0,0
1/12/2018 10:28,20.69,75.97,3.86,0,0,0,0,0
1/12/2018 10:36,20.64,76.79,3.86,0,0,0,0,0
1/12/2018 10:51,20.58,79.38,3.86,0,0,0,0,0
1/12/2018 11:05,21.28,75.9,3.86,0,0,0,0,0
1/12/2018 11:20,21.57,74.63,3.86,0,0,0,0,0
1/12/2018 11:35,23.59,67.91,3.86,0,0,0,0,0
1/12/2018 11:49,23.19,94.71,3.86,0,0,0,0,0
1/12/2018 12:04,22.98,95.72,3.86,0,0,0,0,0
1/12/2018 12:19,22.81,96.24,3.86,0,0,0,0,0
1/12/2018 12:33,22.68,96.7,3.86,0,0,0,0,0
1/12/2018 12:48,22.56,96.98,3.85,0,0,0,0,0
1/12/2018 13:03,22.48,97.26,3.85,0,0,0,0,0
1/12/2018 13:18,22.42,97.47,3.85,0,0,0,0,0
1/12/2018 13:32,22.35,97.63,3.85,0,0,0,0,0
1/12/2018 13:47,22.34,97.76,3.85,0,0,0,0,0
1/12/2018 14:01,22.31,97.88,3.85,0,0,0,0,0
1/12/2018 14:16,22.3,97.96,3.85,0,0,0,0,0
1/12/2018 14:31,22.29,98.06,3.85,0,0,0,0,0
1/12/2018 14:45,22.3,98.14,3.85,0,0,0,0,0
1/12/2018 15:00,22.29,98.21,3.84,0,0,0,0,0
1/12/2018 15:15,22.31,98.27,3.85,0,0,0,0,0
1/12/2018 15:29,22.3,98.34,3.84,0,0,0,0,0
1/12/2018 15:44,22.3,98.41,3.84,0,0,0,0,0
1/12/2018 15:59,22.32,98.45,3.84,0,0,0,0,0
1/12/2018 16:13,22.32,98.5,3.84,0,0,0,0,0
1/12/2018 16:28,22.32,98.58,3.84,0,0,0,0,0
1/12/2018 16:42,22.32,98.63,3.84,0,0,0,0,0
1/12/2018 16:57,22.3,98.67,3.84,0,0,0,0,0
1/12/2018 17:12,22.3,98.76,3.84,0,0,0,0,0
1/12/2018 17:26,22.3,98.8,3.84,0,0,0,0,0
1/12/2018 17:41,22.29,98.87,3.84,0,0,0,0,0
1/12/2018 17:56,22.28,98.92,3.84,0,0,0,0,0
1/12/2018 18:10,22.26,98.96,3.84,0,0,0,0,0
1/12/2018 18:25,22.23,98.99,3.84,0,0,0,0,0
1/12/2018 18:40,22.21,99.03,3.84,0,0,0,0,0
1/12/2018 18:54,22.19,99.09,3.84,0,0,0,0,0
1/12/2018 19:09,22.17,99.13,3.83,0,0,0,0,0
1/12/2018 19:24,22.14,99.19,3.83,0,0,0,0,0
1/12/2018 19:38,22.13,99.18,3.83,0,0,0,0,0
1/12/2018 19:53,22.1,99.26,3.83,0,0,0,0,0
1/12/2018 20:07,22.08,99.25,3.83,0,0,0,0,0
1/12/2018 20:22,22.05,99.31,3.83,0,0,0,0,0
1/12/2018 20:37,22.02,99.32,3.83,0,0,0,0,0
1/12/2018 20:51,21.98,99.4,3.83,0,0,0,0,0
1/12/2018 21:06,21.96,99.43,3.83,0,0,0,0,0
1/12/2018 21:21,21.92,99.47,3.82,0,0,0,0,0
1/12/2018 21:35,21.88,99.5,3.83,0,0,0,0,0
1/12/2018 21:50,21.85,99.53,3.82,0,0,0,0,0
1/12/2018 22:05,21.82,99.57,3.82,0,0,0,0,0
1/12/2018 22:19,21.78,99.6,3.82,0,0,0,0,0
1/12/2018 22:34,21.74,99.63,3.82,0,0,0,0,0
1/12/2018 22:49,21.71,99.67,3.82,0,0,0,0,0
1/12/2018 23:03,21.67,99.68,3.82,0,0,0,0,0
1/12/2018 23:18,21.64,99.69,3.82,0,0,0,0,0
1/12/2018 23:33,21.62,99.72,3.81,0,0,0,0,0
1/12/2018 23:47,21.56,99.71,3.81,0,0,0,0,0
1/13/2018 0:02,21.54,99.77,3.81,0,0,0,0,0
1/13/2018 0:16,21.49,99.82,3.81,0,0,0,0,0
1/13/2018 0:31,21.47,99.85,3.81,0,0,0,0,0
1/13/2018 0:46,21.42,99.84,3.81,0,0,0,0,0
1/13/2018 1:00,21.4,99.88,3.81,0,0,0,0,0
1/13/2018 1:15,21.35,99.87,3.81,0,0,0,0,0
1/13/2018 1:30,21.31,99.89,3.81,0,0,0,0,0
1/13/2018 1:44,21.28,99.97,3.81,0,0,0,0,0
1/13/2018 1:59,21.24,99.96,3.8,0,0,0,0,0
1/13/2018 2:14,21.2,99.99,3.8,0,0,0,0,0
1/13/2018 2:28,21.17,99.98,3.8,0,0,0,0,0
1/13/2018 2:43,21.13,100.02,3.8,0,0,0,0,0
1/13/2018 2:58,21.09,100.05,3.8,0,0,0,0,0
1/13/2018 3:12,21.06,100.04,3.8,0,0,0,0,0
1/13/2018 3:27,21.04,100.03,3.8,0,0,0,0,0
1/13/2018 3:42,21,100.06,3.8,0,0,0,0,0
1/13/2018 3:56,20.97,100.1,3.8,0,0,0,0,0
1/13/2018 4:11,20.94,100.13,3.8,0,0,0,0,0
1/13/2018 4:26,20.9,100.13,3.8,0,0,0,0,0
1/13/2018 4:40,20.89,100.14,3.8,0,0,0,0,0
1/13/2018 4:55,20.87,100.15,3.8,0,0,0,0,0
1/13/2018 5:10,20.83,100.14,3.8,0,0,0,0,0
1/13/2018 5:24,20.8,100.18,3.8,0,0,0,0,0
1/13/2018 5:39,20.78,100.17,3.8,0,0,0,0,0
1/13/2018 5:54,20.76,100.17,3.8,0,0,0,0,0
1/13/2018 6:08,20.74,100.18,3.8,0,0,0,0,0
1/13/2018 6:23,20.72,100.19,3.8,0,0,0,0,0
1/13/2018 6:38,20.7,100.19,3.8,0,0,0,0,0
1/13/2018 6:52,20.69,100.21,3.8,0,0,0,0,0
1/13/2018 7:07,20.67,100.22,3.79,0,0,0,0,0
1/13/2018 7:22,20.67,100.23,3.79,0,0,0,0,0
1/13/2018 7:36,20.67,100.22,3.79,0,0,0,0,0
1/13/2018 7:51,20.68,100.22,3.79,0,0,0,0,0
1/13/2018 8:06,20.68,100.22,3.79,0,0,0,0,0
1/13/2018 8:20,20.69,100.23,3.79,0,0,0,0,0
1/13/2018 8:35,20.68,100.23,3.79,0,0,0,0,0
1/13/2018 8:50,20.7,100.23,3.79,0,0,0,0,0
1/13/2018 8:58,615.35,-6274.38,0.01,0,0,0,0,0
1/13/2018 9:04,20.71,100.24,3.79,0,0,0,0,0
1/13/2018 9:19,20.74,100.22,3.79,0,0,0,0,0
1/13/2018 9:34,20.74,100.21,3.79,0,0,0,0,0
1/13/2018 9:48,20.78,100.21,3.79,0,0,0,0,0
1/15/2018 2:21,21,100.9,3.66,0,0,0,0,0
1/15/2018 2:36,20.98,100.9,3.66,0,0,0,0,0
1/15/2018 2:50,20.95,100.89,3.66,0,0,0,0,0
1/15/2018 3:05,20.92,100.93,3.66,0,0,0,0,0
1/15/2018 3:20,20.91,100.92,3.66,0,0,0,0,0
1/15/2018 3:34,20.88,100.91,3.65,0,0,0,0,0
1/15/2018 4:04,20.84,100.94,3.65,0,0,0,0,0
1/15/2018 4:33,20.78,100.93,3.65,0,0,0,0,0
1/15/2018 4:48,20.76,100.96,3.65,0,0,0,0,0
1/15/2018 5:02,20.74,100.96,3.65,0,0,0,0,0
1/15/2018 5:17,20.7,100.99,3.65,0,0,0,0,0
1/15/2018 5:32,20.68,100.98,3.65,0,0,0,0,0
1/15/2018 5:46,20.66,101,3.65,0,0,0,0,0
1/15/2018 6:01,20.64,101.01,3.65,0,0,0,0,0
1/15/2018 6:16,20.62,101.01,3.65,0,0,0,0,0
1/15/2018 6:30,20.6,101,3.64,0,0,0,0,0
1/15/2018 6:45,20.58,100.99,3.64,0,0,0,0,0
1/15/2018 7:00,20.54,100.99,3.64,0,0,0,0,0
1/15/2018 7:14,20.55,101.01,3.64,0,0,0,0,0
1/15/2018 7:29,20.53,100.98,3.64,0,0,0,0,0
1/15/2018 7:44,20.53,100.98,3.64,0,0,0,0,0
1/15/2018 7:58,20.52,100.98,3.63,0,0,0,0,0
1/15/2018 8:13,20.52,100.98,3.63,0,0,0,0,0
1/15/2018 8:28,20.5,100.98,3.63,0,0,0,0,0
1/15/2018 8:42,20.51,101.02,3.63,0,0,0,0,0
1/15/2018 8:57,20.51,100.97,3.63,0,0,0,0,0
1/15/2018 9:12,20.5,100.98,3.63,0,0,0,0,0
1/15/2018 9:26,20.49,100.98,3.63,0,0,0,0,0
1/15/2018 9:41,20.51,100.98,3.63,0,0,0,0,0
1/15/2018 9:56,20.52,100.98,3.62,0,0,0,0,0
1/15/2018 10:10,20.52,100.98,3.62,0,0,0,0,0
1/15/2018 10:25,20.54,100.98,3.62,0,0,0,0,0
1/15/2018 10:40,20.54,100.99,3.62,0,0,0,0,0
1/15/2018 10:54,20.54,100.95,3.62,0,0,0,0,0
1/15/2018 11:09,20.57,100.95,3.62,0,0,0,0,0
1/15/2018 11:24,20.58,100.95,3.62,0,0,0,0,0
1/15/2018 11:39,20.6,100.94,3.62,0,0,0,0,0
1/15/2018 11:53,20.64,100.89,3.62,0,0,0,0,0
1/15/2018 12:08,20.66,100.9,3.61,0,0,0,0,0
1/15/2018 12:23,20.72,100.87,3.61,0,0,0,0,0
1/15/2018 12:37,20.78,100.85,3.61,0,0,0,0,0
1/15/2018 12:52,20.88,100.79,3.61,0,0,0,0,0
1/15/2018 13:07,20.96,100.77,3.61,0,0,0,0,0
1/15/2018 13:21,21.07,100.71,3.61,0,0,0,0,0
1/15/2018 13:36,21.16,100.63,3.61,0,0,0,0,0
1/15/2018 13:51,21.26,100.56,3.61,0,0,0,0,0
1/15/2018 14:05,21.37,100.55,3.61,0,0,0,0,0
1/15/2018 14:20,21.48,100.48,3.6,0,0,0,0,0
1/15/2018 14:35,21.56,100.44,3.6,0,0,0,0,0
1/15/2018 14:49,21.66,100.38,3.6,0,0,0,0,0
1/15/2018 15:04,21.78,100.34,3.6,0,0,0,0,0
1/15/2018 15:18,21.85,100.3,3.6,0,0,0,0,0
1/15/2018 15:33,21.93,100.32,3.6,0,0,0,0,0
1/15/2018 15:48,22,100.26,3.6,0,0,0,0,0
1/15/2018 16:02,22.05,100.27,3.6,0,0,0,0,0
1/15/2018 16:17,22.11,100.29,3.59,0,0,0,0,0
1/15/2018 16:32,22.17,100.28,3.59,0,0,0,0,0
1/15/2018 16:46,22.19,100.27,3.59,0,0,0,0,0
1/15/2018 17:01,22.23,100.33,3.59,0,0,0,0,0
1/15/2018 17:16,22.27,100.33,3.59,0,0,0,0,0
1/15/2018 17:30,22.28,100.34,3.59,0,0,0,0,0
1/15/2018 17:45,22.3,100.39,3.59,0,0,0,0,0
1/15/2018 18:00,22.3,100.38,3.59,0,0,0,0,0
1/15/2018 18:14,22.3,100.41,3.59,0,0,0,0,0
1/15/2018 18:29,22.3,100.43,3.59,0,0,0,0,0
1/15/2018 18:44,22.3,100.48,3.58,0,0,0,0,0
1/15/2018 18:58,22.3,100.49,3.58,0,0,0,0,0
1/15/2018 19:13,22.28,100.51,3.58,0,0,0,0,0
1/15/2018 19:27,22.26,100.55,3.58,0,0,0,0,0
1/15/2018 19:42,22.25,100.59,3.58,0,0,0,0,0
1/15/2018 19:57,22.21,100.61,3.58,0,0,0,0,0
1/15/2018 20:11,22.17,100.65,3.58,0,0,0,0,0
1/15/2018 20:26,22.12,100.68,3.58,0,0,0,0,0
1/15/2018 20:41,22.08,100.73,3.58,0,0,0,0,0
1/15/2018 20:55,22.03,100.73,3.58,0,0,0,0,0
1/15/2018 21:10,21.98,100.76,3.58,0,0,0,0,0
1/15/2018 21:25,21.94,100.79,3.58,0,0,0,0,0
1/15/2018 21:39,21.89,100.83,3.57,0,0,0,0,0
1/15/2018 21:54,21.86,100.86,3.57,0,0,0,0,0
1/15/2018 22:09,21.8,100.88,3.57,0,0,0,0,0
1/15/2018 22:23,21.76,100.87,3.57,0,0,0,0,0
1/15/2018 22:38,21.73,100.9,3.57,0,0,0,0,0
1/15/2018 22:53,21.68,100.91,3.57,0,0,0,0,0
1/15/2018 23:07,21.64,100.92,3.57,0,0,0,0,0
1/15/2018 23:22,21.6,100.95,3.57,0,0,0,0,0
1/15/2018 23:36,21.56,100.94,3.57,0,0,0,0,0
1/15/2018 23:51,21.52,100.97,3.57,0,0,0,0,0
1/16/2018 0:06,21.48,100.98,3.56,0,0,0,0,0
1/16/2018 0:20,21.44,100.99,3.56,0,0,0,0,0
1/16/2018 0:35,21.4,100.98,3.56,0,0,0,0,0
1/16/2018 0:50,21.36,100.96,3.56,0,0,0,0,0
1/16/2018 1:04,21.32,101,3.56,0,0,0,0,0
1/16/2018 1:19,21.28,101.03,3.56,0,0,0,0,0
1/16/2018 1:34,21.23,101.01,3.55,0,0,0,0,0
1/16/2018 1:49,21.19,101.05,3.55,0,0,0,0,0
1/16/2018 2:03,21.16,101.04,3.54,0,0,0,0,0
1/16/2018 2:18,21.11,101.07,3.54,0,0,0,0,0
1/16/2018 2:32,21.08,101.1,3.53,0,0,0,0,0
1/16/2018 2:47,21.04,101.09,3.53,0,0,0,0,0
1/16/2018 3:02,21.01,101.08,3.52,0,0,0,0,0
1/16/2018 3:16,20.96,101.11,3.52,0,0,0,0,0
1/16/2018 3:31,20.93,101.09,3.51,0,0,0,0,0
1/16/2018 3:46,20.9,101.09,3.5,0,0,0,0,0
1/16/2018 4:00,20.87,101.12,3.5,0,0,0,0,0
1/16/2018 4:15,20.83,101.11,3.49,0,0,0,0,0
1/16/2018 4:30,20.8,101.14,3.48,0,0,0,0,0
1/16/2018 4:44,20.78,101.13,3.48,0,0,0,0,0
1/16/2018 4:59,20.74,101.12,3.47,0,0,0,0,0
1/16/2018 5:14,20.72,101.16,3.46,0,0,0,0,0
1/16/2018 5:28,20.68,101.15,3.45,0,0,0,0,0
1/16/2018 5:43,20.66,101.14,3.45,0,0,0,0,0
1/16/2018 5:58,20.64,101.14,3.44,0,0,0,0,0
1/16/2018 6:12,20.6,101.17,3.43,0,0,0,0,0
1/16/2018 6:27,20.58,101.16,3.42,0,0,0,0,0
1/16/2018 6:42,20.56,101.15,3.41,0,0,0,0,0
1/16/2018 6:57,20.54,101.15,3.4,0,0,0,0,0
1/16/2018 7:11,20.54,101.15,3.39,0,0,0,0,0
1/16/2018 7:26,20.54,101.17,3.38,0,0,0,0,0
1/16/2018 7:41,20.54,101.15,3.37,0,0,0,0,0
1/16/2018 7:55,20.56,101.15,3.36,0,0,0,0,0
1/16/2018 8:10,20.6,101.12,3.34,0,0,0,0,0
1/16/2018 8:25,20.62,101.13,3.34,0,0,0,0,0
1/16/2018 8:39,20.66,101.1,3.32,0,0,0,0,0
1/16/2018 8:54,20.72,101.08,3.31,0,0,0,0,0
1/16/2018 9:09,20.79,101.05,3.29,0,0,0,0,0
1/16/2018 9:24,20.87,100.99,3.28,0,0,0,0,0
1/16/2018 9:38,20.95,100.93,3.27,0,0,0,0,0
1/16/2018 9:53,21.06,100.88,3.25,0,0,0,0,0
1/16/2018 10:08,21.17,100.83,3.23,0,0,0,0,0
1/16/2018 10:22,21.3,100.79,3.22,0,0,0,0,0
1/16/2018 10:37,21.44,100.69,3.2,0,0,0,0,0
1/16/2018 10:52,21.57,100.63,3.19,0,0,0,0,0
1/16/2018 11:06,21.72,100.54,3.16,0,0,0,0,0
1/16/2018 11:21,21.86,100.43,3.14,0,0,0,0,0
1/16/2018 11:36,22,100.37,3.11,0,0,0,0,0
1/16/2018 11:51,22.13,100.28,3.09,0,0,0,0,0
1/16/2018 12:05,22.26,100.18,3.04,0,0,0,0,0
1/16/2018 12:20,22.37,100.1,3.01,0,0,0,0,0
1/16/2018 12:35,22.5,100.01,2.98,0,0,0,0,0
1/16/2018 12:50,22.59,99.96,2.93,0,0,0,0,0
1/19/2018 6:10,21.58,99.63,3.61,0,0,0,0,0
1/19/2018 6:24,21.54,100.28,3.6,0,0,0,0,0
1/19/2018 6:39,21.52,100.99,3.6,0,0,0,0,0
1/19/2018 6:54,21.5,101,3.6,0,0,0,0,0
1/19/2018 7:08,21.46,101.04,3.6,0,0,0,0,0
1/19/2018 7:23,21.46,101.08,3.6,0,0,0,0,0
1/19/2018 7:38,21.46,101.17,3.6,0,0,0,0,0
1/19/2018 8:07,21.46,101.45,3.6,0,0,0,0,0
1/19/2018 8:22,21.48,101.5,3.6,0,0,0,0,0
1/19/2018 8:37,21.51,101.55,3.6,0,0,0,0,0
1/19/2018 8:51,21.54,101.6,3.59,0,0,0,0,0
1/19/2018 9:06,21.58,101.62,3.59,0,0,0,0,0
1/19/2018 9:21,21.65,101.66,3.59,0,0,0,0,0
1/19/2018 9:35,21.72,101.65,3.59,0,0,0,0,0
1/19/2018 9:50,21.82,101.69,3.59,0,0,0,0,0
1/19/2018 10:05,21.91,101.67,3.59,0,0,0,0,0
1/19/2018 10:20,22.01,101.66,3.59,0,0,0,0,0
1/19/2018 10:34,22.12,101.64,3.58,0,0,0,0,0
1/19/2018 10:49,22.24,101.62,3.58,0,0,0,0,0
1/19/2018 11:04,22.37,101.59,3.58,0,0,0,0,0
1/19/2018 11:18,22.49,101.58,3.58,0,0,0,0,0
1/19/2018 11:33,22.62,101.54,3.58,0,0,0,0,0
1/19/2018 11:48,22.76,101.53,3.58,0,0,0,0,0
1/19/2018 12:02,22.89,101.49,3.57,0,0,0,0,0
1/19/2018 12:17,23.04,101.46,3.57,0,0,0,0,0
1/19/2018 12:31,23.2,101.45,3.57,0,0,0,0,0
1/19/2018 12:46,23.33,101.4,3.57,0,0,0,0,0
1/19/2018 13:01,23.46,101.4,3.57,0,0,0,0,0
1/19/2018 13:15,23.6,101.35,3.56,0,0,0,0,0
1/19/2018 13:30,23.74,101.26,3.56,0,0,0,0,0
1/19/2018 13:44,23.84,101.1,3.56,0,0,0,0,0
1/19/2018 13:59,23.92,100.93,3.55,0,0,0,0,0
1/19/2018 14:14,24,100.87,3.54,0,0,0,0,0
1/19/2018 14:28,24.05,100.88,3.54,0,0,0,0,0
1/19/2018 14:43,24.09,100.89,3.53,0,0,0,0,0
1/19/2018 14:58,24.11,100.89,3.52,0,0,0,0,0
1/19/2018 15:12,24.13,100.92,3.52,0,0,0,0,0
1/19/2018 15:27,24.12,100.92,3.51,0,0,0,0,0
1/19/2018 15:42,24.14,100.95,3.5,0,0,0,0,0
1/19/2018 15:56,24.12,100.97,3.49,0,0,0,0,0
1/19/2018 16:11,24.12,100.98,3.49,0,0,0,0,0
1/19/2018 16:26,24.11,101.03,3.48,0,0,0,0,0
1/19/2018 16:55,24.09,101.02,3.46,0,0,0,0,0
1/19/2018 17:10,24.07,101.03,3.45,0,0,0,0,0
1/19/2018 17:24,24.05,101.1,3.45,0,0,0,0,0
1/19/2018 17:39,24.03,101.09,3.43,0,0,0,0,0
1/19/2018 17:54,24.02,101.13,3.42,0,0,0,0,0
1/19/2018 18:08,23.98,101.16,3.41,0,0,0,0,0
1/19/2018 18:23,23.96,101.15,3.4,0,0,0,0,0
1/19/2018 18:38,23.92,101.18,3.39,0,0,0,0,0
1/19/2018 18:52,23.88,101.21,3.38,0,0,0,0,0
1/19/2018 19:07,23.85,101.23,3.37,0,0,0,0,0
1/19/2018 19:22,23.81,101.23,3.36,0,0,0,0,0
1/19/2018 19:36,23.75,101.27,3.34,0,0,0,0,0
1/19/2018 19:51,23.72,101.3,3.34,0,0,0,0,0
1/19/2018 20:05,23.68,101.29,3.32,0,0,0,0,0
1/19/2018 20:20,23.65,101.32,3.31,0,0,0,0,0
1/19/2018 20:35,23.6,101.31,3.29,0,0,0,0,0
1/19/2018 20:49,23.58,101.34,3.27,0,0,0,0,0
1/19/2018 21:04,23.52,101.33,3.26,0,0,0,0,0
1/19/2018 21:19,23.48,101.36,3.24,0,0,0,0,0
1/19/2018 21:33,23.44,101.35,3.23,0,0,0,0,0
1/19/2018 21:48,23.4,101.38,3.2,0,0,0,0,0
1/19/2018 22:03,23.35,101.36,3.18,0,0,0,0,0
1/19/2018 22:17,23.32,101.4,3.15,0,0,0,0,0
1/19/2018 22:32,23.26,101.38,3.12,0,0,0,0,0
1/19/2018 22:47,23.2,101.36,3.09,0,0,0,0,0
1/19/2018 23:01,23.14,101.39,3.04,0,0,0,0,0
1/19/2018 23:16,23.09,101.37,3,0,0,0,0,0
1/19/2018 23:31,23.03,101.36,2.96,0,0,0,0,0
1/19/2018 23:46,22.96,101.36,2.9,0,0,0,0,0
1/20/2018 0:00,22.89,101.32,2.85,0,0,0,0,0
1/20/2018 0:15,22.82,101.3,2.8,0,0,0,0,0
1/20/2018 0:30,22.74,101.27,2.75,0,0,0,0,0
1/20/2018 0:45,22.68,101.26,2.7,0,0,0,0,0
1/20/2018 1:00,22.6,101.23,2.66,0,0,0,0,0
1/20/2018 1:14,22.53,101.21,2.62,0,0,0,0,0
1/20/2018 1:29,22.44,101.19,2.57,0,0,0,0,0
1/20/2018 1:44,22.36,101.16,2.54,0,0,0,0,0
1/20/2018 1:59,22.28,101.14,2.49,0,0,0,0,0
1/20/2018 2:14,22.18,101.13,2.44,0,0,0,0,0
1/20/2018 2:29,22.05,101.09,2.4,0,0,0,0,0
1/20/2018 2:43,21.91,101.07,2.36,0,0,0,0,0
1/20/2018 2:57,21.76,101.03,2.33,0,0,0,0,0
1/22/2018 6:13,21.66,96.74,3.85,0,0,0,0,0
1/22/2018 6:28,21.63,97.17,3.84,0,0,0,0,0
1/22/2018 6:43,21.6,98.88,3.84,0,0,0,0,0
1/22/2018 6:57,21.58,101.11,3.84,0,0,0,0,0
1/22/2018 7:12,21.56,101.15,3.84,0,0,0,0,0
1/22/2018 7:27,21.56,101.24,3.84,0,0,0,0,0
1/22/2018 7:41,21.59,101.33,3.84,0,0,0,0,0
1/22/2018 7:56,21.61,101.41,3.84,0,0,0,0,0
1/22/2018 8:11,21.66,101.51,3.84,0,0,0,0,0
1/22/2018 8:25,21.7,101.61,3.84,0,0,0,0,0
1/22/2018 8:40,21.78,101.71,3.84,0,0,0,0,0
1/22/2018 8:55,21.86,101.78,3.84,0,0,0,0,0
1/22/2018 9:10,21.96,101.84,3.84,0,0,0,0,0
1/22/2018 9:24,22.04,101.87,3.84,0,0,0,0,0
1/22/2018 9:39,22.13,101.9,3.84,0,0,0,0,0
1/22/2018 9:55,22.23,101.87,3.92,0,0,0,0,0
1/22/2018 10:09,22.32,101.88,3.9,0,0,0,0,0
1/22/2018 10:24,22.42,101.86,3.89,0,0,0,0,0
1/22/2018 10:39,22.52,101.85,3.89,0,0,0,0,0
1/22/2018 10:53,22.64,101.83,3.88,0,0,0,0,0
1/22/2018 11:08,22.75,101.82,3.87,0,0,0,0,0
1/22/2018 11:23,22.85,101.81,3.86,0,0,0,0,0
1/22/2018 11:38,22.95,101.8,3.86,0,0,0,0,0
1/22/2018 11:52,23.07,101.79,3.86,0,0,0,0,0
1/22/2018 12:07,23.18,101.78,3.86,0,0,0,0,0
1/22/2018 12:22,23.31,101.73,3.85,0,0,0,0,0
1/22/2018 12:36,23.46,101.73,3.85,0,0,0,0,0
1/22/2018 12:51,23.6,101.69,3.84,0,0,0,0,0
1/22/2018 13:06,23.76,101.65,3.84,0,0,0,0,0
1/22/2018 13:20,23.9,101.65,3.84,0,0,0,0,0
1/22/2018 13:35,24.06,101.63,3.84,0,0,0,0,0
1/22/2018 13:49,24.19,101.58,3.84,0,0,0,0,0
1/22/2018 14:04,24.31,101.55,3.83,0,0,0,0,0
1/22/2018 14:19,24.42,101.5,3.83,0,0,0,0,0
1/22/2018 14:33,24.54,101.45,3.83,0,0,0,0,0
1/22/2018 14:48,24.62,101.26,3.83,0,0,0,0,0
1/22/2018 15:02,24.7,101.1,3.83,0,0,0,0,0
1/22/2018 15:17,24.74,101.07,3.82,0,0,0,0,0
1/22/2018 15:32,24.76,101.08,3.82,0,0,0,0,0
1/22/2018 15:46,24.77,101.13,3.82,0,0,0,0,0
1/22/2018 16:01,24.77,101.16,3.82,0,0,0,0,0
1/22/2018 16:16,24.73,101.16,3.82,0,0,0,0,0
1/22/2018 16:30,24.71,101.24,3.82,0,0,0,0,0
1/22/2018 16:45,24.67,101.25,3.81,0,0,0,0,0
1/22/2018 17:00,24.62,101.25,3.81,0,0,0,0,0
1/22/2018 17:14,24.59,101.33,3.81,0,0,0,0,0
1/22/2018 17:29,24.53,101.36,3.82,0,0,0,0,0
1/22/2018 17:44,24.48,101.38,3.81,0,0,0,0,0
1/22/2018 17:58,24.42,101.39,3.81,0,0,0,0,0
1/22/2018 18:13,24.37,101.4,3.81,0,0,0,0,0
1/22/2018 18:28,24.31,101.43,3.81,0,0,0,0,0
1/22/2018 18:42,24.26,101.45,3.81,0,0,0,0,0
1/22/2018 18:57,24.2,101.48,3.81,0,0,0,0,0
1/22/2018 19:12,24.14,101.48,3.81,0,0,0,0,0
1/22/2018 19:26,24.1,101.49,3.81,0,0,0,0,0
1/22/2018 19:41,24.04,101.52,3.81,0,0,0,0,0
1/22/2018 19:56,24,101.55,3.81,0,0,0,0,0
1/22/2018 20:10,23.94,101.55,3.81,0,0,0,0,0
1/22/2018 20:25,23.89,101.56,3.81,0,0,0,0,0
1/22/2018 20:40,23.84,101.57,3.81,0,0,0,0,0
1/22/2018 20:54,23.79,101.57,3.81,0,0,0,0,0
1/22/2018 21:09,23.73,101.6,3.81,0,0,0,0,0
1/22/2018 21:24,23.7,101.63,3.8,0,0,0,0,0
1/22/2018 21:38,23.64,101.62,3.8,0,0,0,0,0
1/22/2018 21:53,23.6,101.65,3.8,0,0,0,0,0
1/22/2018 22:08,23.55,101.63,3.8,0,0,0,0,0
1/22/2018 22:22,23.5,101.66,3.8,0,0,0,0,0
1/22/2018 22:37,23.44,101.67,3.8,0,0,0,0,0
1/22/2018 22:52,23.4,101.67,3.8,0,0,0,0,0
1/22/2018 23:06,23.36,101.71,3.8,0,0,0,0,0
1/22/2018 23:21,23.3,101.69,3.8,0,0,0,0,0
1/22/2018 23:36,23.26,101.68,3.8,0,0,0,0,0
1/22/2018 23:50,23.2,101.7,3.8,0,0,0,0,0
1/23/2018 0:05,23.15,101.73,3.8,0,0,0,0,0
1/23/2018 0:20,23.1,101.72,3.8,0,0,0,0,0
1/23/2018 0:34,23.06,101.74,3.8,0,0,0,0,0
1/23/2018 0:49,23,101.77,3.8,0,0,0,0,0
1/23/2018 1:03,22.95,101.76,3.8,0,0,0,0,0
1/23/2018 1:18,22.9,101.78,3.8,0,0,0,0,0
1/23/2018 1:33,22.86,101.77,3.8,0,0,0,0,0
1/23/2018 1:47,22.81,101.8,3.8,0,0,0,0,0
1/23/2018 2:02,22.76,101.79,3.8,0,0,0,0,0
1/23/2018 2:17,22.7,101.81,3.79,0,0,0,0,0
1/23/2018 2:31,22.66,101.8,3.8,0,0,0,0,0
1/23/2018 2:46,22.6,101.83,3.8,0,0,0,0,0
1/23/2018 3:01,22.55,101.81,3.79,0,0,0,0,0
1/23/2018 3:15,22.5,101.84,3.79,0,0,0,0,0
1/23/2018 3:30,22.46,101.84,3.79,0,0,0,0,0
1/23/2018 3:45,22.4,101.85,3.79,0,0,0,0,0
1/23/2018 3:59,22.36,101.88,3.79,0,0,0,0,0
1/23/2018 4:14,22.3,101.87,3.79,0,0,0,0,0
1/23/2018 4:29,22.25,101.89,3.79,0,0,0,0,0
1/23/2018 4:43,22.19,101.88,3.79,0,0,0,0,0
1/23/2018 4:58,22.16,101.88,3.79,0,0,0,0,0
1/23/2018 5:13,22.1,101.89,3.79,0,0,0,0,0
1/23/2018 5:27,22.06,101.88,3.79,0,0,0,0,0
1/23/2018 5:42,22.01,101.91,3.79,0,0,0,0,0
1/23/2018 5:57,21.98,101.9,3.79,0,0,0,0,0
1/23/2018 6:11,21.94,101.89,3.79,0,0,0,0,0
1/23/2018 6:26,21.91,101.92,3.79,0,0,0,0,0
1/23/2018 6:41,21.89,101.91,3.79,0,0,0,0,0
1/23/2018 6:55,21.87,101.91,3.79,0,0,0,0,0
1/23/2018 7:10,21.88,101.91,3.79,0,0,0,0,0
1/23/2018 7:25,21.88,101.91,3.79,0,0,0,0,0
1/23/2018 7:40,21.88,101.91,3.79,0,0,0,0,0
1/23/2018 7:54,21.9,101.89,3.79,0,0,0,0,0
1/23/2018 8:09,21.92,101.88,3.79,0,0,0,0,0
1/23/2018 8:24,21.96,101.89,3.79,0,0,0,0,0
1/23/2018 8:38,22,101.86,3.79,0,0,0,0,0
1/23/2018 8:53,22.08,101.84,3.79,0,0,0,0,0
1/23/2018 9:08,22.15,101.82,3.79,0,0,0,0,0
1/23/2018 9:37,22.38,101.72,3.79,0,0,0,0,0
1/23/2018 9:52,22.5,101.69,3.78,0,0,0,0,0
1/23/2018 10:07,22.64,101.62,3.78,0,0,0,0,0
1/23/2018 10:21,22.77,101.58,3.78,0,0,0,0,0
1/23/2018 10:36,22.91,101.54,3.78,0,0,0,0,0
1/23/2018 10:50,23.04,101.45,3.78,0,0,0,0,0
1/23/2018 11:05,23.19,101.4,3.78,0,0,0,0,0
1/23/2018 11:20,23.31,101.35,3.78,0,0,0,0,0
1/23/2018 11:35,23.42,101.34,3.78,0,0,0,0,0
1/23/2018 12:04,23.64,101.23,3.78,0,0,0,0,0
1/23/2018 12:19,23.77,101.2,3.78,0,0,0,0,0
1/23/2018 12:34,23.89,101.13,3.78,0,0,0,0,0
1/23/2018 12:48,24.03,101.09,3.78,0,0,0,0,0
1/23/2018 13:03,24.19,101.04,3.78,0,0,0,0,0
1/23/2018 13:17,24.32,100.96,3.78,0,0,0,0,0
1/23/2018 13:32,24.48,100.91,3.77,0,0,0,0,0
1/23/2018 13:46,24.61,100.91,3.77,0,0,0,0,0
1/23/2018 14:45,24.95,100.87,3.77,0,0,0,0,0
1/23/2018 15:00,24.98,100.93,3.77,0,0,0,0,0
1/23/2018 15:14,25,100.97,3.77,0,0,0,0,0
1/23/2018 15:29,25,101.02,3.77,0,0,0,0,0
1/23/2018 15:44,24.98,101.05,3.76,0,0,0,0,0
1/23/2018 15:58,24.96,101.11,3.76,0,0,0,0,0
1/23/2018 16:13,24.93,101.15,3.76,0,0,0,0,0
1/23/2018 16:28,24.89,101.2,3.76,0,0,0,0,0
1/23/2018 16:42,24.84,101.23,3.76,0,0,0,0,0
1/23/2018 16:57,24.8,101.26,3.76,0,0,0,0,0
1/23/2018 17:12,24.74,101.29,3.76,0,0,0,0,0
1/23/2018 17:26,24.67,101.35,3.76,0,0,0,0,0
1/23/2018 17:41,24.62,101.38,3.76,0,0,0,0,0
1/23/2018 17:56,24.56,101.4,3.75,0,0,0,0,0
1/23/2018 18:10,24.5,101.43,3.75,0,0,0,0,0
1/23/2018 18:25,24.43,101.46,3.75,0,0,0,0,0
1/23/2018 18:40,24.35,101.48,3.75,0,0,0,0,0
1/23/2018 18:54,24.3,101.5,3.75,0,0,0,0,0
1/23/2018 19:09,24.24,101.53,3.75,0,0,0,0,0
1/23/2018 19:24,24.15,101.53,3.75,0,0,0,0,0
1/23/2018 19:38,24.1,101.56,3.74,0,0,0,0,0
1/23/2018 19:53,24.04,101.55,3.74,0,0,0,0,0
1/23/2018 20:07,23.97,101.58,3.74,0,0,0,0,0
1/23/2018 20:22,23.9,101.61,3.74,0,0,0,0,0
1/23/2018 20:37,23.86,101.63,3.74,0,0,0,0,0
1/23/2018 20:51,23.79,101.66,3.74,0,0,0,0,0
1/23/2018 21:06,23.73,101.66,3.74,0,0,0,0,0
1/23/2018 21:21,23.67,101.67,3.73,0,0,0,0,0
1/23/2018 21:35,23.62,101.7,3.73,0,0,0,0,0
1/23/2018 21:50,23.56,101.68,3.73,0,0,0,0,0
1/23/2018 22:05,23.5,101.73,3.73,0,0,0,0,0
1/23/2018 22:19,23.45,101.73,3.73,0,0,0,0,0
1/23/2018 22:34,23.39,101.72,3.73,0,0,0,0,0
1/23/2018 22:49,23.34,101.74,3.72,0,0,0,0,0
1/23/2018 23:03,23.28,101.77,3.72,0,0,0,0,0
1/23/2018 23:18,23.22,101.77,3.72,0,0,0,0,0
1/23/2018 23:33,23.17,101.78,3.72,0,0,0,0,0
1/23/2018 23:47,23.11,101.8,3.72,0,0,0,0,0
1/24/2018 0:02,23.06,101.79,3.72,0,0,0,0,0
1/24/2018 0:17,23,101.81,3.72,0,0,0,0,0
1/24/2018 0:31,22.94,101.8,3.71,0,0,0,0,0
1/24/2018 0:46,22.9,101.83,3.71,0,0,0,0,0
1/24/2018 1:01,22.85,101.83,3.71,0,0,0,0,0
1/24/2018 1:15,22.8,101.84,3.71,0,0,0,0,0
1/24/2018 1:30,22.74,101.83,3.71,0,0,0,0,0
1/24/2018 1:45,22.7,101.85,3.71,0,0,0,0,0
1/24/2018 1:59,22.64,101.83,3.71,0,0,0,0,0
1/24/2018 2:14,22.61,101.83,3.7,0,0,0,0,0
1/24/2018 2:29,22.56,101.85,3.7,0,0,0,0,0
1/24/2018 2:43,22.51,101.88,3.7,0,0,0,0,0
1/24/2018 2:58,22.46,101.87,3.7,0,0,0,0,0
1/24/2018 3:13,22.43,101.88,3.7,0,0,0,0,0
1/24/2018 3:27,22.37,101.88,3.69,0,0,0,0,0
1/24/2018 3:42,22.33,101.89,3.69,0,0,0,0,0
1/24/2018 3:56,22.29,101.9,3.69,0,0,0,0,0
1/24/2018 4:11,22.25,101.89,3.69,0,0,0,0,0
1/24/2018 4:26,22.2,101.92,3.69,0,0,0,0,0
1/24/2018 4:40,22.15,101.9,3.69,0,0,0,0,0
1/24/2018 4:55,22.09,101.93,3.69,0,0,0,0,0
1/24/2018 5:10,22.06,101.92,3.69,0,0,0,0,0
1/24/2018 5:25,22.02,101.95,3.68,0,0,0,0,0
1/24/2018 5:39,21.98,101.93,3.68,0,0,0,0,0
1/24/2018 5:54,21.92,101.95,3.68,0,0,0,0,0
1/24/2018 6:09,21.89,101.96,3.68,0,0,0,0,0
1/24/2018 6:23,21.86,101.94,3.68,0,0,0,0,0
1/24/2018 6:38,21.82,101.93,3.68,0,0,0,0,0
1/24/2018 6:53,21.78,101.95,3.67,0,0,0,0,0
1/24/2018 7:07,21.78,101.92,3.67,0,0,0,0,0
1/24/2018 7:22,21.76,101.94,3.67,0,0,0,0,0
1/24/2018 7:37,21.77,101.94,3.67,0,0,0,0,0
1/24/2018 7:51,21.76,101.92,3.66,0,0,0,0,0
1/24/2018 8:06,21.78,101.92,3.66,0,0,0,0,0
1/24/2018 8:21,21.8,101.93,3.66,0,0,0,0,0
1/24/2018 8:36,21.83,101.9,3.66,0,0,0,0,0
1/24/2018 8:50,21.86,101.91,3.66,0,0,0,0,0
1/24/2018 9:05,21.9,101.88,3.66,0,0,0,0,0
1/24/2018 9:20,21.97,101.89,3.66,0,0,0,0,0
1/24/2018 9:34,22.04,101.87,3.66,0,0,0,0,0
1/24/2018 9:49,22.12,101.82,3.65,0,0,0,0,0
1/24/2018 10:04,22.24,101.8,3.65,0,0,0,0,0
1/24/2018 10:18,22.33,101.75,3.65,0,0,0,0,0
1/24/2018 10:33,22.45,101.7,3.65,0,0,0,0,0
1/24/2018 10:48,22.58,101.65,3.65,0,0,0,0,0
1/24/2018 11:02,22.72,101.61,3.65,0,0,0,0,0
1/24/2018 11:17,22.84,101.55,3.65,0,0,0,0,0
1/24/2018 11:32,22.96,101.51,3.64,0,0,0,0,0
1/24/2018 11:47,23.09,101.46,3.64,0,0,0,0,0
1/24/2018 12:01,23.21,101.41,3.64,0,0,0,0,0
1/24/2018 12:16,23.35,101.35,3.63,0,0,0,0,0
1/24/2018 12:31,23.51,101.28,3.63,0,0,0,0,0
1/24/2018 12:45,23.67,101.21,3.63,0,0,0,0,0
1/24/2018 13:00,23.86,101.12,3.63,0,0,0,0,0
1/24/2018 13:15,24.04,101.05,3.63,0,0,0,0,0
1/24/2018 13:29,24.22,100.97,3.63,0,0,0,0,0
1/24/2018 13:59,24.52,100.86,3.62,0,0,0,0,0
1/24/2018 14:13,24.65,100.83,3.62,0,0,0,0,0
1/24/2018 14:28,24.76,100.86,3.62,0,0,0,0,0
1/24/2018 14:42,24.84,100.86,3.62,0,0,0,0,0
1/24/2018 14:57,24.92,100.86,3.62,0,0,0,0,0
1/24/2018 15:12,24.97,100.92,3.61,0,0,0,0,0
1/24/2018 15:26,25,100.93,3.61,0,0,0,0,0
1/24/2018 15:41,25.02,100.94,3.61,0,0,0,0,0
1/24/2018 15:56,25.05,100.99,3.61,0,0,0,0,0
1/24/2018 16:10,25.06,101.03,3.61,0,0,0,0,0
1/24/2018 16:25,25.05,101.07,3.61,0,0,0,0,0
1/24/2018 16:40,25.02,101.11,3.6,0,0,0,0,0
1/24/2018 16:54,25.01,101.13,3.6,0,0,0,0,0
1/24/2018 17:09,24.98,101.18,3.6,0,0,0,0,0
1/24/2018 17:24,24.94,101.22,3.6,0,0,0,0,0
1/24/2018 17:38,24.92,101.2,3.6,0,0,0,0,0
1/24/2018 17:53,24.85,101.26,3.6,0,0,0,0,0
1/24/2018 18:08,24.81,101.31,3.6,0,0,0,0,0
1/24/2018 18:22,24.76,101.33,3.6,0,0,0,0,0
1/24/2018 18:37,24.7,101.36,3.6,0,0,0,0,0
1/24/2018 18:52,24.66,101.39,3.6,0,0,0,0,0
1/24/2018 19:06,24.6,101.42,3.6,0,0,0,0,0
1/24/2018 19:21,24.54,101.44,3.6,0,0,0,0,0
1/24/2018 19:35,24.48,101.47,3.59,0,0,0,0,0
1/24/2018 19:50,24.41,101.5,3.59,0,0,0,0,0
1/24/2018 20:05,24.37,101.5,3.59,0,0,0,0,0
1/24/2018 20:19,24.3,101.55,3.59,0,0,0,0,0
1/24/2018 20:34,24.24,101.57,3.59,0,0,0,0,0
1/24/2018 20:49,24.18,101.58,3.59,0,0,0,0,0
1/24/2018 21:03,24.12,101.58,3.59,0,0,0,0,0
1/24/2018 21:18,24.07,101.61,3.59,0,0,0,0,0
1/24/2018 21:33,24.02,101.59,3.58,0,0,0,0,0
1/24/2018 21:47,23.96,101.62,3.58,0,0,0,0,0
1/24/2018 22:02,23.9,101.64,3.58,0,0,0,0,0
1/24/2018 22:17,23.84,101.67,3.58,0,0,0,0,0
1/24/2018 22:31,23.79,101.68,3.58,0,0,0,0,0
1/24/2018 22:46,23.73,101.66,3.58,0,0,0,0,0
1/24/2018 23:01,23.68,101.71,3.57,0,0,0,0,0
1/24/2018 23:15,23.61,101.73,3.57,0,0,0,0,0
1/24/2018 23:30,23.56,101.72,3.57,0,0,0,0,0
1/24/2018 23:45,23.51,101.75,3.57,0,0,0,0,0
1/24/2018 23:59,23.44,101.77,3.57,0,0,0,0,0
1/25/2018 0:14,23.39,101.77,3.56,0,0,0,0,0
1/25/2018 0:29,23.32,101.78,3.56,0,0,0,0,0
1/25/2018 0:43,23.25,101.8,3.56,0,0,0,0,0
1/25/2018 0:58,23.18,101.83,3.56,0,0,0,0,0
1/25/2018 1:13,23.12,101.83,3.55,0,0,0,0,0
1/25/2018 1:27,23.07,101.83,3.54,0,0,0,0,0
1/25/2018 1:42,23.01,101.86,3.54,0,0,0,0,0
1/25/2018 1:57,22.96,101.84,3.53,0,0,0,0,0
1/25/2018 2:11,22.9,101.87,3.52,0,0,0,0,0
1/25/2018 2:26,22.84,101.85,3.52,0,0,0,0,0
1/25/2018 2:41,22.78,101.88,3.51,0,0,0,0,0
1/25/2018 2:55,22.74,101.87,3.5,0,0,0,0,0
1/25/2018 3:10,22.69,101.89,3.5,0,0,0,0,0
1/25/2018 3:24,22.64,101.92,3.49,0,0,0,0,0
1/25/2018 3:39,22.58,101.9,3.48,0,0,0,0,0
1/25/2018 3:54,22.54,101.93,3.47,0,0,0,0,0
1/25/2018 4:08,22.48,101.92,3.46,0,0,0,0,0
1/25/2018 4:23,22.44,101.9,3.45,0,0,0,0,0
1/25/2018 4:38,22.39,101.93,3.45,0,0,0,0,0
1/25/2018 4:52,22.33,101.94,3.44,0,0,0,0,0
1/25/2018 5:07,22.28,101.95,3.43,0,0,0,0,0
1/25/2018 5:22,22.25,101.93,3.42,0,0,0,0,0
1/25/2018 5:37,22.22,101.94,3.41,0,0,0,0,0
1/25/2018 5:51,22.16,101.95,3.4,0,0,0,0,0
1/25/2018 6:06,22.12,101.94,3.39,0,0,0,0,0
1/25/2018 6:21,22.09,101.95,3.37,0,0,0,0,0
1/25/2018 6:35,22.06,101.96,3.36,0,0,0,0,0
1/25/2018 6:50,22.05,101.96,3.35,0,0,0,0,0
1/25/2018 7:05,22.04,101.92,3.34,0,0,0,0,0
1/25/2018 7:20,22.03,101.92,3.33,0,0,0,0,0
1/25/2018 7:34,22.05,101.92,3.31,0,0,0,0,0
1/25/2018 7:49,22.07,101.92,3.29,0,0,0,0,0
1/25/2018 8:04,22.08,101.89,3.27,0,0,0,0,0
1/25/2018 8:18,22.12,101.9,3.26,0,0,0,0,0
1/25/2018 8:33,22.2,101.87,3.24,0,0,0,0,0
1/25/2018 8:48,22.25,101.85,3.22,0,0,0,0,0
1/25/2018 9:03,22.32,101.83,3.2,0,0,0,0,0
1/25/2018 9:17,22.42,101.79,3.18,0,0,0,0,0
1/25/2018 9:32,22.52,101.76,3.15,0,0,0,0,0
1/25/2018 9:47,22.62,101.7,3.12,0,0,0,0,0
1/25/2018 10:01,22.74,101.63,3.09,0,0,0,0,0
1/25/2018 10:16,22.85,101.56,3.03,0,0,0,0,0
1/25/2018 10:31,22.96,101.5,2.99,0,0,0,0,0
1/25/2018 10:45,23.06,101.41,2.95,0,0,0,0,0
1/25/2018 11:00,23.17,101.36,2.89,0,0,0,0,0
1/25/2018 11:15,23.28,101.26,2.83,0,0,0,0,0
1/25/2018 11:30,23.37,101.15,2.76,0,0,0,0,0
1/25/2018 11:44,23.46,101.1,2.7,0,0,0,0,0
1/25/2018 11:59,23.54,100.98,2.65,0,0,0,0,0
1/25/2018 12:14,23.59,100.94,2.59,0,0,0,0,0
1/25/2018 12:29,23.65,100.89,2.55,0,0,0,0,0
1/25/2018 12:44,23.67,100.86,2.5,0,0,0,0,0
1/25/2018 12:59,23.71,100.86,2.47,0,0,0,0,0
1/25/2018 13:14,23.71,100.86,2.44,0,0,0,0,0
1/25/2018 13:29,23.67,100.85,2.4,0,0,0,0,0
1/25/2018 13:43,23.55,100.78,2.34,0,0,0,0,0
1/25/2018 13:58,23.48,100.74,2.29,0,0,0,0,0
1/29/2018 7:33,21.81,51.51,3.82,0,0,0,0,0
1/29/2018 7:47,20.68,52.91,3.83,0,0,0,0,0
1/29/2018 8:02,20.72,57.36,3.82,0,0,0,0,0
1/29/2018 8:17,20.75,71.98,3.82,0,0,0,0,0
1/29/2018 8:32,20.81,96.73,3.82,0,0,0,0,0
1/29/2018 8:46,20.86,101.86,3.82,0,0,0,0,0
1/29/2018 9:01,20.94,101.91,3.82,0,0,0,0,0
1/29/2018 9:16,21.04,101.97,3.81,0,0,0,0,0
1/29/2018 9:30,21.12,102.04,3.81,0,0,0,0,0
1/29/2018 9:45,21.21,102.09,3.81,0,0,0,0,0
1/29/2018 10:00,21.33,102.13,3.81,0,0,0,0,0
1/29/2018 10:14,21.43,102.15,3.81,0,0,0,0,0
1/29/2018 10:29,21.56,102.15,3.81,0,0,0,0,0
1/29/2018 10:44,21.67,102.18,3.81,0,0,0,0,0
1/29/2018 10:59,21.79,102.16,3.81,0,0,0,0,0
1/29/2018 11:13,21.92,102.17,3.81,0,0,0,0,0
1/29/2018 11:28,22.05,102.14,3.81,0,0,0,0,0
1/29/2018 11:42,22.19,102.13,3.81,0,0,0,0,0
1/29/2018 11:57,22.36,102.13,3.81,0,0,0,0,0
1/29/2018 12:12,22.49,102.13,3.81,0,0,0,0,0
1/29/2018 12:26,22.63,102.13,3.8,0,0,0,0,0
1/29/2018 12:41,22.76,102.1,3.8,0,0,0,0,0
1/29/2018 12:56,22.88,102.11,3.8,0,0,0,0,0
1/29/2018 13:10,22.98,102.1,3.8,0,0,0,0,0
1/29/2018 13:25,23.06,102.1,3.8,0,0,0,0,0
1/29/2018 13:40,23.13,102.1,3.8,0,0,0,0,0
1/29/2018 13:54,23.18,102.12,3.8,0,0,0,0,0
1/29/2018 14:09,23.22,102.11,3.8,0,0,0,0,0
1/29/2018 14:24,23.26,102.1,3.8,0,0,0,0,0
1/29/2018 14:38,23.32,102.11,3.8,0,0,0,0,0
1/29/2018 14:53,23.34,102.12,3.8,0,0,0,0,0
1/29/2018 15:08,23.39,102.11,3.8,0,0,0,0,0
1/29/2018 15:22,23.41,102.1,3.8,0,0,0,0,0
1/29/2018 15:52,23.48,102.07,3.8,0,0,0,0,0
1/29/2018 16:06,23.5,102.08,3.8,0,0,0,0,0
1/29/2018 16:21,23.53,102.09,3.8,0,0,0,0,0
1/29/2018 16:36,23.53,102.09,3.8,0,0,0,0,0
1/29/2018 16:50,23.52,102.09,3.8,0,0,0,0,0
1/29/2018 17:05,23.54,102.09,3.8,0,0,0,0,0
1/29/2018 17:19,23.52,102.09,3.8,0,0,0,0,0
1/29/2018 17:34,23.51,102.08,3.8,0,0,0,0,0
1/29/2018 17:49,23.49,102.12,3.79,0,0,0,0,0
1/29/2018 18:03,23.46,102.11,3.79,0,0,0,0,0
1/29/2018 18:18,23.43,102.1,3.79,0,0,0,0,0
1/29/2018 18:33,23.39,102.14,3.79,0,0,0,0,0
1/29/2018 18:47,23.35,102.12,3.79,0,0,0,0,0
1/29/2018 19:02,23.3,102.13,3.79,0,0,0,0,0
1/29/2018 19:17,23.27,102.14,3.79,0,0,0,0,0
1/29/2018 19:31,23.22,102.13,3.79,0,0,0,0,0
1/29/2018 19:46,23.16,102.15,3.79,0,0,0,0,0
1/29/2018 20:01,23.12,102.14,3.79,0,0,0,0,0
1/29/2018 20:15,23.08,102.13,3.79,0,0,0,0,0
1/29/2018 20:30,23.02,102.16,3.79,0,0,0,0,0
1/29/2018 20:45,22.97,102.14,3.79,0,0,0,0,0
1/29/2018 20:59,22.9,102.17,3.79,0,0,0,0,0
1/29/2018 21:14,22.87,102.16,3.79,0,0,0,0,0
1/29/2018 21:29,22.82,102.16,3.79,0,0,0,0,0
1/29/2018 21:43,22.78,102.17,3.79,0,0,0,0,0
1/29/2018 21:58,22.73,102.15,3.79,0,0,0,0,0
1/29/2018 22:13,22.69,102.16,3.79,0,0,0,0,0
1/29/2018 22:27,22.64,102.17,3.79,0,0,0,0,0
1/29/2018 22:42,22.6,102.16,3.79,0,0,0,0,0
1/29/2018 22:57,22.53,102.18,3.79,0,0,0,0,0
1/29/2018 23:11,22.49,102.17,3.79,0,0,0,0,0
1/29/2018 23:26,22.44,102.16,3.79,0,0,0,0,0
1/29/2018 23:41,22.4,102.18,3.79,0,0,0,0,0
1/29/2018 23:55,22.36,102.17,3.79,0,0,0,0,0
1/30/2018 0:10,22.3,102.2,3.79,0,0,0,0,0
1/30/2018 0:24,22.25,102.18,3.79,0,0,0,0,0
1/30/2018 0:39,22.21,102.17,3.79,0,0,0,0,0
1/30/2018 0:54,22.17,102.2,3.78,0,0,0,0,0
1/30/2018 1:08,22.12,102.19,3.79,0,0,0,0,0
1/30/2018 1:23,22.07,102.17,3.79,0,0,0,0,0
1/30/2018 1:38,22.02,102.2,3.78,0,0,0,0,0
1/30/2018 1:52,21.98,102.19,3.79,0,0,0,0,0
1/30/2018 2:07,21.93,102.18,3.78,0,0,0,0,0
1/30/2018 2:22,21.88,102.2,3.78,0,0,0,0,0
1/30/2018 2:36,21.85,102.19,3.78,0,0,0,0,0
1/30/2018 2:51,21.8,102.18,3.78,0,0,0,0,0
1/30/2018 3:06,21.76,102.21,3.78,0,0,0,0,0
1/30/2018 3:20,21.72,102.19,3.78,0,0,0,0,0
1/30/2018 3:35,21.68,102.18,3.78,0,0,0,0,0
1/30/2018 3:50,21.63,102.21,3.78,0,0,0,0,0
1/30/2018 4:04,21.59,102.2,3.78,0,0,0,0,0
1/30/2018 4:19,21.54,102.18,3.78,0,0,0,0,0
1/30/2018 4:34,21.5,102.21,3.78,0,0,0,0,0
1/30/2018 4:48,21.44,102.2,3.78,0,0,0,0,0
1/30/2018 5:03,21.39,102.18,3.78,0,0,0,0,0
1/30/2018 5:18,21.36,102.21,3.78,0,0,0,0,0
1/30/2018 5:32,21.32,102.21,3.78,0,0,0,0,0
1/30/2018 5:47,21.27,102.19,3.78,0,0,0,0,0
1/30/2018 6:02,21.24,102.18,3.78,0,0,0,0,0
1/30/2018 6:16,21.19,102.19,3.78,0,0,0,0,0
1/30/2018 6:31,21.18,102.2,3.78,0,0,0,0,0
1/30/2018 6:46,21.14,102.19,3.78,0,0,0,0,0
1/30/2018 7:00,21.14,102.19,3.78,0,0,0,0,0
1/30/2018 7:15,21.12,102.19,3.78,0,0,0,0,0
1/30/2018 7:30,21.12,102.18,3.78,0,0,0,0,0
1/30/2018 7:44,21.1,102.19,3.78,0,0,0,0,0
1/30/2018 7:59,21.12,102.19,3.78,0,0,0,0,0
1/30/2018 8:14,21.15,102.2,3.78,0,0,0,0,0
1/30/2018 8:29,21.16,102.2,3.78,0,0,0,0,0
1/30/2018 8:43,21.19,102.21,3.78,0,0,0,0,0
1/30/2018 8:58,21.24,102.18,3.78,0,0,0,0,0
1/30/2018 9:13,21.3,102.2,3.78,0,0,0,0,0
1/30/2018 9:28,21.36,102.18,3.78,0,0,0,0,0
1/30/2018 9:42,21.47,102.17,3.78,0,0,0,0,0
1/30/2018 9:57,21.56,102.13,3.78,0,0,0,0,0
1/30/2018 10:12,21.7,102.11,3.78,0,0,0,0,0
1/30/2018 10:26,21.83,102.1,3.78,0,0,0,0,0
1/30/2018 10:41,21.98,102.06,3.78,0,0,0,0,0
1/30/2018 10:56,22.12,102.02,3.78,0,0,0,0,0
1/30/2018 11:10,22.26,101.98,3.78,0,0,0,0,0
1/30/2018 11:25,22.43,101.92,3.78,0,0,0,0,0
1/30/2018 11:40,22.58,101.82,3.77,0,0,0,0,0
1/30/2018 11:54,22.74,101.74,3.77,0,0,0,0,0
1/30/2018 12:09,22.88,101.67,3.77,0,0,0,0,0
1/30/2018 12:24,23.04,101.64,3.77,0,0,0,0,0
1/30/2018 12:38,23.18,101.57,3.77,0,0,0,0,0
1/30/2018 12:53,23.33,101.57,3.77,0,0,0,0,0
1/30/2018 13:08,23.46,101.52,3.77,0,0,0,0,0
1/30/2018 13:22,23.59,101.47,3.77,0,0,0,0,0
1/30/2018 13:37,23.73,101.42,3.77,0,0,0,0,0
1/30/2018 13:52,23.85,101.37,3.77,0,0,0,0,0
1/30/2018 14:06,23.96,101.37,3.77,0,0,0,0,0
1/30/2018 14:21,24.08,101.32,3.77,0,0,0,0,0
1/30/2018 14:36,24.16,101.3,3.77,0,0,0,0,0
1/30/2018 14:50,24.24,101.32,3.77,0,0,0,0,0
1/30/2018 15:05,24.32,101.3,3.77,0,0,0,0,0
1/30/2018 15:19,24.38,101.31,3.77,0,0,0,0,0
1/30/2018 15:34,24.43,101.33,3.77,0,0,0,0,0
1/30/2018 15:49,24.47,101.3,3.76,0,0,0,0,0
1/30/2018 16:03,24.49,101.3,3.76,0,0,0,0,0
1/30/2018 16:18,24.52,101.31,3.76,0,0,0,0,0
1/30/2018 16:33,24.5,101.33,3.76,0,0,0,0,0
1/30/2018 16:47,24.5,101.35,3.76,0,0,0,0,0
1/30/2018 17:02,24.49,101.39,3.76,0,0,0,0,0
1/30/2018 17:17,24.48,101.43,3.76,0,0,0,0,0
1/30/2018 17:31,24.46,101.46,3.76,0,0,0,0,0
1/30/2018 17:46,24.4,101.5,3.76,0,0,0,0,0
1/30/2018 18:01,24.38,101.5,3.75,0,0,0,0,0
1/30/2018 18:15,24.34,101.56,3.75,0,0,0,0,0
1/30/2018 18:30,24.29,101.59,3.75,0,0,0,0,0
1/30/2018 18:45,24.25,101.62,3.75,0,0,0,0,0
1/30/2018 18:59,24.2,101.6,3.75,0,0,0,0,0
1/30/2018 19:14,24.16,101.63,3.75,0,0,0,0,0
1/30/2018 19:29,24.11,101.68,3.75,0,0,0,0,0
1/30/2018 19:43,24.06,101.7,3.75,0,0,0,0,0
1/30/2018 19:58,24.02,101.72,3.75,0,0,0,0,0
1/30/2018 20:13,23.97,101.73,3.74,0,0,0,0,0
1/30/2018 20:27,23.94,101.74,3.74,0,0,0,0,0
1/30/2018 20:42,23.89,101.77,3.74,0,0,0,0,0
1/30/2018 20:57,23.85,101.8,3.74,0,0,0,0,0
1/30/2018 21:11,23.82,101.79,3.74,0,0,0,0,0
1/30/2018 21:26,23.76,101.8,3.74,0,0,0,0,0
1/30/2018 21:41,23.71,101.81,3.74,0,0,0,0,0
1/30/2018 21:55,23.67,101.84,3.74,0,0,0,0,0
1/30/2018 22:10,23.62,101.82,3.73,0,0,0,0,0
1/30/2018 22:25,23.58,101.85,3.73,0,0,0,0,0
1/30/2018 22:39,23.54,101.88,3.73,0,0,0,0,0
1/30/2018 22:54,23.49,101.87,3.73,0,0,0,0,0
1/30/2018 23:09,23.44,101.9,3.73,0,0,0,0,0
1/30/2018 23:23,23.4,101.88,3.73,0,0,0,0,0
1/30/2018 23:38,23.36,101.92,3.72,0,0,0,0,0
1/30/2018 23:53,23.32,101.92,3.72,0,0,0,0,0
1/31/2018 0:07,23.26,101.93,3.72,0,0,0,0,0
1/31/2018 0:22,23.21,101.96,3.72,0,0,0,0,0
1/31/2018 0:37,23.17,101.96,3.72,0,0,0,0,0
1/31/2018 0:51,23.11,101.97,3.72,0,0,0,0,0
1/31/2018 1:06,23.06,102,3.72,0,0,0,0,0
1/31/2018 1:21,23.03,101.98,3.72,0,0,0,0,0
1/31/2018 1:35,22.96,102.01,3.72,0,0,0,0,0
1/31/2018 1:50,22.91,102.02,3.72,0,0,0,0,0
1/31/2018 2:05,22.87,102.02,3.71,0,0,0,0,0
1/31/2018 2:19,22.82,102.01,3.71,0,0,0,0,0
1/31/2018 2:34,22.76,102.04,3.71,0,0,0,0,0
1/31/2018 2:48,22.72,102.03,3.71,0,0,0,0,0
1/31/2018 3:03,22.68,102.06,3.71,0,0,0,0,0
1/31/2018 3:18,22.63,102.04,3.71,0,0,0,0,0
1/31/2018 3:32,22.58,102.07,3.7,0,0,0,0,0
1/31/2018 3:47,22.55,102.08,3.7,0,0,0,0,0
1/31/2018 4:02,22.5,102.09,3.7,0,0,0,0,0
1/31/2018 4:16,22.46,102.12,3.7,0,0,0,0,0
1/31/2018 4:31,22.41,102.1,3.7,0,0,0,0,0
1/31/2018 4:46,22.37,102.14,3.69,0,0,0,0,0
1/31/2018 5:00,22.32,102.12,3.69,0,0,0,0,0
1/31/2018 5:15,22.26,102.14,3.69,0,0,0,0,0
1/31/2018 5:30,22.22,102.13,3.69,0,0,0,0,0
1/31/2018 5:44,22.18,102.12,3.69,0,0,0,0,0
1/31/2018 5:59,22.14,102.15,3.69,0,0,0,0,0
1/31/2018 6:14,22.1,102.14,3.69,0,0,0,0,0
1/31/2018 6:29,22.08,102.13,3.69,0,0,0,0,0
1/31/2018 6:43,22.06,102.15,3.69,0,0,0,0,0
1/31/2018 6:58,22.04,102.14,3.69,0,0,0,0,0
1/31/2018 7:13,22.04,102.14,3.68,0,0,0,0,0
1/31/2018 7:27,22.03,102.16,3.68,0,0,0,0,0
1/31/2018 7:42,22.03,102.12,3.68,0,0,0,0,0
1/31/2018 7:57,22.06,102.11,3.68,0,0,0,0,0
1/31/2018 8:12,22.09,102.1,3.68,0,0,0,0,0
1/31/2018 8:26,22.14,102.11,3.68,0,0,0,0,0
1/31/2018 8:41,22.19,102.08,3.68,0,0,0,0,0
1/31/2018 8:56,22.24,102.06,3.67,0,0,0,0,0
1/31/2018 9:10,22.33,102.04,3.67,0,0,0,0,0
1/31/2018 9:25,22.44,101.99,3.67,0,0,0,0,0
1/31/2018 9:40,22.55,101.94,3.67,0,0,0,0,0
1/31/2018 9:54,22.71,101.85,3.67,0,0,0,0,0
1/31/2018 10:09,22.85,101.77,3.67,0,0,0,0,0
1/31/2018 10:24,23.02,101.69,3.66,0,0,0,0,0
1/31/2018 10:38,23.17,101.61,3.66,0,0,0,0,0
1/31/2018 10:53,23.33,101.57,3.66,0,0,0,0,0
1/31/2018 11:08,23.49,101.53,3.66,0,0,0,0,0
1/31/2018 11:22,23.63,101.48,3.66,0,0,0,0,0
1/31/2018 11:37,23.77,101.44,3.66,0,0,0,0,0
1/31/2018 11:52,23.92,101.4,3.66,0,0,0,0,0
1/31/2018 12:07,24.07,101.33,3.66,0,0,0,0,0
1/31/2018 12:21,24.22,101.27,3.66,0,0,0,0,0
1/31/2018 12:36,24.39,101.21,3.65,0,0,0,0,0
1/31/2018 12:50,24.57,101.15,3.65,0,0,0,0,0
1/31/2018 13:05,24.74,101.09,3.65,0,0,0,0,0
1/31/2018 13:20,24.9,101.03,3.65,0,0,0,0,0
1/31/2018 13:34,25.06,100.99,3.65,0,0,0,0,0
1/31/2018 13:49,25.2,100.9,3.65,0,0,0,0,0
1/31/2018 14:04,25.34,100.85,3.65,0,0,0,0,0
1/31/2018 14:18,25.45,100.8,3.65,0,0,0,0,0
1/31/2018 14:33,25.54,100.78,3.65,0,0,0,0,0
1/31/2018 14:48,25.61,100.76,3.65,0,0,0,0,0
1/31/2018 15:02,25.7,100.78,3.65,0,0,0,0,0
1/31/2018 15:17,25.74,100.8,3.64,0,0,0,0,0
1/31/2018 15:32,25.77,100.82,3.64,0,0,0,0,0
1/31/2018 15:46,25.8,100.85,3.64,0,0,0,0,0
1/31/2018 16:01,25.8,100.9,3.64,0,0,0,0,0
1/31/2018 16:15,25.81,100.95,3.64,0,0,0,0,0
1/31/2018 16:30,25.8,100.98,3.64,0,0,0,0,0
1/31/2018 16:45,25.79,101.04,3.63,0,0,0,0,0
1/31/2018 16:59,25.78,101.1,3.63,0,0,0,0,0
1/31/2018 17:14,25.73,101.15,3.63,0,0,0,0,0
1/31/2018 17:29,25.69,101.21,3.63,0,0,0,0,0
1/31/2018 17:43,25.62,101.26,3.63,0,0,0,0,0
1/31/2018 17:58,25.59,101.31,3.63,0,0,0,0,0
1/31/2018 18:13,25.52,101.36,3.62,0,0,0,0,0
1/31/2018 18:27,25.49,101.41,3.62,0,0,0,0,0
1/31/2018 18:42,25.42,101.44,3.62,0,0,0,0,0
1/31/2018 18:57,25.36,101.46,3.62,0,0,0,0,0
1/31/2018 19:11,25.31,101.51,3.62,0,0,0,0,0
1/31/2018 19:26,25.24,101.56,3.62,0,0,0,0,0
1/31/2018 19:41,25.17,101.58,3.62,0,0,0,0,0
1/31/2018 19:55,25.12,101.61,3.62,0,0,0,0,0
1/31/2018 20:10,25.04,101.65,3.62,0,0,0,0,0
1/31/2018 20:25,24.98,101.67,3.61,0,0,0,0,0
1/31/2018 20:39,24.9,101.72,3.61,0,0,0,0,0
1/31/2018 20:54,24.83,101.74,3.61,0,0,0,0,0
1/31/2018 21:08,24.78,101.77,3.61,0,0,0,0,0
1/31/2018 21:23,24.7,101.79,3.61,0,0,0,0,0
1/31/2018 21:38,24.64,101.79,3.61,0,0,0,0,0
1/31/2018 21:52,24.57,101.8,3.61,0,0,0,0,0
1/31/2018 22:07,24.52,101.82,3.61,0,0,0,0,0
1/31/2018 22:22,24.44,101.88,3.6,0,0,0,0,0
1/31/2018 22:36,24.37,101.87,3.6,0,0,0,0,0
1/31/2018 22:51,24.31,101.89,3.6,0,0,0,0,0
1/31/2018 23:06,24.24,101.91,3.6,0,0,0,0,0
1/31/2018 23:20,24.16,101.94,3.6,0,0,0,0,0
1/31/2018 23:35,24.1,101.96,3.6,0,0,0,0,0
1/31/2018 23:50,24.04,101.94,3.6,0,0,0,0,0
2/1/2018 0:04,23.97,101.96,3.6,0,0,0,0,0
2/1/2018 0:19,23.9,101.99,3.6,0,0,0,0,0
2/1/2018 0:34,23.84,101.99,3.59,0,0,0,0,0
2/1/2018 0:48,23.76,102.01,3.59,0,0,0,0,0
2/1/2018 1:03,23.69,102.02,3.59,0,0,0,0,0
2/1/2018 1:18,23.64,102,3.59,0,0,0,0,0
2/1/2018 1:32,23.58,102.02,3.59,0,0,0,0,0
2/1/2018 1:47,23.52,102.05,3.59,0,0,0,0,0
2/1/2018 2:01,23.46,102.07,3.59,0,0,0,0,0
2/1/2018 2:16,23.4,102.07,3.59,0,0,0,0,0
2/1/2018 2:31,23.33,102.08,3.58,0,0,0,0,0
2/1/2018 2:46,23.27,102.11,3.58,0,0,0,0,0
2/1/2018 3:00,23.21,102.09,3.58,0,0,0,0,0
2/1/2018 3:15,23.16,102.11,3.58,0,0,0,0,0
2/1/2018 3:30,23.1,102.14,3.58,0,0,0,0,0
2/1/2018 3:44,23.04,102.12,3.58,0,0,0,0,0
2/1/2018 3:59,23,102.13,3.58,0,0,0,0,0
2/1/2018 4:14,22.95,102.13,3.58,0,0,0,0,0
2/1/2018 4:28,22.9,102.14,3.58,0,0,0,0,0
2/1/2018 4:43,22.85,102.15,3.58,0,0,0,0,0
2/1/2018 4:57,22.82,102.14,3.57,0,0,0,0,0
2/1/2018 5:12,22.77,102.17,3.57,0,0,0,0,0
2/1/2018 5:27,22.74,102.16,3.57,0,0,0,0,0
2/1/2018 5:42,22.69,102.14,3.57,0,0,0,0,0
2/1/2018 5:56,22.67,102.14,3.57,0,0,0,0,0
2/1/2018 6:11,22.62,102.13,3.57,0,0,0,0,0
2/1/2018 6:26,22.61,102.16,3.57,0,0,0,0,0
2/1/2018 6:40,22.58,102.15,3.57,0,0,0,0,0
2/1/2018 6:55,22.57,102.15,3.57,0,0,0,0,0
2/1/2018 7:10,22.55,102.15,3.57,0,0,0,0,0
2/1/2018 7:25,22.56,102.15,3.57,0,0,0,0,0
2/1/2018 7:39,22.57,102.15,3.57,0,0,0,0,0
2/1/2018 7:54,22.58,102.11,3.57,0,0,0,0,0
2/1/2018 8:09,22.61,102.08,3.56,0,0,0,0,0
2/1/2018 8:23,22.64,102.09,3.56,0,0,0,0,0
2/1/2018 8:38,22.68,102.06,3.56,0,0,0,0,0
2/1/2018 8:53,22.72,102.07,3.56,0,0,0,0,0
2/1/2018 9:07,22.81,102.01,3.56,0,0,0,0,0
2/1/2018 9:22,22.89,101.99,3.56,0,0,0,0,0
2/1/2018 9:37,22.96,101.93,3.56,0,0,0,0,0
2/1/2018 9:51,23.08,101.88,3.56,0,0,0,0,0
2/1/2018 10:06,23.18,101.83,3.56,0,0,0,0,0
2/1/2018 10:21,23.3,101.78,3.56,0,0,0,0,0
2/1/2018 10:36,23.42,101.72,3.55,0,0,0,0,0
2/1/2018 10:50,23.58,101.68,3.55,0,0,0,0,0
2/1/2018 11:05,23.72,101.64,3.55,0,0,0,0,0
2/1/2018 11:20,23.88,101.56,3.54,0,0,0,0,0
2/1/2018 11:34,24.05,101.48,3.54,0,0,0,0,0
2/1/2018 11:49,24.24,101.38,3.54,0,0,0,0,0
2/1/2018 12:04,24.44,101.29,3.53,0,0,0,0,0
2/1/2018 12:18,24.65,101.17,3.52,0,0,0,0,0
2/1/2018 12:33,24.84,101.1,3.52,0,0,0,0,0
2/1/2018 12:48,25.06,101.03,3.51,0,0,0,0,0
2/1/2018 13:02,25.26,100.94,3.51,0,0,0,0,0
2/1/2018 13:17,25.48,100.85,3.5,0,0,0,0,0
2/1/2018 13:32,25.66,100.77,3.5,0,0,0,0,0
2/1/2018 13:46,25.88,100.68,3.49,0,0,0,0,0
2/1/2018 14:01,26.07,100.58,3.49,0,0,0,0,0
2/1/2018 14:16,26.24,100.45,3.48,0,0,0,0,0
2/1/2018 14:30,26.39,100.4,3.48,0,0,0,0,0
2/1/2018 14:45,26.52,100.37,3.47,0,0,0,0,0
2/1/2018 14:59,26.62,100.38,3.46,0,0,0,0,0
2/1/2018 15:14,26.7,100.38,3.45,0,0,0,0,0
2/1/2018 15:29,26.76,100.42,3.45,0,0,0,0,0
2/1/2018 15:43,26.8,100.43,3.44,0,0,0,0,0
2/1/2018 15:58,26.84,100.51,3.43,0,0,0,0,0
2/1/2018 16:13,26.84,100.57,3.42,0,0,0,0,0
2/1/2018 16:27,26.84,100.64,3.41,0,0,0,0,0
2/1/2018 16:42,26.82,100.7,3.41,0,0,0,0,0
2/1/2018 16:57,26.79,100.78,3.4,0,0,0,0,0
2/1/2018 17:11,26.74,100.85,3.39,0,0,0,0,0
2/1/2018 17:26,26.72,100.93,3.37,0,0,0,0,0
2/1/2018 17:41,26.66,101.01,3.37,0,0,0,0,0
2/1/2018 17:55,26.61,101.08,3.36,0,0,0,0,0
2/1/2018 18:10,26.55,101.15,3.35,0,0,0,0,0
2/1/2018 18:25,26.49,101.2,3.34,0,0,0,0,0
2/1/2018 18:39,26.43,101.25,3.33,0,0,0,0,0
2/1/2018 18:54,26.36,101.31,3.31,0,0,0,0,0
2/1/2018 19:09,26.28,101.33,3.3,0,0,0,0,0
2/1/2018 19:23,26.2,101.4,3.28,0,0,0,0,0
2/1/2018 19:38,26.15,101.42,3.27,0,0,0,0,0
2/1/2018 19:53,26.07,101.49,3.25,0,0,0,0,0
2/1/2018 20:07,25.98,101.51,3.24,0,0,0,0,0
2/1/2018 20:22,25.9,101.58,3.23,0,0,0,0,0
2/1/2018 20:36,25.84,101.6,3.2,0,0,0,0,0
2/1/2018 20:51,25.76,101.62,3.19,0,0,0,0,0
2/1/2018 21:06,25.68,101.68,3.17,0,0,0,0,0
2/1/2018 21:20,25.6,101.7,3.15,0,0,0,0,0
2/1/2018 21:35,25.5,101.7,3.12,0,0,0,0,0
2/1/2018 21:50,25.42,101.74,3.1,0,0,0,0,0
2/1/2018 22:04,25.34,101.76,3.05,0,0,0,0,0
2/1/2018 22:19,25.24,101.73,3.01,0,0,0,0,0
2/1/2018 22:34,25.16,101.74,2.98,0,0,0,0,0
2/1/2018 22:49,25.05,101.76,2.93,0,0,0,0,0
2/1/2018 23:03,24.94,101.73,2.89,0,0,0,0,0
2/1/2018 23:18,24.84,101.75,2.84,0,0,0,0,0
2/1/2018 23:33,24.74,101.72,2.79,0,0,0,0,0
2/1/2018 23:48,24.65,101.69,2.75,0,0,0,0,0
2/2/2018 0:02,24.55,101.68,2.7,0,0,0,0,0
2/2/2018 0:17,24.43,101.67,2.66,0,0,0,0,0
2/2/2018 0:32,24.34,101.68,2.63,0,0,0,0,0
2/2/2018 0:47,24.24,101.66,2.59,0,0,0,0,0
2/2/2018 1:02,24.14,101.65,2.55,0,0,0,0,0
2/2/2018 1:17,24.03,101.62,2.5,0,0,0,0,0
2/2/2018 1:32,23.92,101.63,2.46,0,0,0,0,0
2/2/2018 1:46,23.8,101.61,2.43,0,0,0,0,0
2/2/2018 2:01,23.65,101.59,2.39,0,0,0,0,0
2/2/2018 2:15,23.46,101.54,2.34,0,0,0,0,0
2/6/2018 8:06,24.22,99.88,3.9,0,0,0,0,0
2/6/2018 8:20,23.92,102.12,3.9,0,0,0,0,0
2/6/2018 8:35,23.95,102.17,3.9,0,0,0,0,0
2/6/2018 8:50,24,102.25,3.9,0,0,0,0,0
2/6/2018 9:19,24.16,102.4,3.89,0,0,0,0,0
2/6/2018 9:34,24.27,102.38,3.89,0,0,0,0,0
2/6/2018 9:48,24.39,102.38,3.89,0,0,0,0,0
2/6/2018 10:03,24.52,102.37,3.88,0,0,0,0,0
2/6/2018 10:18,24.65,102.33,3.88,0,0,0,0,0
2/6/2018 10:32,24.78,102.32,3.88,0,0,0,0,0
2/6/2018 10:47,24.89,102.31,3.88,0,0,0,0,0
2/6/2018 11:02,25,102.3,3.88,0,0,0,0,0
2/6/2018 11:16,25.1,102.27,3.87,0,0,0,0,0
2/6/2018 11:31,25.2,102.23,3.87,0,0,0,0,0
2/6/2018 11:46,25.28,102.25,3.87,0,0,0,0,0
2/6/2018 12:00,25.37,102.24,3.87,0,0,0,0,0
2/6/2018 12:15,25.45,102.22,3.87,0,0,0,0,0
2/6/2018 12:30,25.52,102.15,3.86,0,0,0,0,0
2/6/2018 12:45,25.59,102.13,3.86,0,0,0,0,0
2/6/2018 12:59,25.66,102.06,3.86,0,0,0,0,0
2/6/2018 13:14,25.7,101.95,3.86,0,0,0,0,0
2/6/2018 13:28,25.76,101.88,3.86,0,0,0,0,0
2/6/2018 13:43,25.82,101.83,3.86,0,0,0,0,0
2/6/2018 13:58,25.85,101.81,3.86,0,0,0,0,0
2/6/2018 14:13,25.88,101.78,3.86,0,0,0,0,0
2/6/2018 14:27,25.92,101.75,3.86,0,0,0,0,0
2/6/2018 14:42,25.94,101.75,3.86,0,0,0,0,0
2/6/2018 14:56,25.96,101.76,3.85,0,0,0,0,0
2/6/2018 15:11,25.97,101.79,3.85,0,0,0,0,0
2/6/2018 15:26,25.98,101.76,3.85,0,0,0,0,0
2/6/2018 15:40,25.98,101.79,3.85,0,0,0,0,0
2/6/2018 15:55,25.98,101.81,3.85,0,0,0,0,0
2/6/2018 16:10,25.97,101.81,3.85,0,0,0,0,0
2/6/2018 16:24,25.96,101.81,3.85,0,0,0,0,0
2/6/2018 16:39,25.97,101.8,3.85,0,0,0,0,0
2/6/2018 16:54,25.95,101.84,3.85,0,0,0,0,0
2/6/2018 17:08,25.93,101.84,3.85,0,0,0,0,0
2/6/2018 17:23,25.9,101.83,3.84,0,0,0,0,0
2/6/2018 17:38,25.88,101.87,3.84,0,0,0,0,0
2/6/2018 17:52,25.85,101.86,3.84,0,0,0,0,0
2/6/2018 18:07,25.83,101.89,3.84,0,0,0,0,0
2/6/2018 18:22,25.8,101.91,3.84,0,0,0,0,0
2/6/2018 18:36,25.75,101.92,3.84,0,0,0,0,0
2/6/2018 18:51,25.71,101.95,3.84,0,0,0,0,0
2/6/2018 19:06,25.69,101.94,3.84,0,0,0,0,0
2/6/2018 19:20,25.64,101.93,3.84,0,0,0,0,0
2/6/2018 19:35,25.62,101.97,3.84,0,0,0,0,0
2/6/2018 19:50,25.57,101.95,3.84,0,0,0,0,0
2/6/2018 20:04,25.54,101.98,3.84,0,0,0,0,0
2/6/2018 20:19,25.5,102.01,3.84,0,0,0,0,0
2/6/2018 20:33,25.47,102.01,3.84,0,0,0,0,0
2/6/2018 20:48,25.4,102.03,3.84,0,0,0,0,0
2/6/2018 21:03,25.38,102.02,3.84,0,0,0,0,0
2/6/2018 21:17,25.34,102.05,3.83,0,0,0,0,0
2/6/2018 21:32,25.28,102.04,3.83,0,0,0,0,0
2/6/2018 21:47,25.25,102.07,3.83,0,0,0,0,0
2/6/2018 22:01,25.2,102.06,3.83,0,0,0,0,0
2/6/2018 22:16,25.18,102.09,3.83,0,0,0,0,0
2/6/2018 22:31,25.13,102.08,3.83,0,0,0,0,0
2/6/2018 22:45,25.08,102.11,3.83,0,0,0,0,0
2/6/2018 23:00,25.03,102.1,3.83,0,0,0,0,0
2/6/2018 23:15,25,102.13,3.83,0,0,0,0,0
2/6/2018 23:29,24.94,102.11,3.83,0,0,0,0,0
2/6/2018 23:44,24.9,102.14,3.83,0,0,0,0,0
2/6/2018 23:59,24.86,102.13,3.83,0,0,0,0,0
2/7/2018 0:13,24.8,102.16,3.83,0,0,0,0,0
2/7/2018 0:28,24.76,102.15,3.82,0,0,0,0,0
2/7/2018 0:43,24.73,102.18,3.82,0,0,0,0,0
2/7/2018 0:57,24.68,102.21,3.82,0,0,0,0,0
2/7/2018 1:12,24.62,102.19,3.82,0,0,0,0,0
2/7/2018 1:27,24.58,102.18,3.82,0,0,0,0,0
2/7/2018 1:41,24.54,102.19,3.82,0,0,0,0,0
2/7/2018 1:56,24.5,102.2,3.82,0,0,0,0,0
2/7/2018 2:11,24.44,102.23,3.81,0,0,0,0,0
2/7/2018 2:25,24.4,102.23,3.81,0,0,0,0,0
2/7/2018 2:40,24.36,102.25,3.81,0,0,0,0,0
2/7/2018 2:55,24.32,102.23,3.81,0,0,0,0,0
2/7/2018 3:09,24.27,102.26,3.81,0,0,0,0,0
2/7/2018 3:24,24.23,102.25,3.81,0,0,0,0,0
2/7/2018 3:39,24.2,102.28,3.81,0,0,0,0,0
2/7/2018 3:53,24.15,102.27,3.81,0,0,0,0,0
2/7/2018 4:08,24.12,102.28,3.81,0,0,0,0,0
2/7/2018 4:23,24.06,102.29,3.81,0,0,0,0,0
2/7/2018 4:37,24.03,102.28,3.81,0,0,0,0,0
2/7/2018 4:52,23.99,102.26,3.81,0,0,0,0,0
2/7/2018 5:07,23.96,102.27,3.81,0,0,0,0,0
2/7/2018 5:21,23.92,102.31,3.81,0,0,0,0,0
2/7/2018 5:36,23.87,102.29,3.8,0,0,0,0,0
2/7/2018 5:51,23.82,102.31,3.8,0,0,0,0,0
2/7/2018 6:05,23.8,102.34,3.8,0,0,0,0,0
2/7/2018 6:20,23.78,102.31,3.8,0,0,0,0,0
2/7/2018 6:35,23.75,102.32,3.8,0,0,0,0,0
2/7/2018 6:49,23.72,102.31,3.8,0,0,0,0,0
2/7/2018 7:04,23.69,102.31,3.8,0,0,0,0,0
2/7/2018 7:19,23.69,102.3,3.8,0,0,0,0,0
2/7/2018 7:33,23.66,102.3,3.8,0,0,0,0,0
2/7/2018 7:48,23.66,102.29,3.8,0,0,0,0,0
2/7/2018 8:03,23.65,102.29,3.8,0,0,0,0,0
2/7/2018 8:17,23.64,102.29,3.8,0,0,0,0,0
2/7/2018 8:32,23.64,102.29,3.8,0,0,0,0,0
2/7/2018 8:47,23.64,102.29,3.8,0,0,0,0,0
2/7/2018 9:01,23.66,102.3,3.8,0,0,0,0,0
2/7/2018 9:16,23.68,102.26,3.8,0,0,0,0,0
2/7/2018 9:31,23.7,102.26,3.8,0,0,0,0,0
2/7/2018 9:45,23.7,102.27,3.8,0,0,0,0,0
2/7/2018 10:30,23.75,102.18,3.8,0,0,0,0,0
2/7/2018 10:44,23.76,102.16,3.8,0,0,0,0,0
2/7/2018 10:59,23.79,102.16,3.8,0,0,0,0,0
2/7/2018 11:14,23.82,102.17,3.8,0,0,0,0,0
2/7/2018 11:28,23.84,102.15,3.8,0,0,0,0,0
2/7/2018 11:43,23.88,102.15,3.8,0,0,0,0,0
2/7/2018 11:58,23.94,102.12,3.8,0,0,0,0,0
2/7/2018 12:13,24,102.11,3.8,0,0,0,0,0
2/7/2018 12:27,24.07,102.07,3.8,0,0,0,0,0
2/7/2018 12:42,24.14,102.03,3.8,0,0,0,0,0
2/7/2018 12:57,24.25,101.97,3.8,0,0,0,0,0
2/7/2018 13:11,24.38,101.93,3.8,0,0,0,0,0
2/7/2018 13:26,24.52,101.89,3.8,0,0,0,0,0
2/7/2018 13:41,24.66,101.82,3.8,0,0,0,0,0
2/7/2018 13:55,24.82,101.74,3.8,0,0,0,0,0
2/7/2018 14:10,24.97,101.67,3.8,0,0,0,0,0
2/7/2018 14:24,25.12,101.61,3.8,0,0,0,0,0
2/7/2018 14:39,25.26,101.56,3.8,0,0,0,0,0
2/7/2018 14:54,25.41,101.52,3.8,0,0,0,0,0
2/7/2018 15:08,25.5,101.5,3.79,0,0,0,0,0
2/7/2018 15:23,25.58,101.53,3.79,0,0,0,0,0
2/7/2018 15:37,25.65,101.52,3.79,0,0,0,0,0
2/7/2018 15:52,25.7,101.56,3.79,0,0,0,0,0
2/7/2018 16:07,25.74,101.57,3.79,0,0,0,0,0
2/7/2018 16:21,25.76,101.57,3.79,0,0,0,0,0
2/7/2018 16:36,25.76,101.62,3.79,0,0,0,0,0
2/7/2018 16:51,25.74,101.66,3.79,0,0,0,0,0
2/7/2018 17:05,25.74,101.66,3.79,0,0,0,0,0
2/7/2018 17:20,25.72,101.69,3.79,0,0,0,0,0
2/7/2018 17:35,25.69,101.73,3.79,0,0,0,0,0
2/7/2018 17:49,25.66,101.76,3.79,0,0,0,0,0
2/7/2018 18:04,25.6,101.8,3.79,0,0,0,0,0
2/7/2018 18:19,25.59,101.83,3.79,0,0,0,0,0
2/7/2018 18:33,25.54,101.86,3.79,0,0,0,0,0
2/7/2018 18:48,25.5,101.85,3.79,0,0,0,0,0
2/7/2018 19:03,25.46,101.87,3.79,0,0,0,0,0
2/7/2018 19:17,25.42,101.91,3.79,0,0,0,0,0
2/7/2018 19:32,25.36,101.89,3.79,0,0,0,0,0
2/7/2018 19:47,25.33,101.92,3.79,0,0,0,0,0
2/7/2018 20:01,25.28,101.95,3.79,0,0,0,0,0
2/7/2018 20:16,25.22,101.98,3.79,0,0,0,0,0
2/7/2018 20:31,25.17,101.99,3.79,0,0,0,0,0
2/7/2018 20:45,25.13,102,3.79,0,0,0,0,0
2/7/2018 21:00,25.09,102.02,3.79,0,0,0,0,0
2/7/2018 21:15,25.04,102.05,3.79,0,0,0,0,0
2/7/2018 21:29,24.98,102.04,3.79,0,0,0,0,0
2/7/2018 21:44,24.95,102.03,3.79,0,0,0,0,0
2/7/2018 21:59,24.91,102.06,3.79,0,0,0,0,0
2/7/2018 22:13,24.86,102.07,3.79,0,0,0,0,0
2/7/2018 22:28,24.82,102.08,3.79,0,0,0,0,0
2/7/2018 22:43,24.78,102.09,3.79,0,0,0,0,0
2/7/2018 22:57,24.73,102.1,3.79,0,0,0,0,0
2/7/2018 23:12,24.7,102.08,3.79,0,0,0,0,0
2/7/2018 23:27,24.65,102.09,3.79,0,0,0,0,0
2/7/2018 23:41,24.6,102.13,3.79,0,0,0,0,0
2/7/2018 23:56,24.56,102.13,3.79,0,0,0,0,0
2/8/2018 0:10,24.52,102.16,3.79,0,0,0,0,0
2/8/2018 0:25,24.48,102.15,3.79,0,0,0,0,0
2/8/2018 0:40,24.44,102.16,3.79,0,0,0,0,0
2/8/2018 0:54,24.4,102.17,3.79,0,0,0,0,0
2/8/2018 1:09,24.34,102.2,3.79,0,0,0,0,0
2/8/2018 1:24,24.3,102.19,3.78,0,0,0,0,0
2/8/2018 1:39,24.26,102.19,3.79,0,0,0,0,0
2/8/2018 1:53,24.23,102.18,3.79,0,0,0,0,0
2/8/2018 2:08,24.17,102.21,3.78,0,0,0,0,0
2/8/2018 2:22,24.13,102.2,3.78,0,0,0,0,0
2/8/2018 2:37,24.08,102.21,3.78,0,0,0,0,0
2/8/2018 2:52,24.05,102.2,3.78,0,0,0,0,0
2/8/2018 3:06,24.01,102.23,3.78,0,0,0,0,0
2/8/2018 3:21,23.96,102.25,3.78,0,0,0,0,0
2/8/2018 3:36,23.92,102.25,3.78,0,0,0,0,0
2/8/2018 3:50,23.87,102.27,3.78,0,0,0,0,0
2/8/2018 4:05,23.82,102.26,3.78,0,0,0,0,0
2/8/2018 4:20,23.78,102.29,3.78,0,0,0,0,0
2/8/2018 4:34,23.74,102.27,3.78,0,0,0,0,0
2/8/2018 4:49,23.71,102.29,3.78,0,0,0,0,0
2/8/2018 5:04,23.66,102.3,3.78,0,0,0,0,0
2/8/2018 5:18,23.63,102.28,3.78,0,0,0,0,0
2/8/2018 5:33,23.6,102.32,3.78,0,0,0,0,0
2/8/2018 5:48,23.56,102.31,3.78,0,0,0,0,0
2/8/2018 6:02,23.52,102.3,3.78,0,0,0,0,0
2/8/2018 6:17,23.5,102.33,3.78,0,0,0,0,0
2/8/2018 6:32,23.48,102.32,3.78,0,0,0,0,0
2/8/2018 6:47,23.45,102.32,3.78,0,0,0,0,0
2/8/2018 7:01,23.46,102.32,3.78,0,0,0,0,0
2/8/2018 7:16,23.45,102.32,3.78,0,0,0,0,0
2/8/2018 7:31,23.46,102.32,3.78,0,0,0,0,0
2/8/2018 7:45,23.48,102.33,3.78,0,0,0,0,0
2/8/2018 8:00,23.48,102.29,3.78,0,0,0,0,0
2/8/2018 8:15,23.51,102.3,3.78,0,0,0,0,0
2/8/2018 8:29,23.57,102.27,3.78,0,0,0,0,0
2/8/2018 8:44,23.62,102.25,3.78,0,0,0,0,0
2/8/2018 8:59,23.7,102.22,3.78,0,0,0,0,0
2/8/2018 9:13,23.79,102.16,3.78,0,0,0,0,0
2/8/2018 9:28,23.87,102.11,3.78,0,0,0,0,0
2/8/2018 9:43,23.98,102.09,3.78,0,0,0,0,0
2/8/2018 9:58,24.09,102.02,3.78,0,0,0,0,0
2/8/2018 10:12,24.22,101.95,3.78,0,0,0,0,0
2/8/2018 10:27,24.33,101.9,3.78,0,0,0,0,0
2/8/2018 10:42,24.48,101.85,3.77,0,0,0,0,0
2/8/2018 10:56,24.62,101.77,3.77,0,0,0,0,0
2/8/2018 11:11,24.78,101.73,3.77,0,0,0,0,0
2/8/2018 11:26,24.94,101.64,3.77,0,0,0,0,0
2/8/2018 11:40,25.11,101.56,3.77,0,0,0,0,0
2/8/2018 11:55,25.3,101.49,3.78,0,0,0,0,0
2/8/2018 12:09,25.5,101.41,3.77,0,0,0,0,0
2/8/2018 12:24,25.67,101.34,3.77,0,0,0,0,0
2/8/2018 12:39,25.84,101.3,3.77,0,0,0,0,0
2/8/2018 12:53,25.99,101.27,3.77,0,0,0,0,0
2/8/2018 13:08,26.12,101.25,3.77,0,0,0,0,0
2/8/2018 13:23,26.24,101.23,3.77,0,0,0,0,0
2/8/2018 13:37,26.33,101.22,3.77,0,0,0,0,0
2/8/2018 13:52,26.39,101.21,3.77,0,0,0,0,0
2/8/2018 14:07,26.45,101.21,3.77,0,0,0,0,0
2/8/2018 14:21,26.48,101.22,3.77,0,0,0,0,0
2/8/2018 14:36,26.51,101.23,3.77,0,0,0,0,0
2/8/2018 14:51,26.52,101.23,3.77,0,0,0,0,0
2/8/2018 15:05,26.53,101.27,3.76,0,0,0,0,0
2/8/2018 15:20,26.51,101.31,3.76,0,0,0,0,0
2/8/2018 15:35,26.5,101.35,3.76,0,0,0,0,0
2/8/2018 15:49,26.51,101.39,3.76,0,0,0,0,0
2/8/2018 16:04,26.49,101.43,3.76,0,0,0,0,0
2/8/2018 16:19,26.45,101.47,3.76,0,0,0,0,0
2/8/2018 16:33,26.42,101.5,3.76,0,0,0,0,0
2/8/2018 16:48,26.4,101.54,3.76,0,0,0,0,0
2/8/2018 17:03,26.36,101.57,3.76,0,0,0,0,0
2/8/2018 17:17,26.32,101.6,3.76,0,0,0,0,0
2/8/2018 17:32,26.29,101.62,3.76,0,0,0,0,0
2/8/2018 17:47,26.24,101.65,3.75,0,0,0,0,0
2/8/2018 18:01,26.2,101.7,3.75,0,0,0,0,0
2/8/2018 18:16,26.14,101.73,3.75,0,0,0,0,0
2/8/2018 18:30,26.11,101.76,3.75,0,0,0,0,0
2/8/2018 18:45,26.05,101.79,3.75,0,0,0,0,0
2/8/2018 19:00,26.02,101.82,3.75,0,0,0,0,0
2/8/2018 19:14,25.95,101.84,3.75,0,0,0,0,0
2/8/2018 19:29,25.92,101.87,3.74,0,0,0,0,0
2/8/2018 19:44,25.85,101.86,3.74,0,0,0,0,0
2/8/2018 19:58,25.8,101.91,3.74,0,0,0,0,0
2/8/2018 20:13,25.73,101.91,3.74,0,0,0,0,0
2/8/2018 20:28,25.69,101.94,3.74,0,0,0,0,0
2/8/2018 20:42,25.62,101.97,3.74,0,0,0,0,0
2/8/2018 20:57,25.56,101.99,3.74,0,0,0,0,0
2/8/2018 21:12,25.51,102.02,3.74,0,0,0,0,0
2/8/2018 21:26,25.45,102,3.73,0,0,0,0,0
2/8/2018 21:41,25.39,102.03,3.73,0,0,0,0,0
2/8/2018 21:56,25.34,102.06,3.73,0,0,0,0,0
2/8/2018 22:10,25.27,102.08,3.73,0,0,0,0,0
2/8/2018 22:25,25.23,102.09,3.73,0,0,0,0,0
2/8/2018 22:40,25.16,102.09,3.73,0,0,0,0,0
2/8/2018 22:54,25.1,102.11,3.73,0,0,0,0,0
2/8/2018 23:09,25.05,102.14,3.72,0,0,0,0,0
2/8/2018 23:24,25,102.13,3.72,0,0,0,0,0
2/8/2018 23:38,24.94,102.16,3.72,0,0,0,0,0
2/8/2018 23:53,24.89,102.14,3.72,0,0,0,0,0
2/9/2018 0:08,24.82,102.15,3.72,0,0,0,0,0
2/9/2018 0:22,24.79,102.15,3.72,0,0,0,0,0
2/9/2018 0:37,24.73,102.2,3.72,0,0,0,0,0
2/9/2018 0:51,24.68,102.21,3.72,0,0,0,0,0
2/9/2018 1:06,24.61,102.23,3.72,0,0,0,0,0
2/9/2018 1:21,24.56,102.22,3.71,0,0,0,0,0
2/9/2018 1:35,24.53,102.23,3.71,0,0,0,0,0
2/9/2018 1:50,24.47,102.23,3.71,0,0,0,0,0
2/9/2018 2:05,24.42,102.22,3.71,0,0,0,0,0
2/9/2018 2:19,24.38,102.25,3.71,0,0,0,0,0
2/9/2018 2:34,24.33,102.26,3.71,0,0,0,0,0
2/9/2018 2:49,24.28,102.26,3.71,0,0,0,0,0
2/9/2018 3:03,24.25,102.29,3.7,0,0,0,0,0
2/9/2018 3:18,24.2,102.29,3.7,0,0,0,0,0
2/9/2018 3:33,24.16,102.27,3.7,0,0,0,0,0
2/9/2018 3:47,24.11,102.26,3.7,0,0,0,0,0
2/9/2018 4:02,24.08,102.29,3.69,0,0,0,0,0
2/9/2018 4:17,24.03,102.28,3.69,0,0,0,0,0
2/9/2018 4:31,24,102.29,3.69,0,0,0,0,0
2/9/2018 4:46,23.95,102.3,3.69,0,0,0,0,0
2/9/2018 5:01,23.93,102.33,3.69,0,0,0,0,0
2/9/2018 5:15,23.89,102.32,3.69,0,0,0,0,0
2/9/2018 5:30,23.86,102.31,3.69,0,0,0,0,0
2/9/2018 5:45,23.8,102.3,3.69,0,0,0,0,0
2/9/2018 5:59,23.78,102.33,3.68,0,0,0,0,0
2/9/2018 6:14,23.75,102.32,3.68,0,0,0,0,0
2/9/2018 6:29,23.71,102.31,3.68,0,0,0,0,0
2/9/2018 6:44,23.69,102.31,3.68,0,0,0,0,0
2/9/2018 6:58,23.68,102.32,3.68,0,0,0,0,0
2/9/2018 7:13,23.67,102.32,3.68,0,0,0,0,0
2/9/2018 7:28,23.68,102.3,3.68,0,0,0,0,0
2/9/2018 7:42,23.66,102.3,3.68,0,0,0,0,0
2/9/2018 7:57,23.7,102.31,3.67,0,0,0,0,0
2/9/2018 8:12,23.72,102.27,3.67,0,0,0,0,0
2/9/2018 8:26,23.77,102.26,3.67,0,0,0,0,0
2/9/2018 8:41,23.83,102.26,3.67,0,0,0,0,0
2/9/2018 8:56,23.88,102.19,3.67,0,0,0,0,0
2/9/2018 9:10,23.96,102.17,3.66,0,0,0,0,0
2/9/2018 9:25,24.06,102.16,3.66,0,0,0,0,0
2/9/2018 9:40,24.16,102.08,3.66,0,0,0,0,0
2/9/2018 9:54,24.28,102.03,3.66,0,0,0,0,0
2/9/2018 10:09,24.4,102,3.66,0,0,0,0,0
2/9/2018 10:24,24.53,101.93,3.66,0,0,0,0,0
2/9/2018 10:39,24.65,101.88,3.66,0,0,0,0,0
2/9/2018 10:53,24.79,101.81,3.66,0,0,0,0,0
2/9/2018 11:08,24.93,101.77,3.66,0,0,0,0,0
2/9/2018 11:23,25.07,101.7,3.66,0,0,0,0,0
2/9/2018 11:37,25.22,101.64,3.66,0,0,0,0,0
2/9/2018 11:52,25.37,101.55,3.66,0,0,0,0,0
2/9/2018 12:06,25.53,101.51,3.65,0,0,0,0,0
2/9/2018 12:21,25.7,101.47,3.65,0,0,0,0,0
2/9/2018 12:36,25.83,101.38,3.65,0,0,0,0,0
2/9/2018 12:51,26,101.34,3.65,0,0,0,0,0
2/9/2018 13:05,26.13,101.29,3.65,0,0,0,0,0
2/9/2018 13:20,26.25,101.28,3.65,0,0,0,0,0
2/9/2018 13:35,26.36,101.27,3.65,0,0,0,0,0
2/9/2018 13:49,26.46,101.25,3.65,0,0,0,0,0
2/9/2018 14:04,26.56,101.2,3.65,0,0,0,0,0
2/9/2018 14:18,26.64,101.13,3.65,0,0,0,0,0
2/9/2018 14:33,26.71,101.13,3.65,0,0,0,0,0
2/9/2018 14:48,26.78,101.13,3.64,0,0,0,0,0
2/9/2018 15:02,26.83,101.09,3.64,0,0,0,0,0
2/9/2018 15:17,26.86,101.11,3.64,0,0,0,0,0
2/9/2018 15:32,26.9,101.14,3.64,0,0,0,0,0
2/9/2018 15:46,26.93,101.16,3.64,0,0,0,0,0
2/9/2018 16:01,26.91,101.21,3.64,0,0,0,0,0
2/9/2018 16:16,26.93,101.21,3.63,0,0,0,0,0
2/9/2018 16:30,26.92,101.25,3.63,0,0,0,0,0
2/9/2018 16:45,26.91,101.29,3.63,0,0,0,0,0
2/9/2018 17:00,26.88,101.33,3.63,0,0,0,0,0
2/9/2018 17:14,26.86,101.41,3.63,0,0,0,0,0
2/9/2018 17:29,26.83,101.44,3.63,0,0,0,0,0
2/9/2018 17:44,26.8,101.47,3.63,0,0,0,0,0
2/9/2018 17:58,26.75,101.5,3.63,0,0,0,0,0
2/9/2018 18:13,26.71,101.58,3.62,0,0,0,0,0
2/9/2018 18:27,26.67,101.57,3.62,0,0,0,0,0
2/9/2018 18:42,26.62,101.64,3.62,0,0,0,0,0
2/9/2018 18:57,26.56,101.67,3.62,0,0,0,0,0
2/9/2018 19:11,26.51,101.7,3.62,0,0,0,0,0
2/9/2018 19:26,26.46,101.73,3.62,0,0,0,0,0
2/9/2018 19:41,26.39,101.78,3.62,0,0,0,0,0
2/9/2018 19:55,26.34,101.81,3.62,0,0,0,0,0
2/9/2018 20:10,26.28,101.83,3.62,0,0,0,0,0
2/9/2018 20:25,26.22,101.88,3.62,0,0,0,0,0
2/9/2018 20:39,26.16,101.88,3.61,0,0,0,0,0
2/9/2018 20:54,26.09,101.93,3.61,0,0,0,0,0
2/9/2018 21:09,26.04,101.93,3.61,0,0,0,0,0
2/9/2018 21:23,25.94,101.97,3.61,0,0,0,0,0
2/9/2018 21:38,25.9,101.96,3.61,0,0,0,0,0
2/9/2018 21:53,25.82,101.98,3.61,0,0,0,0,0
2/9/2018 22:07,25.77,102.01,3.61,0,0,0,0,0
2/9/2018 22:22,25.7,102.01,3.61,0,0,0,0,0
2/9/2018 22:37,25.63,102.04,3.61,0,0,0,0,0
2/9/2018 22:51,25.59,102.09,3.6,0,0,0,0,0
2/9/2018 23:06,25.54,102.07,3.6,0,0,0,0,0
2/9/2018 23:21,25.48,102.09,3.6,0,0,0,0,0
2/9/2018 23:35,25.43,102.08,3.6,0,0,0,0,0
2/9/2018 23:50,25.37,102.11,3.6,0,0,0,0,0
2/10/2018 0:05,25.32,102.09,3.6,0,0,0,0,0
2/10/2018 0:19,25.26,102.12,3.6,0,0,0,0,0
2/10/2018 0:34,25.21,102.13,3.6,0,0,0,0,0
2/10/2018 0:49,25.16,102.13,3.6,0,0,0,0,0
2/10/2018 1:03,25.1,102.12,3.6,0,0,0,0,0
2/10/2018 1:18,25.06,102.15,3.59,0,0,0,0,0
2/10/2018 1:33,25,102.15,3.59,0,0,0,0,0
2/10/2018 1:47,24.96,102.16,3.59,0,0,0,0,0
2/10/2018 2:02,24.9,102.18,3.59,0,0,0,0,0
2/10/2018 2:17,24.87,102.2,3.59,0,0,0,0,0
2/10/2018 2:31,24.81,102.2,3.59,0,0,0,0,0
2/10/2018 2:46,24.75,102.23,3.59,0,0,0,0,0
2/10/2018 3:00,24.7,102.21,3.59,0,0,0,0,0
2/10/2018 3:15,24.67,102.24,3.59,0,0,0,0,0
2/10/2018 3:30,24.61,102.23,3.59,0,0,0,0,0
2/10/2018 3:44,24.56,102.26,3.59,0,0,0,0,0
2/10/2018 3:59,24.51,102.27,3.59,0,0,0,0,0
2/10/2018 4:14,24.47,102.28,3.59,0,0,0,0,0
2/10/2018 4:28,24.42,102.26,3.58,0,0,0,0,0
2/10/2018 4:43,24.4,102.3,3.58,0,0,0,0,0
2/10/2018 4:58,24.34,102.3,3.58,0,0,0,0,0
2/10/2018 5:12,24.3,102.31,3.58,0,0,0,0,0
2/10/2018 5:27,24.25,102.29,3.58,0,0,0,0,0
2/10/2018 5:42,24.22,102.33,3.58,0,0,0,0,0
2/10/2018 5:57,24.17,102.32,3.58,0,0,0,0,0
2/10/2018 6:11,24.13,102.32,3.58,0,0,0,0,0
2/10/2018 6:26,24.09,102.31,3.58,0,0,0,0,0
2/10/2018 6:41,24.07,102.33,3.58,0,0,0,0,0
2/10/2018 6:55,24.05,102.33,3.57,0,0,0,0,0
2/10/2018 7:10,24.05,102.32,3.57,0,0,0,0,0
2/10/2018 7:25,24.03,102.32,3.57,0,0,0,0,0
2/10/2018 7:40,24.05,102.28,3.57,0,0,0,0,0
2/10/2018 7:54,24.08,102.27,3.57,0,0,0,0,0
2/10/2018 8:09,24.11,102.25,3.57,0,0,0,0,0
2/10/2018 8:24,24.15,102.23,3.57,0,0,0,0,0
2/10/2018 8:38,24.22,102.2,3.57,0,0,0,0,0
2/10/2018 8:53,24.28,102.18,3.57,0,0,0,0,0
2/10/2018 9:08,24.36,102.12,3.57,0,0,0,0,0
2/10/2018 9:22,24.44,102.1,3.57,0,0,0,0,0
2/10/2018 9:37,24.56,102.04,3.56,0,0,0,0,0
2/10/2018 9:52,24.67,101.99,3.56,0,0,0,0,0
2/10/2018 10:07,24.79,101.94,3.56,0,0,0,0,0
2/10/2018 10:21,24.92,101.85,3.56,0,0,0,0,0
2/10/2018 10:36,25.05,101.8,3.56,0,0,0,0,0
2/10/2018 10:50,25.19,101.76,3.56,0,0,0,0,0
2/10/2018 11:05,25.34,101.67,3.55,0,0,0,0,0
2/10/2018 11:20,25.46,101.62,3.54,0,0,0,0,0
2/10/2018 11:35,25.6,101.6,3.54,0,0,0,0,0
2/10/2018 11:49,25.72,101.56,3.54,0,0,0,0,0
2/10/2018 12:04,25.84,101.56,3.53,0,0,0,0,0
2/10/2018 12:19,25.97,101.5,3.52,0,0,0,0,0
2/10/2018 12:33,26.07,101.49,3.52,0,0,0,0,0
2/10/2018 12:48,26.18,101.44,3.51,0,0,0,0,0
2/10/2018 13:03,26.3,101.42,3.51,0,0,0,0,0
2/10/2018 13:17,26.39,101.39,3.5,0,0,0,0,0
2/10/2018 13:32,26.5,101.35,3.5,0,0,0,0,0
2/10/2018 13:47,26.6,101.3,3.49,0,0,0,0,0
2/10/2018 14:01,26.71,101.23,3.48,0,0,0,0,0
2/10/2018 14:16,26.8,101.17,3.48,0,0,0,0,0
2/10/2018 14:31,26.88,101.15,3.47,0,0,0,0,0
2/10/2018 14:45,26.96,101.09,3.46,0,0,0,0,0
2/10/2018 15:00,27.03,101.09,3.45,0,0,0,0,0
2/10/2018 15:15,27.09,101.09,3.45,0,0,0,0,0
2/10/2018 15:29,27.16,101.06,3.44,0,0,0,0,0
2/10/2018 15:44,27.2,101.07,3.44,0,0,0,0,0
2/10/2018 15:58,27.24,101.08,3.43,0,0,0,0,0
2/10/2018 16:13,27.26,101.09,3.42,0,0,0,0,0
2/10/2018 16:28,27.28,101.13,3.41,0,0,0,0,0
2/10/2018 16:42,27.3,101.18,3.4,0,0,0,0,0
2/10/2018 16:57,27.29,101.22,3.4,0,0,0,0,0
2/10/2018 17:12,27.27,101.26,3.39,0,0,0,0,0
2/10/2018 17:26,27.25,101.3,3.37,0,0,0,0,0
2/10/2018 17:41,27.22,101.33,3.36,0,0,0,0,0
2/10/2018 17:56,27.18,101.41,3.35,0,0,0,0,0
2/10/2018 18:10,27.15,101.46,3.34,0,0,0,0,0
2/10/2018 18:25,27.09,101.5,3.33,0,0,0,0,0
2/10/2018 18:40,27.05,101.55,3.32,0,0,0,0,0
2/10/2018 18:54,26.99,101.6,3.31,0,0,0,0,0
2/10/2018 19:09,26.93,101.65,3.29,0,0,0,0,0
2/10/2018 19:24,26.88,101.68,3.28,0,0,0,0,0
2/10/2018 19:38,26.82,101.7,3.27,0,0,0,0,0
2/10/2018 19:53,26.75,101.77,3.25,0,0,0,0,0
2/10/2018 20:07,26.7,101.78,3.24,0,0,0,0,0
2/10/2018 20:22,26.62,101.82,3.23,0,0,0,0,0
2/10/2018 20:37,26.55,101.85,3.2,0,0,0,0,0
2/10/2018 20:51,26.49,101.87,3.19,0,0,0,0,0
2/10/2018 21:06,26.42,101.91,3.16,0,0,0,0,0
2/10/2018 21:21,26.34,101.91,3.14,0,0,0,0,0
2/10/2018 21:35,26.27,101.93,3.12,0,0,0,0,0
2/10/2018 21:50,26.18,101.95,3.09,0,0,0,0,0
2/10/2018 22:05,26.1,101.98,3.04,0,0,0,0,0
2/10/2018 22:20,26.02,101.94,3.01,0,0,0,0,0
2/10/2018 22:34,25.92,101.97,2.97,0,0,0,0,0
2/10/2018 22:49,25.84,101.98,2.93,0,0,0,0,0
2/10/2018 23:04,25.75,102,2.9,0,0,0,0,0
2/10/2018 23:19,25.64,101.97,2.87,0,0,0,0,0
2/10/2018 23:33,25.57,101.97,2.83,0,0,0,0,0
2/10/2018 23:48,25.48,101.98,2.79,0,0,0,0,0
2/11/2018 0:03,25.39,101.98,2.76,0,0,0,0,0
2/11/2018 0:18,25.29,101.95,2.73,0,0,0,0,0
2/11/2018 0:33,25.2,101.95,2.7,0,0,0,0,0
2/11/2018 0:47,25.12,101.95,2.67,0,0,0,0,0
2/11/2018 1:02,25.04,101.93,2.63,0,0,0,0,0
2/11/2018 1:17,24.96,101.9,2.61,0,0,0,0,0
2/11/2018 1:32,24.87,101.9,2.57,0,0,0,0,0
2/11/2018 1:47,24.79,101.9,2.54,0,0,0,0,0
2/11/2018 2:01,24.7,101.87,2.51,0,0,0,0,0
2/11/2018 2:16,24.62,101.85,2.48,0,0,0,0,0
2/11/2018 2:31,24.53,101.86,2.45,0,0,0,0,0
2/11/2018 2:46,24.42,101.83,2.42,0,0,0,0,0
2/11/2018 3:01,24.31,101.84,2.39,0,0,0,0,0
2/11/2018 3:15,24.16,101.8,2.36,0,0,0,0,0
2/11/2018 3:29,24.06,101.77,2.34,0,0,0,0,0
2/12/2018 8:06,23.81,94.3,3.8,0,0,0,0,0
2/12/2018 8:21,23.82,96.87,3.8,0,0,0,0,0
2/12/2018 8:35,23.82,102.01,3.8,0,0,0,0,0
2/12/2018 8:50,23.85,102.01,3.8,0,0,0,0,0
2/12/2018 9:05,23.88,102.1,3.8,0,0,0,0,0
2/12/2018 9:19,23.9,102.16,3.8,0,0,0,0,0
2/12/2018 9:34,23.94,102.23,3.8,0,0,0,0,0
2/12/2018 9:49,23.98,102.31,3.8,0,0,0,0,0
2/12/2018 10:03,24.06,102.37,3.8,0,0,0,0,0
2/12/2018 10:18,24.12,102.43,3.8,0,0,0,0,0
2/12/2018 10:33,24.17,102.44,3.8,0,0,0,0,0
2/12/2018 10:47,24.24,102.46,3.8,0,0,0,0,0
2/12/2018 11:02,24.3,102.47,3.8,0,0,0,0,0
2/12/2018 11:17,24.35,102.45,3.8,0,0,0,0,0
2/12/2018 11:31,24.4,102.47,3.8,0,0,0,0,0
2/12/2018 11:46,24.44,102.46,3.8,0,0,0,0,0
2/12/2018 12:01,24.49,102.45,3.8,0,0,0,0,0
2/12/2018 12:15,24.54,102.46,3.8,0,0,0,0,0
2/12/2018 12:30,24.56,102.43,3.8,0,0,0,0,0
2/12/2018 12:45,24.6,102.44,3.8,0,0,0,0,0
2/12/2018 12:59,24.64,102.45,3.8,0,0,0,0,0
2/12/2018 13:14,24.71,102.42,3.8,0,0,0,0,0
2/12/2018 13:29,24.74,102.4,3.8,0,0,0,0,0
2/12/2018 13:44,24.78,102.39,3.79,0,0,0,0,0
2/12/2018 14:13,24.9,102.4,3.8,0,0,0,0,0
2/12/2018 14:28,24.96,102.37,3.79,0,0,0,0,0
2/12/2018 14:42,24.99,102.36,3.79,0,0,0,0,0
2/12/2018 14:57,25.04,102.35,3.79,0,0,0,0,0
2/12/2018 15:11,25.1,102.37,3.79,0,0,0,0,0
2/12/2018 15:26,25.13,102.33,3.79,0,0,0,0,0
2/12/2018 15:41,25.16,102.35,3.79,0,0,0,0,0
2/12/2018 15:55,25.19,102.35,3.79,0,0,0,0,0
2/12/2018 16:10,25.22,102.36,3.79,0,0,0,0,0
2/12/2018 16:25,25.23,102.32,3.79,0,0,0,0,0
2/12/2018 16:39,25.24,102.33,3.79,0,0,0,0,0
2/12/2018 16:54,25.26,102.29,3.79,0,0,0,0,0
2/12/2018 17:09,25.25,102.29,3.79,0,0,0,0,0
2/12/2018 17:23,25.23,102.24,3.79,0,0,0,0,0
2/12/2018 17:38,25.23,102.24,3.79,0,0,0,0,0
2/12/2018 17:52,25.21,102.19,3.79,0,0,0,0,0
2/12/2018 18:07,25.18,102.18,3.79,0,0,0,0,0
2/12/2018 18:22,25.15,102.17,3.79,0,0,0,0,0
2/12/2018 18:36,25.1,102.2,3.79,0,0,0,0,0
2/12/2018 18:51,25.06,102.19,3.79,0,0,0,0,0
2/12/2018 19:06,25.01,102.22,3.79,0,0,0,0,0
2/12/2018 19:20,24.96,102.23,3.79,0,0,0,0,0
2/12/2018 19:35,24.91,102.23,3.79,0,0,0,0,0
2/12/2018 19:50,24.86,102.22,3.79,0,0,0,0,0
2/12/2018 20:04,24.8,102.25,3.79,0,0,0,0,0
2/12/2018 20:19,24.76,102.31,3.78,0,0,0,0,0
2/12/2018 20:34,24.7,102.29,3.79,0,0,0,0,0
2/12/2018 20:48,24.64,102.32,3.79,0,0,0,0,0
2/12/2018 21:03,24.56,102.35,3.78,0,0,0,0,0
2/12/2018 21:17,24.5,102.33,3.78,0,0,0,0,0
2/12/2018 21:32,24.44,102.35,3.78,0,0,0,0,0
2/12/2018 21:47,24.38,102.37,3.78,0,0,0,0,0
2/12/2018 22:01,24.32,102.38,3.78,0,0,0,0,0
2/12/2018 22:16,24.25,102.38,3.78,0,0,0,0,0
2/12/2018 22:31,24.19,102.41,3.78,0,0,0,0,0
2/12/2018 22:45,24.13,102.39,3.78,0,0,0,0,0
2/12/2018 23:00,24.07,102.41,3.78,0,0,0,0,0
2/12/2018 23:15,24.01,102.44,3.78,0,0,0,0,0
2/12/2018 23:29,23.94,102.42,3.78,0,0,0,0,0
2/12/2018 23:44,23.88,102.44,3.78,0,0,0,0,0
2/12/2018 23:59,23.83,102.47,3.78,0,0,0,0,0
2/13/2018 0:13,23.76,102.45,3.78,0,0,0,0,0
2/13/2018 0:28,23.69,102.48,3.78,0,0,0,0,0
2/13/2018 0:42,23.63,102.46,3.78,0,0,0,0,0
2/13/2018 0:57,23.57,102.48,3.78,0,0,0,0,0
2/13/2018 1:12,23.5,102.51,3.78,0,0,0,0,0
2/13/2018 1:26,23.44,102.49,3.78,0,0,0,0,0
2/13/2018 1:41,23.39,102.49,3.78,0,0,0,0,0
2/13/2018 1:56,23.32,102.5,3.78,0,0,0,0,0
2/13/2018 2:10,23.28,102.49,3.78,0,0,0,0,0
2/13/2018 2:25,23.22,102.5,3.78,0,0,0,0,0
2/13/2018 2:40,23.16,102.53,3.77,0,0,0,0,0
2/13/2018 2:54,23.09,102.51,3.77,0,0,0,0,0
2/13/2018 3:09,23.03,102.5,3.77,0,0,0,0,0
2/13/2018 3:24,22.98,102.5,3.77,0,0,0,0,0
2/13/2018 3:38,22.93,102.51,3.77,0,0,0,0,0
2/13/2018 3:53,22.88,102.51,3.77,0,0,0,0,0
2/13/2018 4:07,22.82,102.51,3.77,0,0,0,0,0
2/13/2018 4:22,22.78,102.5,3.77,0,0,0,0,0
2/13/2018 4:37,22.7,102.48,3.77,0,0,0,0,0
2/13/2018 4:51,22.66,102.47,3.77,0,0,0,0,0
2/13/2018 5:06,22.61,102.48,3.77,0,0,0,0,0
2/13/2018 5:21,22.55,102.48,3.77,0,0,0,0,0
2/13/2018 5:36,22.5,102.47,3.77,0,0,0,0,0
2/13/2018 5:50,22.45,102.45,3.77,0,0,0,0,0
2/13/2018 6:05,22.4,102.44,3.77,0,0,0,0,0
2/13/2018 6:20,22.36,102.47,3.77,0,0,0,0,0
2/13/2018 6:35,22.32,102.45,3.77,0,0,0,0,0
2/13/2018 6:49,22.3,102.45,3.77,0,0,0,0,0
2/13/2018 7:04,22.29,102.44,3.77,0,0,0,0,0
2/13/2018 7:19,22.28,102.44,3.77,0,0,0,0,0
2/13/2018 7:33,22.29,102.45,3.77,0,0,0,0,0
2/13/2018 7:48,22.31,102.49,3.77,0,0,0,0,0
2/13/2018 8:03,22.34,102.5,3.77,0,0,0,0,0
2/13/2018 8:17,22.39,102.52,3.77,0,0,0,0,0
2/13/2018 8:32,22.46,102.54,3.76,0,0,0,0,0
2/13/2018 8:47,22.53,102.52,3.76,0,0,0,0,0
2/13/2018 9:02,22.64,102.5,3.76,0,0,0,0,0
2/13/2018 9:16,22.76,102.5,3.76,0,0,0,0,0
2/13/2018 9:31,22.88,102.45,3.76,0,0,0,0,0
2/13/2018 9:46,23.04,102.45,3.76,0,0,0,0,0
2/13/2018 10:00,23.22,102.42,3.76,0,0,0,0,0
2/13/2018 10:15,23.4,102.39,3.76,0,0,0,0,0
2/13/2018 10:30,23.6,102.32,3.76,0,0,0,0,0
2/13/2018 10:44,23.82,102.28,3.76,0,0,0,0,0
2/13/2018 10:59,24.06,102.2,3.76,0,0,0,0,0
2/13/2018 11:14,24.28,102.1,3.76,0,0,0,0,0
2/13/2018 11:29,24.52,101.99,3.75,0,0,0,0,0
2/13/2018 11:43,24.77,101.85,3.75,0,0,0,0,0
2/13/2018 11:58,24.99,101.74,3.75,0,0,0,0,0
2/13/2018 12:12,25.23,101.64,3.75,0,0,0,0,0
2/13/2018 12:27,25.47,101.54,3.75,0,0,0,0,0
2/13/2018 12:42,25.69,101.45,3.75,0,0,0,0,0
2/13/2018 12:56,25.9,101.37,3.75,0,0,0,0,0
2/13/2018 13:11,26.08,101.32,3.75,0,0,0,0,0
2/13/2018 13:25,26.24,101.24,3.75,0,0,0,0,0
2/13/2018 13:40,26.41,101.18,3.74,0,0,0,0,0
2/13/2018 13:55,26.58,101.15,3.74,0,0,0,0,0
2/13/2018 14:09,26.71,101.11,3.74,0,0,0,0,0
2/13/2018 14:24,26.83,101.05,3.74,0,0,0,0,0
2/13/2018 14:39,26.92,101.02,3.74,0,0,0,0,0
2/13/2018 14:53,27.01,100.97,3.74,0,0,0,0,0
2/13/2018 15:08,27.07,100.99,3.74,0,0,0,0,0
2/13/2018 15:23,27.11,101,3.74,0,0,0,0,0
2/13/2018 15:37,27.13,101.05,3.73,0,0,0,0,0
2/13/2018 15:52,27.16,101.08,3.73,0,0,0,0,0
2/13/2018 16:07,27.15,101.14,3.73,0,0,0,0,0
2/13/2018 16:21,27.13,101.19,3.73,0,0,0,0,0
2/13/2018 16:36,27.12,101.22,3.73,0,0,0,0,0
2/13/2018 16:51,27.09,101.3,3.73,0,0,0,0,0
2/13/2018 17:05,27.06,101.35,3.72,0,0,0,0,0
2/13/2018 17:20,27.03,101.41,3.72,0,0,0,0,0
2/13/2018 17:35,26.97,101.49,3.72,0,0,0,0,0
2/13/2018 17:49,26.92,101.52,3.72,0,0,0,0,0
2/13/2018 18:04,26.88,101.59,3.72,0,0,0,0,0
2/13/2018 18:18,26.82,101.61,3.72,0,0,0,0,0
2/13/2018 18:33,26.74,101.64,3.72,0,0,0,0,0
2/13/2018 18:48,26.68,101.7,3.72,0,0,0,0,0
2/13/2018 19:02,26.62,101.75,3.71,0,0,0,0,0
2/13/2018 19:17,26.54,101.8,3.71,0,0,0,0,0
2/13/2018 19:32,26.48,101.84,3.71,0,0,0,0,0
2/13/2018 19:46,26.41,101.84,3.71,0,0,0,0,0
2/13/2018 20:01,26.31,101.91,3.71,0,0,0,0,0
2/13/2018 20:16,26.26,101.97,3.71,0,0,0,0,0
2/13/2018 20:30,26.16,101.95,3.71,0,0,0,0,0
2/13/2018 20:45,26.1,101.99,3.71,0,0,0,0,0
2/13/2018 21:00,26.02,102.01,3.7,0,0,0,0,0
2/13/2018 21:14,25.94,102.05,3.7,0,0,0,0,0
2/13/2018 21:29,25.85,102.07,3.7,0,0,0,0,0
2/13/2018 21:43,25.77,102.13,3.7,0,0,0,0,0
2/13/2018 21:58,25.68,102.15,3.69,0,0,0,0,0
2/13/2018 22:13,25.59,102.17,3.69,0,0,0,0,0
2/13/2018 22:27,25.52,102.19,3.69,0,0,0,0,0
2/13/2018 22:42,25.43,102.21,3.69,0,0,0,0,0
2/13/2018 22:57,25.36,102.23,3.69,0,0,0,0,0
2/13/2018 23:11,25.28,102.25,3.69,0,0,0,0,0
2/13/2018 23:26,25.21,102.27,3.69,0,0,0,0,0
2/13/2018 23:41,25.12,102.29,3.69,0,0,0,0,0
2/13/2018 23:55,25.04,102.31,3.69,0,0,0,0,0
2/14/2018 0:10,24.96,102.29,3.68,0,0,0,0,0
2/14/2018 0:25,24.89,102.31,3.68,0,0,0,0,0
2/14/2018 0:39,24.82,102.33,3.68,0,0,0,0,0
2/14/2018 0:54,24.73,102.35,3.68,0,0,0,0,0
2/14/2018 1:09,24.66,102.37,3.68,0,0,0,0,0
2/14/2018 1:23,24.57,102.37,3.68,0,0,0,0,0
2/14/2018 1:38,24.5,102.37,3.68,0,0,0,0,0
2/14/2018 1:52,24.42,102.39,3.68,0,0,0,0,0
2/14/2018 2:07,24.34,102.41,3.68,0,0,0,0,0
2/14/2018 2:22,24.28,102.43,3.67,0,0,0,0,0
2/14/2018 2:36,24.21,102.43,3.67,0,0,0,0,0
2/14/2018 2:51,24.14,102.43,3.67,0,0,0,0,0
2/14/2018 3:06,24.07,102.46,3.67,0,0,0,0,0
2/14/2018 3:20,24.02,102.44,3.67,0,0,0,0,0
2/14/2018 3:35,23.94,102.46,3.67,0,0,0,0,0
2/14/2018 3:50,23.87,102.44,3.67,0,0,0,0,0
2/14/2018 4:04,23.81,102.47,3.66,0,0,0,0,0
2/14/2018 4:19,23.76,102.45,3.66,0,0,0,0,0
2/14/2018 4:34,23.71,102.48,3.66,0,0,0,0,0
2/14/2018 4:48,23.65,102.46,3.66,0,0,0,0,0
2/14/2018 5:03,23.59,102.49,3.66,0,0,0,0,0
2/14/2018 5:18,23.54,102.47,3.66,0,0,0,0,0
2/14/2018 5:32,23.49,102.5,3.66,0,0,0,0,0
2/14/2018 5:47,23.45,102.48,3.66,0,0,0,0,0
2/14/2018 6:02,23.41,102.49,3.66,0,0,0,0,0
2/14/2018 6:17,23.37,102.51,3.66,0,0,0,0,0
2/14/2018 6:31,23.34,102.5,3.65,0,0,0,0,0
2/14/2018 6:46,23.3,102.49,3.65,0,0,0,0,0
2/14/2018 7:01,23.3,102.48,3.65,0,0,0,0,0
2/14/2018 7:15,23.3,102.48,3.65,0,0,0,0,0
2/14/2018 7:30,23.28,102.48,3.65,0,0,0,0,0
2/14/2018 7:45,23.3,102.48,3.65,0,0,0,0,0
2/14/2018 8:00,23.33,102.45,3.65,0,0,0,0,0
2/14/2018 8:14,23.35,102.46,3.65,0,0,0,0,0
2/14/2018 8:29,23.4,102.43,3.64,0,0,0,0,0
2/14/2018 8:44,23.46,102.4,3.64,0,0,0,0,0
2/14/2018 8:58,23.55,102.39,3.64,0,0,0,0,0
2/14/2018 9:13,23.62,102.37,3.64,0,0,0,0,0
2/14/2018 9:28,23.73,102.35,3.64,0,0,0,0,0
2/14/2018 9:43,23.84,102.31,3.64,0,0,0,0,0
2/14/2018 9:57,23.96,102.23,3.63,0,0,0,0,0
2/14/2018 10:12,24.11,102.17,3.63,0,0,0,0,0
2/14/2018 10:27,24.27,102.13,3.63,0,0,0,0,0
2/14/2018 10:41,24.45,102.06,3.63,0,0,0,0,0
2/14/2018 10:56,24.64,101.96,3.63,0,0,0,0,0
2/14/2018 11:11,24.85,101.87,3.63,0,0,0,0,0
2/14/2018 11:25,25.07,101.72,3.63,0,0,0,0,0
2/14/2018 11:40,25.29,101.62,3.63,0,0,0,0,0
2/14/2018 11:55,25.52,101.51,3.62,0,0,0,0,0
2/14/2018 12:10,25.76,101.4,3.62,0,0,0,0,0
2/14/2018 12:24,25.98,101.32,3.62,0,0,0,0,0
2/14/2018 12:39,26.18,101.22,3.62,0,0,0,0,0
2/14/2018 12:53,26.39,101.19,3.62,0,0,0,0,0
2/14/2018 13:08,26.59,101.12,3.62,0,0,0,0,0
2/14/2018 13:23,26.77,101.06,3.62,0,0,0,0,0
2/14/2018 13:37,26.94,100.95,3.62,0,0,0,0,0
2/14/2018 13:52,27.1,100.87,3.61,0,0,0,0,0
2/14/2018 14:07,27.23,100.73,3.61,0,0,0,0,0
2/14/2018 14:21,27.37,100.68,3.61,0,0,0,0,0
2/14/2018 14:36,27.49,100.66,3.61,0,0,0,0,0
2/14/2018 14:51,27.58,100.65,3.61,0,0,0,0,0
2/14/2018 15:05,27.66,100.63,3.61,0,0,0,0,0
2/14/2018 15:20,27.72,100.64,3.61,0,0,0,0,0
2/14/2018 15:35,27.8,100.66,3.61,0,0,0,0,0
2/14/2018 15:49,27.84,100.68,3.6,0,0,0,0,0
2/14/2018 16:04,27.86,100.72,3.6,0,0,0,0,0
2/14/2018 16:19,27.87,100.77,3.6,0,0,0,0,0
2/14/2018 16:33,27.87,100.82,3.6,0,0,0,0,0
2/14/2018 16:48,27.86,100.9,3.6,0,0,0,0,0
2/14/2018 17:03,27.84,100.98,3.6,0,0,0,0,0
2/14/2018 17:17,27.82,101.06,3.6,0,0,0,0,0
2/14/2018 17:32,27.76,101.12,3.6,0,0,0,0,0
2/14/2018 17:46,27.73,101.19,3.59,0,0,0,0,0
2/14/2018 18:01,27.66,101.24,3.59,0,0,0,0,0
2/14/2018 18:16,27.61,101.31,3.59,0,0,0,0,0
2/14/2018 18:30,27.56,101.39,3.59,0,0,0,0,0
2/14/2018 18:45,27.48,101.45,3.59,0,0,0,0,0
2/14/2018 19:00,27.42,101.52,3.58,0,0,0,0,0
2/14/2018 19:14,27.33,101.59,3.58,0,0,0,0,0
2/14/2018 19:29,27.26,101.66,3.58,0,0,0,0,0
2/14/2018 19:44,27.18,101.71,3.58,0,0,0,0,0
2/14/2018 19:58,27.08,101.74,3.58,0,0,0,0,0
2/14/2018 20:13,27.02,101.8,3.58,0,0,0,0,0
2/14/2018 20:27,26.94,101.86,3.58,0,0,0,0,0
2/14/2018 20:42,26.84,101.9,3.58,0,0,0,0,0
2/14/2018 20:57,26.76,101.94,3.57,0,0,0,0,0
2/14/2018 21:11,26.66,101.96,3.58,0,0,0,0,0
2/14/2018 21:26,26.57,101.98,3.57,0,0,0,0,0
2/14/2018 21:41,26.49,102.04,3.57,0,0,0,0,0
2/14/2018 21:55,26.4,102.06,3.57,0,0,0,0,0
2/14/2018 22:10,26.3,102.07,3.57,0,0,0,0,0
2/14/2018 22:25,26.22,102.13,3.57,0,0,0,0,0
2/14/2018 22:39,26.13,102.13,3.57,0,0,0,0,0
2/14/2018 22:54,26.04,102.15,3.57,0,0,0,0,0
2/14/2018 23:09,25.95,102.19,3.57,0,0,0,0,0
2/14/2018 23:23,25.86,102.21,3.56,0,0,0,0,0
2/14/2018 23:38,25.78,102.22,3.56,0,0,0,0,0
2/14/2018 23:52,25.68,102.24,3.56,0,0,0,0,0
2/15/2018 0:07,25.6,102.26,3.56,0,0,0,0,0
2/15/2018 0:22,25.51,102.28,3.56,0,0,0,0,0
2/15/2018 0:36,25.44,102.3,3.56,0,0,0,0,0
2/15/2018 0:51,25.36,102.32,3.56,0,0,0,0,0
2/15/2018 1:06,25.28,102.34,3.56,0,0,0,0,0
2/15/2018 1:20,25.19,102.35,3.55,0,0,0,0,0
2/15/2018 1:35,25.1,102.37,3.55,0,0,0,0,0
2/15/2018 1:50,25.03,102.39,3.54,0,0,0,0,0
2/15/2018 2:04,24.95,102.37,3.54,0,0,0,0,0
2/15/2018 2:19,24.87,102.39,3.54,0,0,0,0,0
2/15/2018 2:34,24.8,102.41,3.53,0,0,0,0,0
2/15/2018 2:48,24.72,102.39,3.52,0,0,0,0,0
2/15/2018 3:03,24.65,102.41,3.52,0,0,0,0,0
2/15/2018 3:18,24.59,102.43,3.51,0,0,0,0,0
2/15/2018 3:32,24.51,102.41,3.5,0,0,0,0,0
2/15/2018 3:47,24.44,102.44,3.5,0,0,0,0,0
2/15/2018 4:02,24.38,102.44,3.49,0,0,0,0,0
2/15/2018 4:16,24.32,102.44,3.48,0,0,0,0,0
2/15/2018 4:31,24.25,102.46,3.48,0,0,0,0,0
2/15/2018 7:00,24.12,102.47,3.46,0,0,0,0,0
2/15/2018 7:15,24.07,102.45,3.45,0,0,0,0,0
2/15/2018 7:30,24.02,102.46,3.45,0,0,0,0,0
2/15/2018 7:44,23.96,102.46,3.44,0,0,0,0,0
2/15/2018 7:59,23.92,102.45,3.43,0,0,0,0,0
2/15/2018 8:14,23.87,102.48,3.42,0,0,0,0,0
2/15/2018 8:28,23.82,102.47,3.41,0,0,0,0,0
2/15/2018 8:43,23.77,102.45,3.4,0,0,0,0,0
2/15/2018 8:58,23.75,102.45,3.39,0,0,0,0,0
2/15/2018 9:13,23.75,102.46,3.37,0,0,0,0,0
2/15/2018 9:27,23.75,102.45,3.36,0,0,0,0,0
2/15/2018 9:42,23.77,102.45,3.36,0,0,0,0,0
2/15/2018 9:57,23.82,102.42,3.34,0,0,0,0,0
2/15/2018 10:12,23.85,102.43,3.33,0,0,0,0,0
2/15/2018 10:26,23.92,102.41,3.32,0,0,0,0,0
2/15/2018 10:41,24,102.39,3.31,0,0,0,0,0
2/15/2018 10:56,24.1,102.34,3.29,0,0,0,0,0
2/15/2018 11:10,24.23,102.33,3.28,0,0,0,0,0
2/15/2018 11:25,24.35,102.28,3.26,0,0,0,0,0
2/15/2018 11:40,24.5,102.2,3.25,0,0,0,0,0
2/15/2018 11:54,24.68,102.12,3.23,0,0,0,0,0
2/15/2018 12:09,24.86,102.05,3.21,0,0,0,0,0
2/15/2018 12:24,25.06,101.93,3.19,0,0,0,0,0
2/15/2018 12:38,25.28,101.83,3.18,0,0,0,0,0
2/15/2018 12:53,25.52,101.72,3.15,0,0,0,0,0
2/15/2018 13:08,25.75,101.57,3.13,0,0,0,0,0
2/15/2018 13:23,26,101.45,3.11,0,0,0,0,0
2/15/2018 13:37,26.28,101.29,3.08,0,0,0,0,0
2/15/2018 13:52,26.54,101.15,3.04,0,0,0,0,0
2/15/2018 14:07,26.81,101,3.01,0,0,0,0,0
2/15/2018 14:21,27.09,100.86,2.99,0,0,0,0,0
2/15/2018 14:36,27.34,100.73,2.95,0,0,0,0,0
2/15/2018 14:51,27.57,100.6,2.91,0,0,0,0,0
2/15/2018 15:06,27.82,100.31,2.89,0,0,0,0,0
2/15/2018 15:36,28.17,99.9,2.82,0,0,0,0,0
2/15/2018 15:50,28.33,99.83,2.78,0,0,0,0,0
2/15/2018 16:05,28.47,99.73,2.73,0,0,0,0,0
2/15/2018 16:20,28.58,99.67,2.67,0,0,0,0,0
2/15/2018 16:34,28.68,99.66,2.64,0,0,0,0,0
2/15/2018 16:49,28.77,99.64,2.61,0,0,0,0,0
2/15/2018 17:04,28.84,99.68,2.57,0,0,0,0,0
2/15/2018 17:19,28.86,99.7,2.54,0,0,0,0,0
2/15/2018 17:34,28.86,99.75,2.49,0,0,0,0,0
2/15/2018 17:49,28.86,99.86,2.45,0,0,0,0,0
2/15/2018 18:03,28.8,99.93,2.42,0,0,0,0,0
2/15/2018 18:18,28.68,99.97,2.37,0,0,0,0,0
2/15/2018 18:33,28.54,100.02,2.33,0,0,0,0,0
